
> exam-management-backend@1.0.0 start:dev
> nest start --watch

[2J[3J[H[[90m11:26:27 AM[0m] Starting compilation in watch mode...

[[90m11:26:43 AM[0m] Found 0 errors. Watching for file changes.

(node:5812) [DEP0190] DeprecationWarning: Passing args to a child process with shell option true can lead to security vulnerabilities, as the arguments are not escaped, only concatenated.
(Use `node --trace-deprecation ...` to show where the warning was created)
[32m[Nest] 16616  - [39m08/06/2026, 11:26:48 AM [32m    LOG[39m [38;5;3m[NestFactory] [39m[32mStarting Nest application...[39m
[32m[Nest] 16616  - [39m08/06/2026, 11:26:48 AM [32m    LOG[39m [38;5;3m[InstanceLoader] [39m[32mAppModule dependencies initialized[39m[38;5;3m +28ms[39m
[32m[Nest] 16616  - [39m08/06/2026, 11:26:48 AM [32m    LOG[39m [38;5;3m[InstanceLoader] [39m[32mPrismaModule dependencies initialized[39m[38;5;3m +26ms[39m
[32m[Nest] 16616  - [39m08/06/2026, 11:26:48 AM [32m    LOG[39m [38;5;3m[InstanceLoader] [39m[32mPassportModule dependencies initialized[39m[38;5;3m +0ms[39m
[32m[Nest] 16616  - [39m08/06/2026, 11:26:48 AM [32m    LOG[39m [38;5;3m[InstanceLoader] [39m[32mSecurityModule dependencies initialized[39m[38;5;3m +27ms[39m
[32m[Nest] 16616  - [39m08/06/2026, 11:26:48 AM [32m    LOG[39m [38;5;3m[InstanceLoader] [39m[32mAuditModule dependencies initialized[39m[38;5;3m +0ms[39m
[32m[Nest] 16616  - [39m08/06/2026, 11:26:48 AM [32m    LOG[39m [38;5;3m[InstanceLoader] [39m[32mConfigHostModule dependencies initialized[39m[38;5;3m +0ms[39m
[32m[Nest] 16616  - [39m08/06/2026, 11:26:48 AM [32m    LOG[39m [38;5;3m[InstanceLoader] [39m[32mJwtModule dependencies initialized[39m[38;5;3m +1ms[39m
[32m[Nest] 16616  - [39m08/06/2026, 11:26:48 AM [32m    LOG[39m [38;5;3m[InstanceLoader] [39m[32mConfigModule dependencies initialized[39m[38;5;3m +3ms[39m
[32m[Nest] 16616  - [39m08/06/2026, 11:26:48 AM [32m    LOG[39m [38;5;3m[InstanceLoader] [39m[32mUsersModule dependencies initialized[39m[38;5;3m +5ms[39m
[32m[Nest] 16616  - [39m08/06/2026, 11:26:48 AM [32m    LOG[39m [38;5;3m[InstanceLoader] [39m[32mDepartmentsModule dependencies initialized[39m[38;5;3m +0ms[39m
[32m[Nest] 16616  - [39m08/06/2026, 11:26:48 AM [32m    LOG[39m [38;5;3m[InstanceLoader] [39m[32mClassesModule dependencies initialized[39m[38;5;3m +0ms[39m
[32m[Nest] 16616  - [39m08/06/2026, 11:26:48 AM [32m    LOG[39m [38;5;3m[InstanceLoader] [39m[32mStudentsModule dependencies initialized[39m[38;5;3m +0ms[39m
[32m[Nest] 16616  - [39m08/06/2026, 11:26:48 AM [32m    LOG[39m [38;5;3m[InstanceLoader] [39m[32mSubjectsModule dependencies initialized[39m[38;5;3m +0ms[39m
[32m[Nest] 16616  - [39m08/06/2026, 11:26:48 AM [32m    LOG[39m [38;5;3m[InstanceLoader] [39m[32mDashboardModule dependencies initialized[39m[38;5;3m +0ms[39m
[32m[Nest] 16616  - [39m08/06/2026, 11:26:48 AM [32m    LOG[39m [38;5;3m[InstanceLoader] [39m[32mContactModule dependencies initialized[39m[38;5;3m +0ms[39m
[32m[Nest] 16616  - [39m08/06/2026, 11:26:48 AM [32m    LOG[39m [38;5;3m[InstanceLoader] [39m[32mProctorModule dependencies initialized[39m[38;5;3m +1ms[39m
[32m[Nest] 16616  - [39m08/06/2026, 11:26:48 AM [32m    LOG[39m [38;5;3m[InstanceLoader] [39m[32mTeachersModule dependencies initialized[39m[38;5;3m +0ms[39m
[32m[Nest] 16616  - [39m08/06/2026, 11:26:48 AM [32m    LOG[39m [38;5;3m[InstanceLoader] [39m[32mExamRoomsModule dependencies initialized[39m[38;5;3m +0ms[39m
[32m[Nest] 16616  - [39m08/06/2026, 11:26:48 AM [32m    LOG[39m [38;5;3m[InstanceLoader] [39m[32mExamPeriodsModule dependencies initialized[39m[38;5;3m +0ms[39m
[32m[Nest] 16616  - [39m08/06/2026, 11:26:48 AM [32m    LOG[39m [38;5;3m[InstanceLoader] [39m[32mExamSchedulesModule dependencies initialized[39m[38;5;3m +0ms[39m
[32m[Nest] 16616  - [39m08/06/2026, 11:26:48 AM [32m    LOG[39m [38;5;3m[InstanceLoader] [39m[32mExamArrangementModule dependencies initialized[39m[38;5;3m +0ms[39m
[32m[Nest] 16616  - [39m08/06/2026, 11:26:48 AM [32m    LOG[39m [38;5;3m[InstanceLoader] [39m[32mExamSupervisorsModule dependencies initialized[39m[38;5;3m +0ms[39m
[32m[Nest] 16616  - [39m08/06/2026, 11:26:48 AM [32m    LOG[39m [38;5;3m[InstanceLoader] [39m[32mQuestionsModule dependencies initialized[39m[38;5;3m +0ms[39m
[32m[Nest] 16616  - [39m08/06/2026, 11:26:48 AM [32m    LOG[39m [38;5;3m[InstanceLoader] [39m[32mExamPapersModule dependencies initialized[39m[38;5;3m +0ms[39m
[32m[Nest] 16616  - [39m08/06/2026, 11:26:48 AM [32m    LOG[39m [38;5;3m[InstanceLoader] [39m[32mEssayModule dependencies initialized[39m[38;5;3m +0ms[39m
[32m[Nest] 16616  - [39m08/06/2026, 11:26:48 AM [32m    LOG[39m [38;5;3m[InstanceLoader] [39m[32mOnlineExamsModule dependencies initialized[39m[38;5;3m +0ms[39m
[32m[Nest] 16616  - [39m08/06/2026, 11:26:48 AM [32m    LOG[39m [38;5;3m[InstanceLoader] [39m[32mAuthModule dependencies initialized[39m[38;5;3m +0ms[39m
[32m[Nest] 16616  - [39m08/06/2026, 11:26:48 AM [32m    LOG[39m [38;5;3m[RoutesResolver] [39m[32mAuthController {/auth}:[39m[38;5;3m +7ms[39m
[32m[Nest] 16616  - [39m08/06/2026, 11:26:48 AM [32m    LOG[39m [38;5;3m[RouterExplorer] [39m[32mMapped {/auth/login, POST} route[39m[38;5;3m +3ms[39m
[32m[Nest] 16616  - [39m08/06/2026, 11:26:48 AM [32m    LOG[39m [38;5;3m[RouterExplorer] [39m[32mMapped {/auth/profile, GET} route[39m[38;5;3m +1ms[39m
[32m[Nest] 16616  - [39m08/06/2026, 11:26:48 AM [32m    LOG[39m [38;5;3m[RouterExplorer] [39m[32mMapped {/auth/change-password, POST} route[39m[38;5;3m +0ms[39m
[32m[Nest] 16616  - [39m08/06/2026, 11:26:48 AM [32m    LOG[39m [38;5;3m[RouterExplorer] [39m[32mMapped {/auth/profile, POST} route[39m[38;5;3m +0ms[39m
[32m[Nest] 16616  - [39m08/06/2026, 11:26:48 AM [32m    LOG[39m [38;5;3m[RoutesResolver] [39m[32mUsersController {/users}:[39m[38;5;3m +1ms[39m
[32m[Nest] 16616  - [39m08/06/2026, 11:26:48 AM [32m    LOG[39m [38;5;3m[RouterExplorer] [39m[32mMapped {/users/dashboard-stats, GET} route[39m[38;5;3m +0ms[39m
[32m[Nest] 16616  - [39m08/06/2026, 11:26:48 AM [32m    LOG[39m [38;5;3m[RouterExplorer] [39m[32mMapped {/users, GET} route[39m[38;5;3m +0ms[39m
[32m[Nest] 16616  - [39m08/06/2026, 11:26:48 AM [32m    LOG[39m [38;5;3m[RouterExplorer] [39m[32mMapped {/users/:id, GET} route[39m[38;5;3m +1ms[39m
[32m[Nest] 16616  - [39m08/06/2026, 11:26:48 AM [32m    LOG[39m [38;5;3m[RoutesResolver] [39m[32mDepartmentsController {/departments}:[39m[38;5;3m +0ms[39m
[32m[Nest] 16616  - [39m08/06/2026, 11:26:48 AM [32m    LOG[39m [38;5;3m[RouterExplorer] [39m[32mMapped {/departments, GET} route[39m[38;5;3m +0ms[39m
[32m[Nest] 16616  - [39m08/06/2026, 11:26:48 AM [32m    LOG[39m [38;5;3m[RouterExplorer] [39m[32mMapped {/departments/:id/curriculum, GET} route[39m[38;5;3m +0ms[39m
[32m[Nest] 16616  - [39m08/06/2026, 11:26:48 AM [32m    LOG[39m [38;5;3m[RouterExplorer] [39m[32mMapped {/departments/:id, GET} route[39m[38;5;3m +1ms[39m
[32m[Nest] 16616  - [39m08/06/2026, 11:26:48 AM [32m    LOG[39m [38;5;3m[RouterExplorer] [39m[32mMapped {/departments, POST} route[39m[38;5;3m +0ms[39m
[32m[Nest] 16616  - [39m08/06/2026, 11:26:48 AM [32m    LOG[39m [38;5;3m[RouterExplorer] [39m[32mMapped {/departments/:id/curriculum, POST} route[39m[38;5;3m +0ms[39m
[32m[Nest] 16616  - [39m08/06/2026, 11:26:48 AM [32m    LOG[39m [38;5;3m[RouterExplorer] [39m[32mMapped {/departments/:id, PATCH} route[39m[38;5;3m +0ms[39m
[32m[Nest] 16616  - [39m08/06/2026, 11:26:48 AM [32m    LOG[39m [38;5;3m[RouterExplorer] [39m[32mMapped {/departments/:id/curriculum/:subjectId, DELETE} route[39m[38;5;3m +1ms[39m
[32m[Nest] 16616  - [39m08/06/2026, 11:26:48 AM [32m    LOG[39m [38;5;3m[RouterExplorer] [39m[32mMapped {/departments/:id, DELETE} route[39m[38;5;3m +0ms[39m
[32m[Nest] 16616  - [39m08/06/2026, 11:26:48 AM [32m    LOG[39m [38;5;3m[RoutesResolver] [39m[32mClassesController {/classes}:[39m[38;5;3m +0ms[39m
[32m[Nest] 16616  - [39m08/06/2026, 11:26:48 AM [32m    LOG[39m [38;5;3m[RouterExplorer] [39m[32mMapped {/classes, GET} route[39m[38;5;3m +0ms[39m
[32m[Nest] 16616  - [39m08/06/2026, 11:26:48 AM [32m    LOG[39m [38;5;3m[RouterExplorer] [39m[32mMapped {/classes/:id, GET} route[39m[38;5;3m +0ms[39m
[32m[Nest] 16616  - [39m08/06/2026, 11:26:48 AM [32m    LOG[39m [38;5;3m[RouterExplorer] [39m[32mMapped {/classes, POST} route[39m[38;5;3m +0ms[39m
[32m[Nest] 16616  - [39m08/06/2026, 11:26:48 AM [32m    LOG[39m [38;5;3m[RouterExplorer] [39m[32mMapped {/classes/:id, PATCH} route[39m[38;5;3m +1ms[39m
[32m[Nest] 16616  - [39m08/06/2026, 11:26:48 AM [32m    LOG[39m [38;5;3m[RouterExplorer] [39m[32mMapped {/classes/:id, DELETE} route[39m[38;5;3m +0ms[39m
[32m[Nest] 16616  - [39m08/06/2026, 11:26:48 AM [32m    LOG[39m [38;5;3m[RoutesResolver] [39m[32mStudentsController {/students}:[39m[38;5;3m +0ms[39m
[32m[Nest] 16616  - [39m08/06/2026, 11:26:48 AM [32m    LOG[39m [38;5;3m[RouterExplorer] [39m[32mMapped {/students/my-schedule, GET} route[39m[38;5;3m +0ms[39m
[32m[Nest] 16616  - [39m08/06/2026, 11:26:48 AM [32m    LOG[39m [38;5;3m[RouterExplorer] [39m[32mMapped {/students/my-curriculum, GET} route[39m[38;5;3m +0ms[39m
[32m[Nest] 16616  - [39m08/06/2026, 11:26:48 AM [32m    LOG[39m [38;5;3m[RouterExplorer] [39m[32mMapped {/students, GET} route[39m[38;5;3m +0ms[39m
[32m[Nest] 16616  - [39m08/06/2026, 11:26:48 AM [32m    LOG[39m [38;5;3m[RouterExplorer] [39m[32mMapped {/students/:id, GET} route[39m[38;5;3m +0ms[39m
[32m[Nest] 16616  - [39m08/06/2026, 11:26:48 AM [32m    LOG[39m [38;5;3m[RouterExplorer] [39m[32mMapped {/students, POST} route[39m[38;5;3m +0ms[39m
[32m[Nest] 16616  - [39m08/06/2026, 11:26:48 AM [32m    LOG[39m [38;5;3m[RouterExplorer] [39m[32mMapped {/students/:id, PATCH} route[39m[38;5;3m +1ms[39m
[32m[Nest] 16616  - [39m08/06/2026, 11:26:48 AM [32m    LOG[39m [38;5;3m[RouterExplorer] [39m[32mMapped {/students/:id, DELETE} route[39m[38;5;3m +0ms[39m
[32m[Nest] 16616  - [39m08/06/2026, 11:26:48 AM [32m    LOG[39m [38;5;3m[RoutesResolver] [39m[32mTeachersController {/teachers}:[39m[38;5;3m +0ms[39m
[32m[Nest] 16616  - [39m08/06/2026, 11:26:48 AM [32m    LOG[39m [38;5;3m[RouterExplorer] [39m[32mMapped {/teachers/my-assignments, GET} route[39m[38;5;3m +0ms[39m
[32m[Nest] 16616  - [39m08/06/2026, 11:26:48 AM [32m    LOG[39m [38;5;3m[RouterExplorer] [39m[32mMapped {/teachers/my-assignments/:id/status, PATCH} route[39m[38;5;3m +0ms[39m
[32m[Nest] 16616  - [39m08/06/2026, 11:26:48 AM [32m    LOG[39m [38;5;3m[RouterExplorer] [39m[32mMapped {/teachers/my-assignments/:id/attendance-sheet, GET} route[39m[38;5;3m +0ms[39m
[32m[Nest] 16616  - [39m08/06/2026, 11:26:48 AM [32m    LOG[39m [38;5;3m[RouterExplorer] [39m[32mMapped {/teachers, GET} route[39m[38;5;3m +0ms[39m
[32m[Nest] 16616  - [39m08/06/2026, 11:26:48 AM [32m    LOG[39m [38;5;3m[RouterExplorer] [39m[32mMapped {/teachers/:id/lock, POST} route[39m[38;5;3m +1ms[39m
[32m[Nest] 16616  - [39m08/06/2026, 11:26:48 AM [32m    LOG[39m [38;5;3m[RouterExplorer] [39m[32mMapped {/teachers/:id/unlock, POST} route[39m[38;5;3m +0ms[39m
[32m[Nest] 16616  - [39m08/06/2026, 11:26:48 AM [32m    LOG[39m [38;5;3m[RouterExplorer] [39m[32mMapped {/teachers/:id, GET} route[39m[38;5;3m +0ms[39m
[32m[Nest] 16616  - [39m08/06/2026, 11:26:48 AM [32m    LOG[39m [38;5;3m[RouterExplorer] [39m[32mMapped {/teachers, POST} route[39m[38;5;3m +0ms[39m
[32m[Nest] 16616  - [39m08/06/2026, 11:26:48 AM [32m    LOG[39m [38;5;3m[RouterExplorer] [39m[32mMapped {/teachers/:id, PATCH} route[39m[38;5;3m +0ms[39m
[32m[Nest] 16616  - [39m08/06/2026, 11:26:48 AM [32m    LOG[39m [38;5;3m[RouterExplorer] [39m[32mMapped {/teachers/:id, DELETE} route[39m[38;5;3m +0ms[39m
[32m[Nest] 16616  - [39m08/06/2026, 11:26:48 AM [32m    LOG[39m [38;5;3m[RoutesResolver] [39m[32mSubjectsController {/subjects}:[39m[38;5;3m +0ms[39m
[32m[Nest] 16616  - [39m08/06/2026, 11:26:48 AM [32m    LOG[39m [38;5;3m[RouterExplorer] [39m[32mMapped {/subjects, GET} route[39m[38;5;3m +0ms[39m
[32m[Nest] 16616  - [39m08/06/2026, 11:26:48 AM [32m    LOG[39m [38;5;3m[RouterExplorer] [39m[32mMapped {/subjects/:id, GET} route[39m[38;5;3m +1ms[39m
[32m[Nest] 16616  - [39m08/06/2026, 11:26:48 AM [32m    LOG[39m [38;5;3m[RouterExplorer] [39m[32mMapped {/subjects/:id/chapters, GET} route[39m[38;5;3m +0ms[39m
[32m[Nest] 16616  - [39m08/06/2026, 11:26:48 AM [32m    LOG[39m [38;5;3m[RouterExplorer] [39m[32mMapped {/subjects/:id/enrollments, GET} route[39m[38;5;3m +0ms[39m
[32m[Nest] 16616  - [39m08/06/2026, 11:26:48 AM [32m    LOG[39m [38;5;3m[RouterExplorer] [39m[32mMapped {/subjects/:id/enroll-students, POST} route[39m[38;5;3m +0ms[39m
[32m[Nest] 16616  - [39m08/06/2026, 11:26:48 AM [32m    LOG[39m [38;5;3m[RouterExplorer] [39m[32mMapped {/subjects, POST} route[39m[38;5;3m +0ms[39m
[32m[Nest] 16616  - [39m08/06/2026, 11:26:48 AM [32m    LOG[39m [38;5;3m[RouterExplorer] [39m[32mMapped {/subjects/:id, PATCH} route[39m[38;5;3m +0ms[39m
[32m[Nest] 16616  - [39m08/06/2026, 11:26:48 AM [32m    LOG[39m [38;5;3m[RouterExplorer] [39m[32mMapped {/subjects/:id, DELETE} route[39m[38;5;3m +0ms[39m
[32m[Nest] 16616  - [39m08/06/2026, 11:26:48 AM [32m    LOG[39m [38;5;3m[RoutesResolver] [39m[32mExamRoomsController {/exam-rooms}:[39m[38;5;3m +0ms[39m
[32m[Nest] 16616  - [39m08/06/2026, 11:26:48 AM [32m    LOG[39m [38;5;3m[RouterExplorer] [39m[32mMapped {/exam-rooms, GET} route[39m[38;5;3m +1ms[39m
[32m[Nest] 16616  - [39m08/06/2026, 11:26:48 AM [32m    LOG[39m [38;5;3m[RouterExplorer] [39m[32mMapped {/exam-rooms/:id, GET} route[39m[38;5;3m +0ms[39m
[32m[Nest] 16616  - [39m08/06/2026, 11:26:48 AM [32m    LOG[39m [38;5;3m[RouterExplorer] [39m[32mMapped {/exam-rooms/:id/lock, POST} route[39m[38;5;3m +0ms[39m
[32m[Nest] 16616  - [39m08/06/2026, 11:26:48 AM [32m    LOG[39m [38;5;3m[RouterExplorer] [39m[32mMapped {/exam-rooms/:id/unlock, POST} route[39m[38;5;3m +0ms[39m
[32m[Nest] 16616  - [39m08/06/2026, 11:26:48 AM [32m    LOG[39m [38;5;3m[RouterExplorer] [39m[32mMapped {/exam-rooms, POST} route[39m[38;5;3m +0ms[39m
[32m[Nest] 16616  - [39m08/06/2026, 11:26:48 AM [32m    LOG[39m [38;5;3m[RouterExplorer] [39m[32mMapped {/exam-rooms/:id, PATCH} route[39m[38;5;3m +0ms[39m
[32m[Nest] 16616  - [39m08/06/2026, 11:26:48 AM [32m    LOG[39m [38;5;3m[RouterExplorer] [39m[32mMapped {/exam-rooms/:id, DELETE} route[39m[38;5;3m +0ms[39m
[32m[Nest] 16616  - [39m08/06/2026, 11:26:48 AM [32m    LOG[39m [38;5;3m[RoutesResolver] [39m[32mExamPeriodsController {/exam-periods}:[39m[38;5;3m +1ms[39m
[32m[Nest] 16616  - [39m08/06/2026, 11:26:48 AM [32m    LOG[39m [38;5;3m[RouterExplorer] [39m[32mMapped {/exam-periods, GET} route[39m[38;5;3m +0ms[39m
[32m[Nest] 16616  - [39m08/06/2026, 11:26:48 AM [32m    LOG[39m [38;5;3m[RouterExplorer] [39m[32mMapped {/exam-periods/:id, GET} route[39m[38;5;3m +0ms[39m
[32m[Nest] 16616  - [39m08/06/2026, 11:26:48 AM [32m    LOG[39m [38;5;3m[RouterExplorer] [39m[32mMapped {/exam-periods, POST} route[39m[38;5;3m +0ms[39m
[32m[Nest] 16616  - [39m08/06/2026, 11:26:48 AM [32m    LOG[39m [38;5;3m[RouterExplorer] [39m[32mMapped {/exam-periods/:id, PATCH} route[39m[38;5;3m +0ms[39m
[32m[Nest] 16616  - [39m08/06/2026, 11:26:48 AM [32m    LOG[39m [38;5;3m[RouterExplorer] [39m[32mMapped {/exam-periods/:id, DELETE} route[39m[38;5;3m +0ms[39m
[32m[Nest] 16616  - [39m08/06/2026, 11:26:48 AM [32m    LOG[39m [38;5;3m[RouterExplorer] [39m[32mMapped {/exam-periods/:id/lock, POST} route[39m[38;5;3m +0ms[39m
[32m[Nest] 16616  - [39m08/06/2026, 11:26:48 AM [32m    LOG[39m [38;5;3m[RouterExplorer] [39m[32mMapped {/exam-periods/:id/unlock, POST} route[39m[38;5;3m +0ms[39m
[32m[Nest] 16616  - [39m08/06/2026, 11:26:48 AM [32m    LOG[39m [38;5;3m[RoutesResolver] [39m[32mExamSchedulesController {/exam-schedules}:[39m[38;5;3m +1ms[39m
[32m[Nest] 16616  - [39m08/06/2026, 11:26:48 AM [32m    LOG[39m [38;5;3m[RouterExplorer] [39m[32mMapped {/exam-schedules, GET} route[39m[38;5;3m +0ms[39m
[32m[Nest] 16616  - [39m08/06/2026, 11:26:48 AM [32m    LOG[39m [38;5;3m[RouterExplorer] [39m[32mMapped {/exam-schedules/conflicts, GET} route[39m[38;5;3m +0ms[39m
[32m[Nest] 16616  - [39m08/06/2026, 11:26:48 AM [32m    LOG[39m [38;5;3m[RouterExplorer] [39m[32mMapped {/exam-schedules/trash, GET} route[39m[38;5;3m +0ms[39m
[32m[Nest] 16616  - [39m08/06/2026, 11:26:48 AM [32m    LOG[39m [38;5;3m[RouterExplorer] [39m[32mMapped {/exam-schedules/auto-preview, POST} route[39m[38;5;3m +0ms[39m
[32m[Nest] 16616  - [39m08/06/2026, 11:26:48 AM [32m    LOG[39m [38;5;3m[RouterExplorer] [39m[32mMapped {/exam-schedules/auto-apply, POST} route[39m[38;5;3m +0ms[39m
[32m[Nest] 16616  - [39m08/06/2026, 11:26:48 AM [32m    LOG[39m [38;5;3m[RouterExplorer] [39m[32mMapped {/exam-schedules/:id/lock, POST} route[39m[38;5;3m +0ms[39m
[32m[Nest] 16616  - [39m08/06/2026, 11:26:48 AM [32m    LOG[39m [38;5;3m[RouterExplorer] [39m[32mMapped {/exam-schedules/:id/unlock, POST} route[39m[38;5;3m +0ms[39m
[32m[Nest] 16616  - [39m08/06/2026, 11:26:48 AM [32m    LOG[39m [38;5;3m[RouterExplorer] [39m[32mMapped {/exam-schedules/:id, GET} route[39m[38;5;3m +1ms[39m
[32m[Nest] 16616  - [39m08/06/2026, 11:26:48 AM [32m    LOG[39m [38;5;3m[RouterExplorer] [39m[32mMapped {/exam-schedules, POST} route[39m[38;5;3m +0ms[39m
[32m[Nest] 16616  - [39m08/06/2026, 11:26:48 AM [32m    LOG[39m [38;5;3m[RouterExplorer] [39m[32mMapped {/exam-schedules/:id, PATCH} route[39m[38;5;3m +0ms[39m
[32m[Nest] 16616  - [39m08/06/2026, 11:26:48 AM [32m    LOG[39m [38;5;3m[RouterExplorer] [39m[32mMapped {/exam-schedules/:id, DELETE} route[39m[38;5;3m +0ms[39m
[32m[Nest] 16616  - [39m08/06/2026, 11:26:48 AM [32m    LOG[39m [38;5;3m[RouterExplorer] [39m[32mMapped {/exam-schedules/:id/reopen-entry, POST} route[39m[38;5;3m +0ms[39m
[32m[Nest] 16616  - [39m08/06/2026, 11:26:48 AM [32m    LOG[39m [38;5;3m[RouterExplorer] [39m[32mMapped {/exam-schedules/:id/restore, POST} route[39m[38;5;3m +0ms[39m
[32m[Nest] 16616  - [39m08/06/2026, 11:26:48 AM [32m    LOG[39m [38;5;3m[RoutesResolver] [39m[32mExamArrangementController {/exam-arrangement}:[39m[38;5;3m +0ms[39m
[32m[Nest] 16616  - [39m08/06/2026, 11:26:48 AM [32m    LOG[39m [38;5;3m[RouterExplorer] [39m[32mMapped {/exam-arrangement/auto-arrange, POST} route[39m[38;5;3m +0ms[39m
[32m[Nest] 16616  - [39m08/06/2026, 11:26:48 AM [32m    LOG[39m [38;5;3m[RouterExplorer] [39m[32mMapped {/exam-arrangement/preview, POST} route[39m[38;5;3m +1ms[39m
[32m[Nest] 16616  - [39m08/06/2026, 11:26:48 AM [32m    LOG[39m [38;5;3m[RouterExplorer] [39m[32mMapped {/exam-arrangement/result, GET} route[39m[38;5;3m +0ms[39m
[32m[Nest] 16616  - [39m08/06/2026, 11:26:48 AM [32m    LOG[39m [38;5;3m[RouterExplorer] [39m[32mMapped {/exam-arrangement/room-availability, GET} route[39m[38;5;3m +0ms[39m
[32m[Nest] 16616  - [39m08/06/2026, 11:26:48 AM [32m    LOG[39m [38;5;3m[RouterExplorer] [39m[32mMapped {/exam-arrangement/reset/:examScheduleId, DELETE} route[39m[38;5;3m +0ms[39m
[32m[Nest] 16616  - [39m08/06/2026, 11:26:48 AM [32m    LOG[39m [38;5;3m[RouterExplorer] [39m[32mMapped {/exam-arrangement/history, GET} route[39m[38;5;3m +0ms[39m
[32m[Nest] 16616  - [39m08/06/2026, 11:26:48 AM [32m    LOG[39m [38;5;3m[RoutesResolver] [39m[32mExamSupervisorsController {/exam-supervisors}:[39m[38;5;3m +0ms[39m
[32m[Nest] 16616  - [39m08/06/2026, 11:26:48 AM [32m    LOG[39m [38;5;3m[RouterExplorer] [39m[32mMapped {/exam-supervisors/assign, POST} route[39m[38;5;3m +0ms[39m
[32m[Nest] 16616  - [39m08/06/2026, 11:26:48 AM [32m    LOG[39m [38;5;3m[RouterExplorer] [39m[32mMapped {/exam-supervisors/auto-preview, POST} route[39m[38;5;3m +0ms[39m
[32m[Nest] 16616  - [39m08/06/2026, 11:26:48 AM [32m    LOG[39m [38;5;3m[RouterExplorer] [39m[32mMapped {/exam-supervisors/auto-assign, POST} route[39m[38;5;3m +1ms[39m
[32m[Nest] 16616  - [39m08/06/2026, 11:26:48 AM [32m    LOG[39m [38;5;3m[RouterExplorer] [39m[32mMapped {/exam-supervisors, GET} route[39m[38;5;3m +0ms[39m
[32m[Nest] 16616  - [39m08/06/2026, 11:26:48 AM [32m    LOG[39m [38;5;3m[RouterExplorer] [39m[32mMapped {/exam-supervisors/:id/status, PATCH} route[39m[38;5;3m +0ms[39m
[32m[Nest] 16616  - [39m08/06/2026, 11:26:48 AM [32m    LOG[39m [38;5;3m[RouterExplorer] [39m[32mMapped {/exam-supervisors/:id, DELETE} route[39m[38;5;3m +0ms[39m
[32m[Nest] 16616  - [39m08/06/2026, 11:26:48 AM [32m    LOG[39m [38;5;3m[RoutesResolver] [39m[32mQuestionsController {/questions}:[39m[38;5;3m +0ms[39m
[32m[Nest] 16616  - [39m08/06/2026, 11:26:48 AM [32m    LOG[39m [38;5;3m[RouterExplorer] [39m[32mMapped {/questions, GET} route[39m[38;5;3m +0ms[39m
[32m[Nest] 16616  - [39m08/06/2026, 11:26:48 AM [32m    LOG[39m [38;5;3m[RouterExplorer] [39m[32mMapped {/questions/statistics, GET} route[39m[38;5;3m +0ms[39m
[32m[Nest] 16616  - [39m08/06/2026, 11:26:48 AM [32m    LOG[39m [38;5;3m[RouterExplorer] [39m[32mMapped {/questions/filter-options, GET} route[39m[38;5;3m +1ms[39m
[32m[Nest] 16616  - [39m08/06/2026, 11:26:48 AM [32m    LOG[39m [38;5;3m[RouterExplorer] [39m[32mMapped {/questions/import/template, GET} route[39m[38;5;3m +0ms[39m
[32m[Nest] 16616  - [39m08/06/2026, 11:26:48 AM [32m    LOG[39m [38;5;3m[RouterExplorer] [39m[32mMapped {/questions/media/preview, POST} route[39m[38;5;3m +0ms[39m
[32m[Nest] 16616  - [39m08/06/2026, 11:26:48 AM [32m    LOG[39m [38;5;3m[RouterExplorer] [39m[32mMapped {/questions/media/upload, POST} route[39m[38;5;3m +0ms[39m
[32m[Nest] 16616  - [39m08/06/2026, 11:26:48 AM [32m    LOG[39m [38;5;3m[RouterExplorer] [39m[32mMapped {/questions/media/:id, DELETE} route[39m[38;5;3m +0ms[39m
[32m[Nest] 16616  - [39m08/06/2026, 11:26:48 AM [32m    LOG[39m [38;5;3m[RouterExplorer] [39m[32mMapped {/questions/export, POST} route[39m[38;5;3m +0ms[39m
[32m[Nest] 16616  - [39m08/06/2026, 11:26:48 AM [32m    LOG[39m [38;5;3m[RouterExplorer] [39m[32mMapped {/questions/bulk-action, POST} route[39m[38;5;3m +0ms[39m
[32m[Nest] 16616  - [39m08/06/2026, 11:26:48 AM [32m    LOG[39m [38;5;3m[RouterExplorer] [39m[32mMapped {/questions/import/preview, POST} route[39m[38;5;3m +1ms[39m
[32m[Nest] 16616  - [39m08/06/2026, 11:26:48 AM [32m    LOG[39m [38;5;3m[RouterExplorer] [39m[32mMapped {/questions/import/confirm, POST} route[39m[38;5;3m +0ms[39m
[32m[Nest] 16616  - [39m08/06/2026, 11:26:48 AM [32m    LOG[39m [38;5;3m[RouterExplorer] [39m[32mMapped {/questions/ai-generate, POST} route[39m[38;5;3m +0ms[39m
[32m[Nest] 16616  - [39m08/06/2026, 11:26:48 AM [32m    LOG[39m [38;5;3m[RouterExplorer] [39m[32mMapped {/questions/ai-save, POST} route[39m[38;5;3m +0ms[39m
[32m[Nest] 16616  - [39m08/06/2026, 11:26:48 AM [32m    LOG[39m [38;5;3m[RouterExplorer] [39m[32mMapped {/questions/ai-extract-text, POST} route[39m[38;5;3m +0ms[39m
[32m[Nest] 16616  - [39m08/06/2026, 11:26:48 AM [32m    LOG[39m [38;5;3m[RouterExplorer] [39m[32mMapped {/questions, POST} route[39m[38;5;3m +0ms[39m
[32m[Nest] 16616  - [39m08/06/2026, 11:26:48 AM [32m    LOG[39m [38;5;3m[RouterExplorer] [39m[32mMapped {/questions/:id, GET} route[39m[38;5;3m +0ms[39m
[32m[Nest] 16616  - [39m08/06/2026, 11:26:48 AM [32m    LOG[39m [38;5;3m[RouterExplorer] [39m[32mMapped {/questions/:id, PATCH} route[39m[38;5;3m +1ms[39m
[32m[Nest] 16616  - [39m08/06/2026, 11:26:48 AM [32m    LOG[39m [38;5;3m[RouterExplorer] [39m[32mMapped {/questions/:id/duplicate, POST} route[39m[38;5;3m +0ms[39m
[32m[Nest] 16616  - [39m08/06/2026, 11:26:48 AM [32m    LOG[39m [38;5;3m[RouterExplorer] [39m[32mMapped {/questions/:id/submit, POST} route[39m[38;5;3m +0ms[39m
[32m[Nest] 16616  - [39m08/06/2026, 11:26:48 AM [32m    LOG[39m [38;5;3m[RouterExplorer] [39m[32mMapped {/questions/:id/approve, POST} route[39m[38;5;3m +0ms[39m
[32m[Nest] 16616  - [39m08/06/2026, 11:26:48 AM [32m    LOG[39m [38;5;3m[RouterExplorer] [39m[32mMapped {/questions/:id/reject, POST} route[39m[38;5;3m +0ms[39m
[32m[Nest] 16616  - [39m08/06/2026, 11:26:48 AM [32m    LOG[39m [38;5;3m[RouterExplorer] [39m[32mMapped {/questions/:id/archive, POST} route[39m[38;5;3m +0ms[39m
[32m[Nest] 16616  - [39m08/06/2026, 11:26:48 AM [32m    LOG[39m [38;5;3m[RouterExplorer] [39m[32mMapped {/questions/:id/restore, POST} route[39m[38;5;3m +0ms[39m
[32m[Nest] 16616  - [39m08/06/2026, 11:26:48 AM [32m    LOG[39m [38;5;3m[RouterExplorer] [39m[32mMapped {/questions/:id, DELETE} route[39m[38;5;3m +0ms[39m
[32m[Nest] 16616  - [39m08/06/2026, 11:26:48 AM [32m    LOG[39m [38;5;3m[RoutesResolver] [39m[32mExamPapersController {/exam-papers}:[39m[38;5;3m +0ms[39m
[32m[Nest] 16616  - [39m08/06/2026, 11:26:48 AM [32m    LOG[39m [38;5;3m[RouterExplorer] [39m[32mMapped {/exam-papers/create-random, POST} route[39m[38;5;3m +0ms[39m
[32m[Nest] 16616  - [39m08/06/2026, 11:26:48 AM [32m    LOG[39m [38;5;3m[RouterExplorer] [39m[32mMapped {/exam-papers/preview-random, POST} route[39m[38;5;3m +1ms[39m
[32m[Nest] 16616  - [39m08/06/2026, 11:26:48 AM [32m    LOG[39m [38;5;3m[RouterExplorer] [39m[32mMapped {/exam-papers, GET} route[39m[38;5;3m +0ms[39m
[32m[Nest] 16616  - [39m08/06/2026, 11:26:48 AM [32m    LOG[39m [38;5;3m[RouterExplorer] [39m[32mMapped {/exam-papers/:id, GET} route[39m[38;5;3m +0ms[39m
[32m[Nest] 16616  - [39m08/06/2026, 11:26:48 AM [32m    LOG[39m [38;5;3m[RouterExplorer] [39m[32mMapped {/exam-papers/:id/publish, POST} route[39m[38;5;3m +0ms[39m
[32m[Nest] 16616  - [39m08/06/2026, 11:26:48 AM [32m    LOG[39m [38;5;3m[RouterExplorer] [39m[32mMapped {/exam-papers/:id/archive, POST} route[39m[38;5;3m +0ms[39m
[32m[Nest] 16616  - [39m08/06/2026, 11:26:48 AM [32m    LOG[39m [38;5;3m[RouterExplorer] [39m[32mMapped {/exam-papers/:id/restore, POST} route[39m[38;5;3m +0ms[39m
[32m[Nest] 16616  - [39m08/06/2026, 11:26:48 AM [32m    LOG[39m [38;5;3m[RouterExplorer] [39m[32mMapped {/exam-papers/:id, DELETE} route[39m[38;5;3m +0ms[39m
[32m[Nest] 16616  - [39m08/06/2026, 11:26:48 AM [32m    LOG[39m [38;5;3m[RoutesResolver] [39m[32mDashboardController {/dashboard}:[39m[38;5;3m +0ms[39m
[32m[Nest] 16616  - [39m08/06/2026, 11:26:48 AM [32m    LOG[39m [38;5;3m[RouterExplorer] [39m[32mMapped {/dashboard/overview, GET} route[39m[38;5;3m +1ms[39m
[32m[Nest] 16616  - [39m08/06/2026, 11:26:48 AM [32m    LOG[39m [38;5;3m[RoutesResolver] [39m[32mOnlineExamsController {/online-exams}:[39m[38;5;3m +0ms[39m
[32m[Nest] 16616  - [39m08/06/2026, 11:26:48 AM [32m    LOG[39m [38;5;3m[RouterExplorer] [39m[32mMapped {/online-exams/schedule/:scheduleId/check-eligibility, GET} route[39m[38;5;3m +0ms[39m
[32m[Nest] 16616  - [39m08/06/2026, 11:26:48 AM [32m    LOG[39m [38;5;3m[RouterExplorer] [39m[32mMapped {/online-exams/schedule/:scheduleId/start, POST} route[39m[38;5;3m +0ms[39m
[32m[Nest] 16616  - [39m08/06/2026, 11:26:48 AM [32m    LOG[39m [38;5;3m[RouterExplorer] [39m[32mMapped {/online-exams/attempt/:token/questions, GET} route[39m[38;5;3m +0ms[39m
[32m[Nest] 16616  - [39m08/06/2026, 11:26:48 AM [32m    LOG[39m [38;5;3m[RouterExplorer] [39m[32mMapped {/online-exams/attempt/:token/answers/save, POST} route[39m[38;5;3m +0ms[39m
[32m[Nest] 16616  - [39m08/06/2026, 11:26:48 AM [32m    LOG[39m [38;5;3m[RouterExplorer] [39m[32mMapped {/online-exams/attempt/:token/heartbeat, POST} route[39m[38;5;3m +1ms[39m
[32m[Nest] 16616  - [39m08/06/2026, 11:26:48 AM [32m    LOG[39m [38;5;3m[RouterExplorer] [39m[32mMapped {/online-exams/attempt/:token/events, POST} route[39m[38;5;3m +0ms[39m
[32m[Nest] 16616  - [39m08/06/2026, 11:26:48 AM [32m    LOG[39m [38;5;3m[RouterExplorer] [39m[32mMapped {/online-exams/attempt/:token/submit, POST} route[39m[38;5;3m +0ms[39m
[32m[Nest] 16616  - [39m08/06/2026, 11:26:48 AM [32m    LOG[39m [38;5;3m[RouterExplorer] [39m[32mMapped {/online-exams/attempt/:attemptId/result, GET} route[39m[38;5;3m +0ms[39m
[32m[Nest] 16616  - [39m08/06/2026, 11:26:48 AM [32m    LOG[39m [38;5;3m[RouterExplorer] [39m[32mMapped {/online-exams/attempt/:attemptId/appeal, POST} route[39m[38;5;3m +0ms[39m
[32m[Nest] 16616  - [39m08/06/2026, 11:26:48 AM [32m    LOG[39m [38;5;3m[RouterExplorer] [39m[32mMapped {/online-exams/schedule/:scheduleId/grade-report, GET} route[39m[38;5;3m +0ms[39m
[32m[Nest] 16616  - [39m08/06/2026, 11:26:48 AM [32m    LOG[39m [38;5;3m[RoutesResolver] [39m[32mProctorController {/proctor}:[39m[38;5;3m +0ms[39m
[32m[Nest] 16616  - [39m08/06/2026, 11:26:48 AM [32m    LOG[39m [38;5;3m[RouterExplorer] [39m[32mMapped {/proctor/live-dashboard/:scheduleRoomId, GET} route[39m[38;5;3m +1ms[39m
[32m[Nest] 16616  - [39m08/06/2026, 11:26:48 AM [32m    LOG[39m [38;5;3m[RouterExplorer] [39m[32mMapped {/proctor/attempt/:attemptId/extend-time, POST} route[39m[38;5;3m +0ms[39m
[32m[Nest] 16616  - [39m08/06/2026, 11:26:48 AM [32m    LOG[39m [38;5;3m[RouterExplorer] [39m[32mMapped {/proctor/attempt/:attemptId/reopen, POST} route[39m[38;5;3m +0ms[39m
[32m[Nest] 16616  - [39m08/06/2026, 11:26:48 AM [32m    LOG[39m [38;5;3m[RouterExplorer] [39m[32mMapped {/proctor/attempt/:attemptId/flag-incident, POST} route[39m[38;5;3m +0ms[39m
[32m[Nest] 16616  - [39m08/06/2026, 11:26:48 AM [32m    LOG[39m [38;5;3m[RouterExplorer] [39m[32mMapped {/proctor/attempt/:attemptId/resolve-incident, POST} route[39m[38;5;3m +0ms[39m
[32m[Nest] 16616  - [39m08/06/2026, 11:26:48 AM [32m    LOG[39m [38;5;3m[RoutesResolver] [39m[32mEssayController {/essay}:[39m[38;5;3m +0ms[39m
[32m[Nest] 16616  - [39m08/06/2026, 11:26:48 AM [32m    LOG[39m [38;5;3m[RouterExplorer] [39m[32mMapped {/essay/questions/:questionId/rubric, GET} route[39m[38;5;3m +0ms[39m
[32m[Nest] 16616  - [39m08/06/2026, 11:26:48 AM [32m    LOG[39m [38;5;3m[RouterExplorer] [39m[32mMapped {/essay/questions/:questionId/rubric, POST} route[39m[38;5;3m +1ms[39m
[32m[Nest] 16616  - [39m08/06/2026, 11:26:48 AM [32m    LOG[39m [38;5;3m[RouterExplorer] [39m[32mMapped {/essay/grading/assignments, GET} route[39m[38;5;3m +0ms[39m
[32m[Nest] 16616  - [39m08/06/2026, 11:26:48 AM [32m    LOG[39m [38;5;3m[RouterExplorer] [39m[32mMapped {/essay/grading/attempts/:attemptId, GET} route[39m[38;5;3m +0ms[39m
[32m[Nest] 16616  - [39m08/06/2026, 11:26:48 AM [32m    LOG[39m [38;5;3m[RouterExplorer] [39m[32mMapped {/essay/grading/answers/:answerId, PATCH} route[39m[38;5;3m +0ms[39m
[32m[Nest] 16616  - [39m08/06/2026, 11:26:48 AM [32m    LOG[39m [38;5;3m[RouterExplorer] [39m[32mMapped {/essay/grading/attempts/:attemptId/submit, POST} route[39m[38;5;3m +0ms[39m
[32m[Nest] 16616  - [39m08/06/2026, 11:26:48 AM [32m    LOG[39m [38;5;3m[RouterExplorer] [39m[32mMapped {/essay/grading/attempts/:attemptId/approve, POST} route[39m[38;5;3m +0ms[39m
[32m[Nest] 16616  - [39m08/06/2026, 11:26:48 AM [32m    LOG[39m [38;5;3m[RouterExplorer] [39m[32mMapped {/essay/grading/attempts/:attemptId/publish, POST} route[39m[38;5;3m +0ms[39m
[32m[Nest] 16616  - [39m08/06/2026, 11:26:48 AM [32m    LOG[39m [38;5;3m[RouterExplorer] [39m[32mMapped {/essay/grading/attempts/:attemptId/reopen, POST} route[39m[38;5;3m +0ms[39m
[32m[Nest] 16616  - [39m08/06/2026, 11:26:48 AM [32m    LOG[39m [38;5;3m[RouterExplorer] [39m[32mMapped {/essay/grading/attempts/:attemptId/extend-time, POST} route[39m[38;5;3m +1ms[39m
[32m[Nest] 16616  - [39m08/06/2026, 11:26:48 AM [32m    LOG[39m [38;5;3m[RouterExplorer] [39m[32mMapped {/essay/grading/attempts/:attemptId/penalty, POST} route[39m[38;5;3m +0ms[39m
[32m[Nest] 16616  - [39m08/06/2026, 11:26:48 AM [32m    LOG[39m [38;5;3m[RouterExplorer] [39m[32mMapped {/essay/attempt/:token/answers/:questionId/files, POST} route[39m[38;5;3m +0ms[39m
[32m[Nest] 16616  - [39m08/06/2026, 11:26:48 AM [32m    LOG[39m [38;5;3m[RoutesResolver] [39m[32mEssayGradingController {/essay-grading}:[39m[38;5;3m +0ms[39m
[32m[Nest] 16616  - [39m08/06/2026, 11:26:48 AM [32m    LOG[39m [38;5;3m[RouterExplorer] [39m[32mMapped {/essay-grading/assignments, GET} route[39m[38;5;3m +0ms[39m
[32m[Nest] 16616  - [39m08/06/2026, 11:26:48 AM [32m    LOG[39m [38;5;3m[RouterExplorer] [39m[32mMapped {/essay-grading/attempts/:attemptId, GET} route[39m[38;5;3m +0ms[39m
[32m[Nest] 16616  - [39m08/06/2026, 11:26:48 AM [32m    LOG[39m [38;5;3m[RouterExplorer] [39m[32mMapped {/essay-grading/answers/:answerId, PATCH} route[39m[38;5;3m +0ms[39m
[32m[Nest] 16616  - [39m08/06/2026, 11:26:48 AM [32m    LOG[39m [38;5;3m[RouterExplorer] [39m[32mMapped {/essay-grading/answers/:answerId/ai-suggest, POST} route[39m[38;5;3m +0ms[39m
[32m[Nest] 16616  - [39m08/06/2026, 11:26:48 AM [32m    LOG[39m [38;5;3m[RouterExplorer] [39m[32mMapped {/essay-grading/attempts/:attemptId/submit, POST} route[39m[38;5;3m +1ms[39m
[32m[Nest] 16616  - [39m08/06/2026, 11:26:48 AM [32m    LOG[39m [38;5;3m[RouterExplorer] [39m[32mMapped {/essay-grading/attempts/:attemptId/approve, POST} route[39m[38;5;3m +0ms[39m
[32m[Nest] 16616  - [39m08/06/2026, 11:26:48 AM [32m    LOG[39m [38;5;3m[RouterExplorer] [39m[32mMapped {/essay-grading/attempts/:attemptId/publish, POST} route[39m[38;5;3m +0ms[39m
[32m[Nest] 16616  - [39m08/06/2026, 11:26:48 AM [32m    LOG[39m [38;5;3m[RouterExplorer] [39m[32mMapped {/essay-grading/attempts/:attemptId/reopen, POST} route[39m[38;5;3m +0ms[39m
[32m[Nest] 16616  - [39m08/06/2026, 11:26:48 AM [32m    LOG[39m [38;5;3m[RouterExplorer] [39m[32mMapped {/essay-grading/attempts/:attemptId/extend-time, POST} route[39m[38;5;3m +0ms[39m
[32m[Nest] 16616  - [39m08/06/2026, 11:26:48 AM [32m    LOG[39m [38;5;3m[RouterExplorer] [39m[32mMapped {/essay-grading/attempts/:attemptId/penalty, POST} route[39m[38;5;3m +0ms[39m
[32m[Nest] 16616  - [39m08/06/2026, 11:26:48 AM [32m    LOG[39m [38;5;3m[RoutesResolver] [39m[32mEssayConfigController {/online-exam-config}:[39m[38;5;3m +0ms[39m
[32m[Nest] 16616  - [39m08/06/2026, 11:26:48 AM [32m    LOG[39m [38;5;3m[RouterExplorer] [39m[32mMapped {/online-exam-config/:scheduleId/essay, PATCH} route[39m[38;5;3m +0ms[39m
[32m[Nest] 16616  - [39m08/06/2026, 11:26:48 AM [32m    LOG[39m [38;5;3m[RoutesResolver] [39m[32mContactController {/contact}:[39m[38;5;3m +0ms[39m
[32m[Nest] 16616  - [39m08/06/2026, 11:26:48 AM [32m    LOG[39m [38;5;3m[RouterExplorer] [39m[32mMapped {/contact/send, POST} route[39m[38;5;3m +1ms[39m
[32m[Nest] 16616  - [39m08/06/2026, 11:26:48 AM [32m    LOG[39m [38;5;3m[NestApplication] [39m[32mNest application successfully started[39m[38;5;3m +91ms[39m
Backend Application is running on: http://localhost:3001
[32m[Nest] 16616  - [39m08/06/2026, 11:27:12 AM [32m    LOG[39m [38;5;3m[HTTP] [39m[32m[POST] /auth/login - Finished in 272ms[39m
[33m[Nest] 16616  - [39m08/06/2026, 11:27:12 AM [33m   WARN[39m [38;5;3m[HTTP-ERROR] [39m[33m[31m[GET] /exam-schedules - Status 401 - Error: {"message":"Phiên đăng nhập không hợp lệ hoặc đã hết hạn.","error":"Unauthorized","statusCode":401}[0m[39m
[33m[Nest] 16616  - [39m08/06/2026, 11:27:12 AM [33m   WARN[39m [38;5;3m[HTTP-ERROR] [39m[33m[31m[GET] /exam-papers - Status 401 - Error: {"message":"Phiên đăng nhập không hợp lệ hoặc đã hết hạn.","error":"Unauthorized","statusCode":401}[0m[39m
[32m[Nest] 16616  - [39m08/06/2026, 11:27:23 AM [32m    LOG[39m [38;5;3m[HTTP] [39m[32m[POST] /auth/login - Finished in 113ms[39m
[32m[Nest] 16616  - [39m08/06/2026, 11:27:30 AM [32m    LOG[39m [38;5;3m[HTTP] [39m[32m[POST] /auth/login - Finished in 111ms[39m
[32m[Nest] 16616  - [39m08/06/2026, 11:27:30 AM [32m    LOG[39m [38;5;3m[HTTP] [39m[32m[GET] /exam-schedules - Finished in 72ms[39m
[32m[Nest] 16616  - [39m08/06/2026, 11:27:30 AM [32m    LOG[39m [38;5;3m[HTTP] [39m[32m[GET] /exam-papers - Finished in 20ms[39m
[32m[Nest] 16616  - [39m08/06/2026, 11:28:40 AM [32m    LOG[39m [38;5;3m[HTTP] [39m[32m[POST] /auth/login - Finished in 113ms[39m
[33m[Nest] 16616  - [39m08/06/2026, 11:28:40 AM [33m   WARN[39m [38;5;3m[HTTP-ERROR] [39m[33m[31m[POST] /exam-papers/preview-random - Status 400 - Error: {"message":"Lịch thi đã có đề công bố, không được tạo lại đề tự động.","error":"Bad Request","statusCode":400}[0m[39m
[33m[Nest] 16616  - [39m08/06/2026, 11:28:40 AM [33m   WARN[39m [38;5;3m[HTTP-ERROR] [39m[33m[31m[POST] /exam-papers/preview-random - Status 400 - Error: {"message":"Đề thi 60 phút phải có đúng 40 câu hỏi (hiện tại có 5 câu).","error":"Bad Request","statusCode":400}[0m[39m
[2J[3J[H[[90m11:29:23 AM[0m] File change detected. Starting incremental compilation...

[[90m11:29:24 AM[0m] Found 0 errors. Watching for file changes.

[32m[Nest] 376  - [39m08/06/2026, 11:29:31 AM [32m    LOG[39m [38;5;3m[NestFactory] [39m[32mStarting Nest application...[39m
[32m[Nest] 376  - [39m08/06/2026, 11:29:31 AM [32m    LOG[39m [38;5;3m[InstanceLoader] [39m[32mAppModule dependencies initialized[39m[38;5;3m +49ms[39m
[32m[Nest] 376  - [39m08/06/2026, 11:29:31 AM [32m    LOG[39m [38;5;3m[InstanceLoader] [39m[32mPrismaModule dependencies initialized[39m[38;5;3m +14ms[39m
[32m[Nest] 376  - [39m08/06/2026, 11:29:31 AM [32m    LOG[39m [38;5;3m[InstanceLoader] [39m[32mPassportModule dependencies initialized[39m[38;5;3m +1ms[39m
[32m[Nest] 376  - [39m08/06/2026, 11:29:31 AM [32m    LOG[39m [38;5;3m[InstanceLoader] [39m[32mSecurityModule dependencies initialized[39m[38;5;3m +14ms[39m
[32m[Nest] 376  - [39m08/06/2026, 11:29:31 AM [32m    LOG[39m [38;5;3m[InstanceLoader] [39m[32mAuditModule dependencies initialized[39m[38;5;3m +0ms[39m
[32m[Nest] 376  - [39m08/06/2026, 11:29:31 AM [32m    LOG[39m [38;5;3m[InstanceLoader] [39m[32mConfigHostModule dependencies initialized[39m[38;5;3m +1ms[39m
[32m[Nest] 376  - [39m08/06/2026, 11:29:31 AM [32m    LOG[39m [38;5;3m[InstanceLoader] [39m[32mJwtModule dependencies initialized[39m[38;5;3m +0ms[39m
[32m[Nest] 376  - [39m08/06/2026, 11:29:31 AM [32m    LOG[39m [38;5;3m[InstanceLoader] [39m[32mConfigModule dependencies initialized[39m[38;5;3m +12ms[39m
[32m[Nest] 376  - [39m08/06/2026, 11:29:31 AM [32m    LOG[39m [38;5;3m[InstanceLoader] [39m[32mUsersModule dependencies initialized[39m[38;5;3m +16ms[39m
[32m[Nest] 376  - [39m08/06/2026, 11:29:31 AM [32m    LOG[39m [38;5;3m[InstanceLoader] [39m[32mDepartmentsModule dependencies initialized[39m[38;5;3m +1ms[39m
[32m[Nest] 376  - [39m08/06/2026, 11:29:31 AM [32m    LOG[39m [38;5;3m[InstanceLoader] [39m[32mClassesModule dependencies initialized[39m[38;5;3m +0ms[39m
[32m[Nest] 376  - [39m08/06/2026, 11:29:31 AM [32m    LOG[39m [38;5;3m[InstanceLoader] [39m[32mStudentsModule dependencies initialized[39m[38;5;3m +0ms[39m
[32m[Nest] 376  - [39m08/06/2026, 11:29:31 AM [32m    LOG[39m [38;5;3m[InstanceLoader] [39m[32mSubjectsModule dependencies initialized[39m[38;5;3m +0ms[39m
[32m[Nest] 376  - [39m08/06/2026, 11:29:31 AM [32m    LOG[39m [38;5;3m[InstanceLoader] [39m[32mDashboardModule dependencies initialized[39m[38;5;3m +0ms[39m
[32m[Nest] 376  - [39m08/06/2026, 11:29:31 AM [32m    LOG[39m [38;5;3m[InstanceLoader] [39m[32mContactModule dependencies initialized[39m[38;5;3m +0ms[39m
[32m[Nest] 376  - [39m08/06/2026, 11:29:31 AM [32m    LOG[39m [38;5;3m[InstanceLoader] [39m[32mProctorModule dependencies initialized[39m[38;5;3m +1ms[39m
[32m[Nest] 376  - [39m08/06/2026, 11:29:31 AM [32m    LOG[39m [38;5;3m[InstanceLoader] [39m[32mTeachersModule dependencies initialized[39m[38;5;3m +1ms[39m
[32m[Nest] 376  - [39m08/06/2026, 11:29:31 AM [32m    LOG[39m [38;5;3m[InstanceLoader] [39m[32mExamRoomsModule dependencies initialized[39m[38;5;3m +0ms[39m
[32m[Nest] 376  - [39m08/06/2026, 11:29:31 AM [32m    LOG[39m [38;5;3m[InstanceLoader] [39m[32mExamPeriodsModule dependencies initialized[39m[38;5;3m +0ms[39m
[32m[Nest] 376  - [39m08/06/2026, 11:29:31 AM [32m    LOG[39m [38;5;3m[InstanceLoader] [39m[32mExamSchedulesModule dependencies initialized[39m[38;5;3m +0ms[39m
[32m[Nest] 376  - [39m08/06/2026, 11:29:31 AM [32m    LOG[39m [38;5;3m[InstanceLoader] [39m[32mExamArrangementModule dependencies initialized[39m[38;5;3m +0ms[39m
[32m[Nest] 376  - [39m08/06/2026, 11:29:31 AM [32m    LOG[39m [38;5;3m[InstanceLoader] [39m[32mExamSupervisorsModule dependencies initialized[39m[38;5;3m +0ms[39m
[32m[Nest] 376  - [39m08/06/2026, 11:29:31 AM [32m    LOG[39m [38;5;3m[InstanceLoader] [39m[32mQuestionsModule dependencies initialized[39m[38;5;3m +0ms[39m
[32m[Nest] 376  - [39m08/06/2026, 11:29:31 AM [32m    LOG[39m [38;5;3m[InstanceLoader] [39m[32mExamPapersModule dependencies initialized[39m[38;5;3m +0ms[39m
[32m[Nest] 376  - [39m08/06/2026, 11:29:31 AM [32m    LOG[39m [38;5;3m[InstanceLoader] [39m[32mEssayModule dependencies initialized[39m[38;5;3m +0ms[39m
[32m[Nest] 376  - [39m08/06/2026, 11:29:31 AM [32m    LOG[39m [38;5;3m[InstanceLoader] [39m[32mOnlineExamsModule dependencies initialized[39m[38;5;3m +0ms[39m
[32m[Nest] 376  - [39m08/06/2026, 11:29:31 AM [32m    LOG[39m [38;5;3m[InstanceLoader] [39m[32mAuthModule dependencies initialized[39m[38;5;3m +0ms[39m
[32m[Nest] 376  - [39m08/06/2026, 11:29:31 AM [32m    LOG[39m [38;5;3m[RoutesResolver] [39m[32mAuthController {/auth}:[39m[38;5;3m +15ms[39m
[32m[Nest] 376  - [39m08/06/2026, 11:29:31 AM [32m    LOG[39m [38;5;3m[RouterExplorer] [39m[32mMapped {/auth/login, POST} route[39m[38;5;3m +5ms[39m
[32m[Nest] 376  - [39m08/06/2026, 11:29:31 AM [32m    LOG[39m [38;5;3m[RouterExplorer] [39m[32mMapped {/auth/profile, GET} route[39m[38;5;3m +1ms[39m
[32m[Nest] 376  - [39m08/06/2026, 11:29:31 AM [32m    LOG[39m [38;5;3m[RouterExplorer] [39m[32mMapped {/auth/change-password, POST} route[39m[38;5;3m +0ms[39m
[32m[Nest] 376  - [39m08/06/2026, 11:29:31 AM [32m    LOG[39m [38;5;3m[RouterExplorer] [39m[32mMapped {/auth/profile, POST} route[39m[38;5;3m +1ms[39m
[32m[Nest] 376  - [39m08/06/2026, 11:29:31 AM [32m    LOG[39m [38;5;3m[RoutesResolver] [39m[32mUsersController {/users}:[39m[38;5;3m +1ms[39m
[32m[Nest] 376  - [39m08/06/2026, 11:29:31 AM [32m    LOG[39m [38;5;3m[RouterExplorer] [39m[32mMapped {/users/dashboard-stats, GET} route[39m[38;5;3m +1ms[39m
[32m[Nest] 376  - [39m08/06/2026, 11:29:31 AM [32m    LOG[39m [38;5;3m[RouterExplorer] [39m[32mMapped {/users, GET} route[39m[38;5;3m +0ms[39m
[32m[Nest] 376  - [39m08/06/2026, 11:29:31 AM [32m    LOG[39m [38;5;3m[RouterExplorer] [39m[32mMapped {/users/:id, GET} route[39m[38;5;3m +1ms[39m
[32m[Nest] 376  - [39m08/06/2026, 11:29:31 AM [32m    LOG[39m [38;5;3m[RoutesResolver] [39m[32mDepartmentsController {/departments}:[39m[38;5;3m +0ms[39m
[32m[Nest] 376  - [39m08/06/2026, 11:29:31 AM [32m    LOG[39m [38;5;3m[RouterExplorer] [39m[32mMapped {/departments, GET} route[39m[38;5;3m +1ms[39m
[32m[Nest] 376  - [39m08/06/2026, 11:29:31 AM [32m    LOG[39m [38;5;3m[RouterExplorer] [39m[32mMapped {/departments/:id/curriculum, GET} route[39m[38;5;3m +2ms[39m
[32m[Nest] 376  - [39m08/06/2026, 11:29:31 AM [32m    LOG[39m [38;5;3m[RouterExplorer] [39m[32mMapped {/departments/:id, GET} route[39m[38;5;3m +1ms[39m
[32m[Nest] 376  - [39m08/06/2026, 11:29:31 AM [32m    LOG[39m [38;5;3m[RouterExplorer] [39m[32mMapped {/departments, POST} route[39m[38;5;3m +1ms[39m
[32m[Nest] 376  - [39m08/06/2026, 11:29:31 AM [32m    LOG[39m [38;5;3m[RouterExplorer] [39m[32mMapped {/departments/:id/curriculum, POST} route[39m[38;5;3m +0ms[39m
[32m[Nest] 376  - [39m08/06/2026, 11:29:31 AM [32m    LOG[39m [38;5;3m[RouterExplorer] [39m[32mMapped {/departments/:id, PATCH} route[39m[38;5;3m +1ms[39m
[32m[Nest] 376  - [39m08/06/2026, 11:29:31 AM [32m    LOG[39m [38;5;3m[RouterExplorer] [39m[32mMapped {/departments/:id/curriculum/:subjectId, DELETE} route[39m[38;5;3m +0ms[39m
[32m[Nest] 376  - [39m08/06/2026, 11:29:31 AM [32m    LOG[39m [38;5;3m[RouterExplorer] [39m[32mMapped {/departments/:id, DELETE} route[39m[38;5;3m +0ms[39m
[32m[Nest] 376  - [39m08/06/2026, 11:29:31 AM [32m    LOG[39m [38;5;3m[RoutesResolver] [39m[32mClassesController {/classes}:[39m[38;5;3m +0ms[39m
[32m[Nest] 376  - [39m08/06/2026, 11:29:31 AM [32m    LOG[39m [38;5;3m[RouterExplorer] [39m[32mMapped {/classes, GET} route[39m[38;5;3m +1ms[39m
[32m[Nest] 376  - [39m08/06/2026, 11:29:31 AM [32m    LOG[39m [38;5;3m[RouterExplorer] [39m[32mMapped {/classes/:id, GET} route[39m[38;5;3m +0ms[39m
[32m[Nest] 376  - [39m08/06/2026, 11:29:31 AM [32m    LOG[39m [38;5;3m[RouterExplorer] [39m[32mMapped {/classes, POST} route[39m[38;5;3m +0ms[39m
[32m[Nest] 376  - [39m08/06/2026, 11:29:31 AM [32m    LOG[39m [38;5;3m[RouterExplorer] [39m[32mMapped {/classes/:id, PATCH} route[39m[38;5;3m +1ms[39m
[32m[Nest] 376  - [39m08/06/2026, 11:29:31 AM [32m    LOG[39m [38;5;3m[RouterExplorer] [39m[32mMapped {/classes/:id, DELETE} route[39m[38;5;3m +0ms[39m
[32m[Nest] 376  - [39m08/06/2026, 11:29:31 AM [32m    LOG[39m [38;5;3m[RoutesResolver] [39m[32mStudentsController {/students}:[39m[38;5;3m +0ms[39m
[32m[Nest] 376  - [39m08/06/2026, 11:29:31 AM [32m    LOG[39m [38;5;3m[RouterExplorer] [39m[32mMapped {/students/my-schedule, GET} route[39m[38;5;3m +0ms[39m
[32m[Nest] 376  - [39m08/06/2026, 11:29:31 AM [32m    LOG[39m [38;5;3m[RouterExplorer] [39m[32mMapped {/students/my-curriculum, GET} route[39m[38;5;3m +1ms[39m
[32m[Nest] 376  - [39m08/06/2026, 11:29:31 AM [32m    LOG[39m [38;5;3m[RouterExplorer] [39m[32mMapped {/students, GET} route[39m[38;5;3m +0ms[39m
[32m[Nest] 376  - [39m08/06/2026, 11:29:31 AM [32m    LOG[39m [38;5;3m[RouterExplorer] [39m[32mMapped {/students/:id, GET} route[39m[38;5;3m +0ms[39m
[32m[Nest] 376  - [39m08/06/2026, 11:29:31 AM [32m    LOG[39m [38;5;3m[RouterExplorer] [39m[32mMapped {/students, POST} route[39m[38;5;3m +0ms[39m
[32m[Nest] 376  - [39m08/06/2026, 11:29:31 AM [32m    LOG[39m [38;5;3m[RouterExplorer] [39m[32mMapped {/students/:id, PATCH} route[39m[38;5;3m +1ms[39m
[32m[Nest] 376  - [39m08/06/2026, 11:29:31 AM [32m    LOG[39m [38;5;3m[RouterExplorer] [39m[32mMapped {/students/:id, DELETE} route[39m[38;5;3m +0ms[39m
[32m[Nest] 376  - [39m08/06/2026, 11:29:31 AM [32m    LOG[39m [38;5;3m[RoutesResolver] [39m[32mTeachersController {/teachers}:[39m[38;5;3m +0ms[39m
[32m[Nest] 376  - [39m08/06/2026, 11:29:31 AM [32m    LOG[39m [38;5;3m[RouterExplorer] [39m[32mMapped {/teachers/my-assignments, GET} route[39m[38;5;3m +0ms[39m
[32m[Nest] 376  - [39m08/06/2026, 11:29:31 AM [32m    LOG[39m [38;5;3m[RouterExplorer] [39m[32mMapped {/teachers/my-assignments/:id/status, PATCH} route[39m[38;5;3m +1ms[39m
[32m[Nest] 376  - [39m08/06/2026, 11:29:31 AM [32m    LOG[39m [38;5;3m[RouterExplorer] [39m[32mMapped {/teachers/my-assignments/:id/attendance-sheet, GET} route[39m[38;5;3m +0ms[39m
[32m[Nest] 376  - [39m08/06/2026, 11:29:31 AM [32m    LOG[39m [38;5;3m[RouterExplorer] [39m[32mMapped {/teachers, GET} route[39m[38;5;3m +0ms[39m
[32m[Nest] 376  - [39m08/06/2026, 11:29:31 AM [32m    LOG[39m [38;5;3m[RouterExplorer] [39m[32mMapped {/teachers/:id/lock, POST} route[39m[38;5;3m +0ms[39m
[32m[Nest] 376  - [39m08/06/2026, 11:29:31 AM [32m    LOG[39m [38;5;3m[RouterExplorer] [39m[32mMapped {/teachers/:id/unlock, POST} route[39m[38;5;3m +1ms[39m
[32m[Nest] 376  - [39m08/06/2026, 11:29:31 AM [32m    LOG[39m [38;5;3m[RouterExplorer] [39m[32mMapped {/teachers/:id, GET} route[39m[38;5;3m +0ms[39m
[32m[Nest] 376  - [39m08/06/2026, 11:29:31 AM [32m    LOG[39m [38;5;3m[RouterExplorer] [39m[32mMapped {/teachers, POST} route[39m[38;5;3m +0ms[39m
[32m[Nest] 376  - [39m08/06/2026, 11:29:31 AM [32m    LOG[39m [38;5;3m[RouterExplorer] [39m[32mMapped {/teachers/:id, PATCH} route[39m[38;5;3m +1ms[39m
[32m[Nest] 376  - [39m08/06/2026, 11:29:31 AM [32m    LOG[39m [38;5;3m[RouterExplorer] [39m[32mMapped {/teachers/:id, DELETE} route[39m[38;5;3m +0ms[39m
[32m[Nest] 376  - [39m08/06/2026, 11:29:31 AM [32m    LOG[39m [38;5;3m[RoutesResolver] [39m[32mSubjectsController {/subjects}:[39m[38;5;3m +1ms[39m
[32m[Nest] 376  - [39m08/06/2026, 11:29:31 AM [32m    LOG[39m [38;5;3m[RouterExplorer] [39m[32mMapped {/subjects, GET} route[39m[38;5;3m +1ms[39m
[32m[Nest] 376  - [39m08/06/2026, 11:29:31 AM [32m    LOG[39m [38;5;3m[RouterExplorer] [39m[32mMapped {/subjects/:id, GET} route[39m[38;5;3m +2ms[39m
[32m[Nest] 376  - [39m08/06/2026, 11:29:31 AM [32m    LOG[39m [38;5;3m[RouterExplorer] [39m[32mMapped {/subjects/:id/chapters, GET} route[39m[38;5;3m +1ms[39m
[32m[Nest] 376  - [39m08/06/2026, 11:29:31 AM [32m    LOG[39m [38;5;3m[RouterExplorer] [39m[32mMapped {/subjects/:id/enrollments, GET} route[39m[38;5;3m +1ms[39m
[32m[Nest] 376  - [39m08/06/2026, 11:29:31 AM [32m    LOG[39m [38;5;3m[RouterExplorer] [39m[32mMapped {/subjects/:id/enroll-students, POST} route[39m[38;5;3m +0ms[39m
[32m[Nest] 376  - [39m08/06/2026, 11:29:31 AM [32m    LOG[39m [38;5;3m[RouterExplorer] [39m[32mMapped {/subjects, POST} route[39m[38;5;3m +0ms[39m
[32m[Nest] 376  - [39m08/06/2026, 11:29:31 AM [32m    LOG[39m [38;5;3m[RouterExplorer] [39m[32mMapped {/subjects/:id, PATCH} route[39m[38;5;3m +1ms[39m
[32m[Nest] 376  - [39m08/06/2026, 11:29:31 AM [32m    LOG[39m [38;5;3m[RouterExplorer] [39m[32mMapped {/subjects/:id, DELETE} route[39m[38;5;3m +1ms[39m
[32m[Nest] 376  - [39m08/06/2026, 11:29:31 AM [32m    LOG[39m [38;5;3m[RoutesResolver] [39m[32mExamRoomsController {/exam-rooms}:[39m[38;5;3m +0ms[39m
[32m[Nest] 376  - [39m08/06/2026, 11:29:31 AM [32m    LOG[39m [38;5;3m[RouterExplorer] [39m[32mMapped {/exam-rooms, GET} route[39m[38;5;3m +1ms[39m
[32m[Nest] 376  - [39m08/06/2026, 11:29:31 AM [32m    LOG[39m [38;5;3m[RouterExplorer] [39m[32mMapped {/exam-rooms/:id, GET} route[39m[38;5;3m +1ms[39m
[32m[Nest] 376  - [39m08/06/2026, 11:29:31 AM [32m    LOG[39m [38;5;3m[RouterExplorer] [39m[32mMapped {/exam-rooms/:id/lock, POST} route[39m[38;5;3m +2ms[39m
[32m[Nest] 376  - [39m08/06/2026, 11:29:31 AM [32m    LOG[39m [38;5;3m[RouterExplorer] [39m[32mMapped {/exam-rooms/:id/unlock, POST} route[39m[38;5;3m +1ms[39m
[32m[Nest] 376  - [39m08/06/2026, 11:29:31 AM [32m    LOG[39m [38;5;3m[RouterExplorer] [39m[32mMapped {/exam-rooms, POST} route[39m[38;5;3m +0ms[39m
[32m[Nest] 376  - [39m08/06/2026, 11:29:31 AM [32m    LOG[39m [38;5;3m[RouterExplorer] [39m[32mMapped {/exam-rooms/:id, PATCH} route[39m[38;5;3m +1ms[39m
[32m[Nest] 376  - [39m08/06/2026, 11:29:31 AM [32m    LOG[39m [38;5;3m[RouterExplorer] [39m[32mMapped {/exam-rooms/:id, DELETE} route[39m[38;5;3m +0ms[39m
[32m[Nest] 376  - [39m08/06/2026, 11:29:31 AM [32m    LOG[39m [38;5;3m[RoutesResolver] [39m[32mExamPeriodsController {/exam-periods}:[39m[38;5;3m +1ms[39m
[32m[Nest] 376  - [39m08/06/2026, 11:29:31 AM [32m    LOG[39m [38;5;3m[RouterExplorer] [39m[32mMapped {/exam-periods, GET} route[39m[38;5;3m +0ms[39m
[32m[Nest] 376  - [39m08/06/2026, 11:29:31 AM [32m    LOG[39m [38;5;3m[RouterExplorer] [39m[32mMapped {/exam-periods/:id, GET} route[39m[38;5;3m +0ms[39m
[32m[Nest] 376  - [39m08/06/2026, 11:29:31 AM [32m    LOG[39m [38;5;3m[RouterExplorer] [39m[32mMapped {/exam-periods, POST} route[39m[38;5;3m +1ms[39m
[32m[Nest] 376  - [39m08/06/2026, 11:29:31 AM [32m    LOG[39m [38;5;3m[RouterExplorer] [39m[32mMapped {/exam-periods/:id, PATCH} route[39m[38;5;3m +0ms[39m
[32m[Nest] 376  - [39m08/06/2026, 11:29:31 AM [32m    LOG[39m [38;5;3m[RouterExplorer] [39m[32mMapped {/exam-periods/:id, DELETE} route[39m[38;5;3m +0ms[39m
[32m[Nest] 376  - [39m08/06/2026, 11:29:31 AM [32m    LOG[39m [38;5;3m[RouterExplorer] [39m[32mMapped {/exam-periods/:id/lock, POST} route[39m[38;5;3m +1ms[39m
[32m[Nest] 376  - [39m08/06/2026, 11:29:31 AM [32m    LOG[39m [38;5;3m[RouterExplorer] [39m[32mMapped {/exam-periods/:id/unlock, POST} route[39m[38;5;3m +1ms[39m
[32m[Nest] 376  - [39m08/06/2026, 11:29:31 AM [32m    LOG[39m [38;5;3m[RoutesResolver] [39m[32mExamSchedulesController {/exam-schedules}:[39m[38;5;3m +0ms[39m
[32m[Nest] 376  - [39m08/06/2026, 11:29:31 AM [32m    LOG[39m [38;5;3m[RouterExplorer] [39m[32mMapped {/exam-schedules, GET} route[39m[38;5;3m +1ms[39m
[32m[Nest] 376  - [39m08/06/2026, 11:29:31 AM [32m    LOG[39m [38;5;3m[RouterExplorer] [39m[32mMapped {/exam-schedules/conflicts, GET} route[39m[38;5;3m +1ms[39m
[32m[Nest] 376  - [39m08/06/2026, 11:29:31 AM [32m    LOG[39m [38;5;3m[RouterExplorer] [39m[32mMapped {/exam-schedules/trash, GET} route[39m[38;5;3m +0ms[39m
[32m[Nest] 376  - [39m08/06/2026, 11:29:31 AM [32m    LOG[39m [38;5;3m[RouterExplorer] [39m[32mMapped {/exam-schedules/auto-preview, POST} route[39m[38;5;3m +1ms[39m
[32m[Nest] 376  - [39m08/06/2026, 11:29:31 AM [32m    LOG[39m [38;5;3m[RouterExplorer] [39m[32mMapped {/exam-schedules/auto-apply, POST} route[39m[38;5;3m +1ms[39m
[32m[Nest] 376  - [39m08/06/2026, 11:29:31 AM [32m    LOG[39m [38;5;3m[RouterExplorer] [39m[32mMapped {/exam-schedules/:id/lock, POST} route[39m[38;5;3m +0ms[39m
[32m[Nest] 376  - [39m08/06/2026, 11:29:31 AM [32m    LOG[39m [38;5;3m[RouterExplorer] [39m[32mMapped {/exam-schedules/:id/unlock, POST} route[39m[38;5;3m +1ms[39m
[32m[Nest] 376  - [39m08/06/2026, 11:29:31 AM [32m    LOG[39m [38;5;3m[RouterExplorer] [39m[32mMapped {/exam-schedules/:id, GET} route[39m[38;5;3m +0ms[39m
[32m[Nest] 376  - [39m08/06/2026, 11:29:31 AM [32m    LOG[39m [38;5;3m[RouterExplorer] [39m[32mMapped {/exam-schedules, POST} route[39m[38;5;3m +0ms[39m
[32m[Nest] 376  - [39m08/06/2026, 11:29:31 AM [32m    LOG[39m [38;5;3m[RouterExplorer] [39m[32mMapped {/exam-schedules/:id, PATCH} route[39m[38;5;3m +1ms[39m
[32m[Nest] 376  - [39m08/06/2026, 11:29:31 AM [32m    LOG[39m [38;5;3m[RouterExplorer] [39m[32mMapped {/exam-schedules/:id, DELETE} route[39m[38;5;3m +0ms[39m
[32m[Nest] 376  - [39m08/06/2026, 11:29:31 AM [32m    LOG[39m [38;5;3m[RouterExplorer] [39m[32mMapped {/exam-schedules/:id/reopen-entry, POST} route[39m[38;5;3m +0ms[39m
[32m[Nest] 376  - [39m08/06/2026, 11:29:31 AM [32m    LOG[39m [38;5;3m[RouterExplorer] [39m[32mMapped {/exam-schedules/:id/restore, POST} route[39m[38;5;3m +1ms[39m
[32m[Nest] 376  - [39m08/06/2026, 11:29:31 AM [32m    LOG[39m [38;5;3m[RoutesResolver] [39m[32mExamArrangementController {/exam-arrangement}:[39m[38;5;3m +0ms[39m
[32m[Nest] 376  - [39m08/06/2026, 11:29:31 AM [32m    LOG[39m [38;5;3m[RouterExplorer] [39m[32mMapped {/exam-arrangement/auto-arrange, POST} route[39m[38;5;3m +1ms[39m
[32m[Nest] 376  - [39m08/06/2026, 11:29:31 AM [32m    LOG[39m [38;5;3m[RouterExplorer] [39m[32mMapped {/exam-arrangement/preview, POST} route[39m[38;5;3m +0ms[39m
[32m[Nest] 376  - [39m08/06/2026, 11:29:31 AM [32m    LOG[39m [38;5;3m[RouterExplorer] [39m[32mMapped {/exam-arrangement/result, GET} route[39m[38;5;3m +1ms[39m
[32m[Nest] 376  - [39m08/06/2026, 11:29:31 AM [32m    LOG[39m [38;5;3m[RouterExplorer] [39m[32mMapped {/exam-arrangement/room-availability, GET} route[39m[38;5;3m +1ms[39m
[32m[Nest] 376  - [39m08/06/2026, 11:29:31 AM [32m    LOG[39m [38;5;3m[RouterExplorer] [39m[32mMapped {/exam-arrangement/reset/:examScheduleId, DELETE} route[39m[38;5;3m +1ms[39m
[32m[Nest] 376  - [39m08/06/2026, 11:29:31 AM [32m    LOG[39m [38;5;3m[RouterExplorer] [39m[32mMapped {/exam-arrangement/history, GET} route[39m[38;5;3m +0ms[39m
[32m[Nest] 376  - [39m08/06/2026, 11:29:31 AM [32m    LOG[39m [38;5;3m[RoutesResolver] [39m[32mExamSupervisorsController {/exam-supervisors}:[39m[38;5;3m +1ms[39m
[32m[Nest] 376  - [39m08/06/2026, 11:29:31 AM [32m    LOG[39m [38;5;3m[RouterExplorer] [39m[32mMapped {/exam-supervisors/assign, POST} route[39m[38;5;3m +10ms[39m
[32m[Nest] 376  - [39m08/06/2026, 11:29:31 AM [32m    LOG[39m [38;5;3m[RouterExplorer] [39m[32mMapped {/exam-supervisors/auto-preview, POST} route[39m[38;5;3m +1ms[39m
[32m[Nest] 376  - [39m08/06/2026, 11:29:31 AM [32m    LOG[39m [38;5;3m[RouterExplorer] [39m[32mMapped {/exam-supervisors/auto-assign, POST} route[39m[38;5;3m +0ms[39m
[32m[Nest] 376  - [39m08/06/2026, 11:29:31 AM [32m    LOG[39m [38;5;3m[RouterExplorer] [39m[32mMapped {/exam-supervisors, GET} route[39m[38;5;3m +0ms[39m
[32m[Nest] 376  - [39m08/06/2026, 11:29:31 AM [32m    LOG[39m [38;5;3m[RouterExplorer] [39m[32mMapped {/exam-supervisors/:id/status, PATCH} route[39m[38;5;3m +1ms[39m
[32m[Nest] 376  - [39m08/06/2026, 11:29:31 AM [32m    LOG[39m [38;5;3m[RouterExplorer] [39m[32mMapped {/exam-supervisors/:id, DELETE} route[39m[38;5;3m +1ms[39m
[32m[Nest] 376  - [39m08/06/2026, 11:29:31 AM [32m    LOG[39m [38;5;3m[RoutesResolver] [39m[32mQuestionsController {/questions}:[39m[38;5;3m +0ms[39m
[32m[Nest] 376  - [39m08/06/2026, 11:29:31 AM [32m    LOG[39m [38;5;3m[RouterExplorer] [39m[32mMapped {/questions, GET} route[39m[38;5;3m +4ms[39m
[32m[Nest] 376  - [39m08/06/2026, 11:29:31 AM [32m    LOG[39m [38;5;3m[RouterExplorer] [39m[32mMapped {/questions/statistics, GET} route[39m[38;5;3m +0ms[39m
[32m[Nest] 376  - [39m08/06/2026, 11:29:31 AM [32m    LOG[39m [38;5;3m[RouterExplorer] [39m[32mMapped {/questions/filter-options, GET} route[39m[38;5;3m +2ms[39m
[32m[Nest] 376  - [39m08/06/2026, 11:29:31 AM [32m    LOG[39m [38;5;3m[RouterExplorer] [39m[32mMapped {/questions/import/template, GET} route[39m[38;5;3m +0ms[39m
[32m[Nest] 376  - [39m08/06/2026, 11:29:31 AM [32m    LOG[39m [38;5;3m[RouterExplorer] [39m[32mMapped {/questions/media/preview, POST} route[39m[38;5;3m +2ms[39m
[32m[Nest] 376  - [39m08/06/2026, 11:29:31 AM [32m    LOG[39m [38;5;3m[RouterExplorer] [39m[32mMapped {/questions/media/upload, POST} route[39m[38;5;3m +0ms[39m
[32m[Nest] 376  - [39m08/06/2026, 11:29:31 AM [32m    LOG[39m [38;5;3m[RouterExplorer] [39m[32mMapped {/questions/media/:id, DELETE} route[39m[38;5;3m +1ms[39m
[32m[Nest] 376  - [39m08/06/2026, 11:29:31 AM [32m    LOG[39m [38;5;3m[RouterExplorer] [39m[32mMapped {/questions/export, POST} route[39m[38;5;3m +0ms[39m
[32m[Nest] 376  - [39m08/06/2026, 11:29:31 AM [32m    LOG[39m [38;5;3m[RouterExplorer] [39m[32mMapped {/questions/bulk-action, POST} route[39m[38;5;3m +0ms[39m
[32m[Nest] 376  - [39m08/06/2026, 11:29:31 AM [32m    LOG[39m [38;5;3m[RouterExplorer] [39m[32mMapped {/questions/import/preview, POST} route[39m[38;5;3m +1ms[39m
[32m[Nest] 376  - [39m08/06/2026, 11:29:31 AM [32m    LOG[39m [38;5;3m[RouterExplorer] [39m[32mMapped {/questions/import/confirm, POST} route[39m[38;5;3m +0ms[39m
[32m[Nest] 376  - [39m08/06/2026, 11:29:31 AM [32m    LOG[39m [38;5;3m[RouterExplorer] [39m[32mMapped {/questions/ai-generate, POST} route[39m[38;5;3m +0ms[39m
[32m[Nest] 376  - [39m08/06/2026, 11:29:31 AM [32m    LOG[39m [38;5;3m[RouterExplorer] [39m[32mMapped {/questions/ai-save, POST} route[39m[38;5;3m +1ms[39m
[32m[Nest] 376  - [39m08/06/2026, 11:29:31 AM [32m    LOG[39m [38;5;3m[RouterExplorer] [39m[32mMapped {/questions/ai-extract-text, POST} route[39m[38;5;3m +2ms[39m
[32m[Nest] 376  - [39m08/06/2026, 11:29:31 AM [32m    LOG[39m [38;5;3m[RouterExplorer] [39m[32mMapped {/questions, POST} route[39m[38;5;3m +0ms[39m
[32m[Nest] 376  - [39m08/06/2026, 11:29:31 AM [32m    LOG[39m [38;5;3m[RouterExplorer] [39m[32mMapped {/questions/:id, GET} route[39m[38;5;3m +1ms[39m
[32m[Nest] 376  - [39m08/06/2026, 11:29:31 AM [32m    LOG[39m [38;5;3m[RouterExplorer] [39m[32mMapped {/questions/:id, PATCH} route[39m[38;5;3m +1ms[39m
[32m[Nest] 376  - [39m08/06/2026, 11:29:31 AM [32m    LOG[39m [38;5;3m[RouterExplorer] [39m[32mMapped {/questions/:id/duplicate, POST} route[39m[38;5;3m +0ms[39m
[32m[Nest] 376  - [39m08/06/2026, 11:29:31 AM [32m    LOG[39m [38;5;3m[RouterExplorer] [39m[32mMapped {/questions/:id/submit, POST} route[39m[38;5;3m +0ms[39m
[32m[Nest] 376  - [39m08/06/2026, 11:29:31 AM [32m    LOG[39m [38;5;3m[RouterExplorer] [39m[32mMapped {/questions/:id/approve, POST} route[39m[38;5;3m +1ms[39m
[32m[Nest] 376  - [39m08/06/2026, 11:29:31 AM [32m    LOG[39m [38;5;3m[RouterExplorer] [39m[32mMapped {/questions/:id/reject, POST} route[39m[38;5;3m +0ms[39m
[32m[Nest] 376  - [39m08/06/2026, 11:29:31 AM [32m    LOG[39m [38;5;3m[RouterExplorer] [39m[32mMapped {/questions/:id/archive, POST} route[39m[38;5;3m +0ms[39m
[32m[Nest] 376  - [39m08/06/2026, 11:29:31 AM [32m    LOG[39m [38;5;3m[RouterExplorer] [39m[32mMapped {/questions/:id/restore, POST} route[39m[38;5;3m +1ms[39m
[32m[Nest] 376  - [39m08/06/2026, 11:29:31 AM [32m    LOG[39m [38;5;3m[RouterExplorer] [39m[32mMapped {/questions/:id, DELETE} route[39m[38;5;3m +0ms[39m
[32m[Nest] 376  - [39m08/06/2026, 11:29:31 AM [32m    LOG[39m [38;5;3m[RoutesResolver] [39m[32mExamPapersController {/exam-papers}:[39m[38;5;3m +0ms[39m
[32m[Nest] 376  - [39m08/06/2026, 11:29:31 AM [32m    LOG[39m [38;5;3m[RouterExplorer] [39m[32mMapped {/exam-papers/create-random, POST} route[39m[38;5;3m +0ms[39m
[32m[Nest] 376  - [39m08/06/2026, 11:29:31 AM [32m    LOG[39m [38;5;3m[RouterExplorer] [39m[32mMapped {/exam-papers/preview-random, POST} route[39m[38;5;3m +0ms[39m
[32m[Nest] 376  - [39m08/06/2026, 11:29:31 AM [32m    LOG[39m [38;5;3m[RouterExplorer] [39m[32mMapped {/exam-papers, GET} route[39m[38;5;3m +1ms[39m
[32m[Nest] 376  - [39m08/06/2026, 11:29:31 AM [32m    LOG[39m [38;5;3m[RouterExplorer] [39m[32mMapped {/exam-papers/:id, GET} route[39m[38;5;3m +0ms[39m
[32m[Nest] 376  - [39m08/06/2026, 11:29:31 AM [32m    LOG[39m [38;5;3m[RouterExplorer] [39m[32mMapped {/exam-papers/:id/publish, POST} route[39m[38;5;3m +0ms[39m
[32m[Nest] 376  - [39m08/06/2026, 11:29:31 AM [32m    LOG[39m [38;5;3m[RouterExplorer] [39m[32mMapped {/exam-papers/:id/archive, POST} route[39m[38;5;3m +0ms[39m
[32m[Nest] 376  - [39m08/06/2026, 11:29:31 AM [32m    LOG[39m [38;5;3m[RouterExplorer] [39m[32mMapped {/exam-papers/:id/restore, POST} route[39m[38;5;3m +1ms[39m
[32m[Nest] 376  - [39m08/06/2026, 11:29:31 AM [32m    LOG[39m [38;5;3m[RouterExplorer] [39m[32mMapped {/exam-papers/:id, DELETE} route[39m[38;5;3m +0ms[39m
[32m[Nest] 376  - [39m08/06/2026, 11:29:31 AM [32m    LOG[39m [38;5;3m[RoutesResolver] [39m[32mDashboardController {/dashboard}:[39m[38;5;3m +0ms[39m
[32m[Nest] 376  - [39m08/06/2026, 11:29:31 AM [32m    LOG[39m [38;5;3m[RouterExplorer] [39m[32mMapped {/dashboard/overview, GET} route[39m[38;5;3m +0ms[39m
[32m[Nest] 376  - [39m08/06/2026, 11:29:31 AM [32m    LOG[39m [38;5;3m[RoutesResolver] [39m[32mOnlineExamsController {/online-exams}:[39m[38;5;3m +0ms[39m
[32m[Nest] 376  - [39m08/06/2026, 11:29:31 AM [32m    LOG[39m [38;5;3m[RouterExplorer] [39m[32mMapped {/online-exams/schedule/:scheduleId/check-eligibility, GET} route[39m[38;5;3m +1ms[39m
[32m[Nest] 376  - [39m08/06/2026, 11:29:31 AM [32m    LOG[39m [38;5;3m[RouterExplorer] [39m[32mMapped {/online-exams/schedule/:scheduleId/start, POST} route[39m[38;5;3m +0ms[39m
[32m[Nest] 376  - [39m08/06/2026, 11:29:31 AM [32m    LOG[39m [38;5;3m[RouterExplorer] [39m[32mMapped {/online-exams/attempt/:token/questions, GET} route[39m[38;5;3m +0ms[39m
[32m[Nest] 376  - [39m08/06/2026, 11:29:31 AM [32m    LOG[39m [38;5;3m[RouterExplorer] [39m[32mMapped {/online-exams/attempt/:token/answers/save, POST} route[39m[38;5;3m +1ms[39m
[32m[Nest] 376  - [39m08/06/2026, 11:29:31 AM [32m    LOG[39m [38;5;3m[RouterExplorer] [39m[32mMapped {/online-exams/attempt/:token/heartbeat, POST} route[39m[38;5;3m +0ms[39m
[32m[Nest] 376  - [39m08/06/2026, 11:29:31 AM [32m    LOG[39m [38;5;3m[RouterExplorer] [39m[32mMapped {/online-exams/attempt/:token/events, POST} route[39m[38;5;3m +0ms[39m
[32m[Nest] 376  - [39m08/06/2026, 11:29:31 AM [32m    LOG[39m [38;5;3m[RouterExplorer] [39m[32mMapped {/online-exams/attempt/:token/submit, POST} route[39m[38;5;3m +1ms[39m
[32m[Nest] 376  - [39m08/06/2026, 11:29:31 AM [32m    LOG[39m [38;5;3m[RouterExplorer] [39m[32mMapped {/online-exams/attempt/:attemptId/result, GET} route[39m[38;5;3m +0ms[39m
[32m[Nest] 376  - [39m08/06/2026, 11:29:31 AM [32m    LOG[39m [38;5;3m[RouterExplorer] [39m[32mMapped {/online-exams/attempt/:attemptId/appeal, POST} route[39m[38;5;3m +1ms[39m
[32m[Nest] 376  - [39m08/06/2026, 11:29:31 AM [32m    LOG[39m [38;5;3m[RouterExplorer] [39m[32mMapped {/online-exams/schedule/:scheduleId/grade-report, GET} route[39m[38;5;3m +8ms[39m
[32m[Nest] 376  - [39m08/06/2026, 11:29:31 AM [32m    LOG[39m [38;5;3m[RoutesResolver] [39m[32mProctorController {/proctor}:[39m[38;5;3m +1ms[39m
[32m[Nest] 376  - [39m08/06/2026, 11:29:31 AM [32m    LOG[39m [38;5;3m[RouterExplorer] [39m[32mMapped {/proctor/live-dashboard/:scheduleRoomId, GET} route[39m[38;5;3m +2ms[39m
[32m[Nest] 376  - [39m08/06/2026, 11:29:31 AM [32m    LOG[39m [38;5;3m[RouterExplorer] [39m[32mMapped {/proctor/attempt/:attemptId/extend-time, POST} route[39m[38;5;3m +2ms[39m
[32m[Nest] 376  - [39m08/06/2026, 11:29:31 AM [32m    LOG[39m [38;5;3m[RouterExplorer] [39m[32mMapped {/proctor/attempt/:attemptId/reopen, POST} route[39m[38;5;3m +0ms[39m
[32m[Nest] 376  - [39m08/06/2026, 11:29:31 AM [32m    LOG[39m [38;5;3m[RouterExplorer] [39m[32mMapped {/proctor/attempt/:attemptId/flag-incident, POST} route[39m[38;5;3m +1ms[39m
[32m[Nest] 376  - [39m08/06/2026, 11:29:31 AM [32m    LOG[39m [38;5;3m[RouterExplorer] [39m[32mMapped {/proctor/attempt/:attemptId/resolve-incident, POST} route[39m[38;5;3m +1ms[39m
[32m[Nest] 376  - [39m08/06/2026, 11:29:31 AM [32m    LOG[39m [38;5;3m[RoutesResolver] [39m[32mEssayController {/essay}:[39m[38;5;3m +0ms[39m
[32m[Nest] 376  - [39m08/06/2026, 11:29:31 AM [32m    LOG[39m [38;5;3m[RouterExplorer] [39m[32mMapped {/essay/questions/:questionId/rubric, GET} route[39m[38;5;3m +1ms[39m
[32m[Nest] 376  - [39m08/06/2026, 11:29:31 AM [32m    LOG[39m [38;5;3m[RouterExplorer] [39m[32mMapped {/essay/questions/:questionId/rubric, POST} route[39m[38;5;3m +0ms[39m
[32m[Nest] 376  - [39m08/06/2026, 11:29:31 AM [32m    LOG[39m [38;5;3m[RouterExplorer] [39m[32mMapped {/essay/grading/assignments, GET} route[39m[38;5;3m +1ms[39m
[32m[Nest] 376  - [39m08/06/2026, 11:29:31 AM [32m    LOG[39m [38;5;3m[RouterExplorer] [39m[32mMapped {/essay/grading/attempts/:attemptId, GET} route[39m[38;5;3m +1ms[39m
[32m[Nest] 376  - [39m08/06/2026, 11:29:31 AM [32m    LOG[39m [38;5;3m[RouterExplorer] [39m[32mMapped {/essay/grading/answers/:answerId, PATCH} route[39m[38;5;3m +1ms[39m
[32m[Nest] 376  - [39m08/06/2026, 11:29:31 AM [32m    LOG[39m [38;5;3m[RouterExplorer] [39m[32mMapped {/essay/grading/attempts/:attemptId/submit, POST} route[39m[38;5;3m +0ms[39m
[32m[Nest] 376  - [39m08/06/2026, 11:29:31 AM [32m    LOG[39m [38;5;3m[RouterExplorer] [39m[32mMapped {/essay/grading/attempts/:attemptId/approve, POST} route[39m[38;5;3m +0ms[39m
[32m[Nest] 376  - [39m08/06/2026, 11:29:31 AM [32m    LOG[39m [38;5;3m[RouterExplorer] [39m[32mMapped {/essay/grading/attempts/:attemptId/publish, POST} route[39m[38;5;3m +1ms[39m
[32m[Nest] 376  - [39m08/06/2026, 11:29:31 AM [32m    LOG[39m [38;5;3m[RouterExplorer] [39m[32mMapped {/essay/grading/attempts/:attemptId/reopen, POST} route[39m[38;5;3m +0ms[39m
[32m[Nest] 376  - [39m08/06/2026, 11:29:31 AM [32m    LOG[39m [38;5;3m[RouterExplorer] [39m[32mMapped {/essay/grading/attempts/:attemptId/extend-time, POST} route[39m[38;5;3m +2ms[39m
[32m[Nest] 376  - [39m08/06/2026, 11:29:31 AM [32m    LOG[39m [38;5;3m[RouterExplorer] [39m[32mMapped {/essay/grading/attempts/:attemptId/penalty, POST} route[39m[38;5;3m +1ms[39m
[32m[Nest] 376  - [39m08/06/2026, 11:29:31 AM [32m    LOG[39m [38;5;3m[RouterExplorer] [39m[32mMapped {/essay/attempt/:token/answers/:questionId/files, POST} route[39m[38;5;3m +0ms[39m
[32m[Nest] 376  - [39m08/06/2026, 11:29:31 AM [32m    LOG[39m [38;5;3m[RoutesResolver] [39m[32mEssayGradingController {/essay-grading}:[39m[38;5;3m +0ms[39m
[32m[Nest] 376  - [39m08/06/2026, 11:29:31 AM [32m    LOG[39m [38;5;3m[RouterExplorer] [39m[32mMapped {/essay-grading/assignments, GET} route[39m[38;5;3m +1ms[39m
[32m[Nest] 376  - [39m08/06/2026, 11:29:31 AM [32m    LOG[39m [38;5;3m[RouterExplorer] [39m[32mMapped {/essay-grading/attempts/:attemptId, GET} route[39m[38;5;3m +0ms[39m
[32m[Nest] 376  - [39m08/06/2026, 11:29:31 AM [32m    LOG[39m [38;5;3m[RouterExplorer] [39m[32mMapped {/essay-grading/answers/:answerId, PATCH} route[39m[38;5;3m +2ms[39m
[32m[Nest] 376  - [39m08/06/2026, 11:29:31 AM [32m    LOG[39m [38;5;3m[RouterExplorer] [39m[32mMapped {/essay-grading/answers/:answerId/ai-suggest, POST} route[39m[38;5;3m +0ms[39m
[32m[Nest] 376  - [39m08/06/2026, 11:29:31 AM [32m    LOG[39m [38;5;3m[RouterExplorer] [39m[32mMapped {/essay-grading/attempts/:attemptId/submit, POST} route[39m[38;5;3m +0ms[39m
[32m[Nest] 376  - [39m08/06/2026, 11:29:31 AM [32m    LOG[39m [38;5;3m[RouterExplorer] [39m[32mMapped {/essay-grading/attempts/:attemptId/approve, POST} route[39m[38;5;3m +1ms[39m
[32m[Nest] 376  - [39m08/06/2026, 11:29:31 AM [32m    LOG[39m [38;5;3m[RouterExplorer] [39m[32mMapped {/essay-grading/attempts/:attemptId/publish, POST} route[39m[38;5;3m +0ms[39m
[32m[Nest] 376  - [39m08/06/2026, 11:29:31 AM [32m    LOG[39m [38;5;3m[RouterExplorer] [39m[32mMapped {/essay-grading/attempts/:attemptId/reopen, POST} route[39m[38;5;3m +0ms[39m
[32m[Nest] 376  - [39m08/06/2026, 11:29:31 AM [32m    LOG[39m [38;5;3m[RouterExplorer] [39m[32mMapped {/essay-grading/attempts/:attemptId/extend-time, POST} route[39m[38;5;3m +1ms[39m
[32m[Nest] 376  - [39m08/06/2026, 11:29:31 AM [32m    LOG[39m [38;5;3m[RouterExplorer] [39m[32mMapped {/essay-grading/attempts/:attemptId/penalty, POST} route[39m[38;5;3m +0ms[39m
[32m[Nest] 376  - [39m08/06/2026, 11:29:31 AM [32m    LOG[39m [38;5;3m[RoutesResolver] [39m[32mEssayConfigController {/online-exam-config}:[39m[38;5;3m +0ms[39m
[32m[Nest] 376  - [39m08/06/2026, 11:29:31 AM [32m    LOG[39m [38;5;3m[RouterExplorer] [39m[32mMapped {/online-exam-config/:scheduleId/essay, PATCH} route[39m[38;5;3m +1ms[39m
[32m[Nest] 376  - [39m08/06/2026, 11:29:31 AM [32m    LOG[39m [38;5;3m[RoutesResolver] [39m[32mContactController {/contact}:[39m[38;5;3m +0ms[39m
[32m[Nest] 376  - [39m08/06/2026, 11:29:31 AM [32m    LOG[39m [38;5;3m[RouterExplorer] [39m[32mMapped {/contact/send, POST} route[39m[38;5;3m +0ms[39m
[32m[Nest] 376  - [39m08/06/2026, 11:29:31 AM [32m    LOG[39m [38;5;3m[NestApplication] [39m[32mNest application successfully started[39m[38;5;3m +150ms[39m
Backend Application is running on: http://localhost:3001
[32m[Nest] 376  - [39m08/06/2026, 11:30:10 AM [32m    LOG[39m [38;5;3m[HTTP] [39m[32m[POST] /auth/login - Finished in 269ms[39m
[33m[Nest] 376  - [39m08/06/2026, 11:30:10 AM [33m   WARN[39m [38;5;3m[HTTP-ERROR] [39m[33m[31m[POST] /exam-papers/preview-random - Status 400 - Error: {"message":"Loáº¡i Ä‘á» khÃ´ng khá»›p vá»›i loáº¡i lá»‹ch thi Ä‘Ã£ chá»n.","error":"Bad Request","statusCode":400}[0m[39m
[32m[Nest] 376  - [39m08/06/2026, 11:30:18 AM [32m    LOG[39m [38;5;3m[HTTP] [39m[32m[POST] /auth/login - Finished in 112ms[39m
[32m[Nest] 376  - [39m08/06/2026, 11:30:18 AM [32m    LOG[39m [38;5;3m[HTTP] [39m[32m[POST] /exam-papers/preview-random - Finished in 95ms[39m
[32m[Nest] 376  - [39m08/06/2026, 11:30:18 AM [32m    LOG[39m [38;5;3m[HTTP] [39m[32m[POST] /exam-papers/preview-random - Finished in 29ms[39m
[2J[3J[H[[90m11:30:43 AM[0m] File change detected. Starting incremental compilation...

[[90m11:30:43 AM[0m] Found 0 errors. Watching for file changes.

[32m[Nest] 14656  - [39m08/06/2026, 11:30:48 AM [32m    LOG[39m [38;5;3m[NestFactory] [39m[32mStarting Nest application...[39m
[32m[Nest] 14656  - [39m08/06/2026, 11:30:48 AM [32m    LOG[39m [38;5;3m[InstanceLoader] [39m[32mAppModule dependencies initialized[39m[38;5;3m +31ms[39m
[32m[Nest] 14656  - [39m08/06/2026, 11:30:48 AM [32m    LOG[39m [38;5;3m[InstanceLoader] [39m[32mPrismaModule dependencies initialized[39m[38;5;3m +10ms[39m
[32m[Nest] 14656  - [39m08/06/2026, 11:30:48 AM [32m    LOG[39m [38;5;3m[InstanceLoader] [39m[32mPassportModule dependencies initialized[39m[38;5;3m +0ms[39m
[32m[Nest] 14656  - [39m08/06/2026, 11:30:48 AM [32m    LOG[39m [38;5;3m[InstanceLoader] [39m[32mSecurityModule dependencies initialized[39m[38;5;3m +9ms[39m
[32m[Nest] 14656  - [39m08/06/2026, 11:30:48 AM [32m    LOG[39m [38;5;3m[InstanceLoader] [39m[32mAuditModule dependencies initialized[39m[38;5;3m +0ms[39m
[32m[Nest] 14656  - [39m08/06/2026, 11:30:48 AM [32m    LOG[39m [38;5;3m[InstanceLoader] [39m[32mConfigHostModule dependencies initialized[39m[38;5;3m +0ms[39m
[32m[Nest] 14656  - [39m08/06/2026, 11:30:48 AM [32m    LOG[39m [38;5;3m[InstanceLoader] [39m[32mJwtModule dependencies initialized[39m[38;5;3m +1ms[39m
[32m[Nest] 14656  - [39m08/06/2026, 11:30:48 AM [32m    LOG[39m [38;5;3m[InstanceLoader] [39m[32mConfigModule dependencies initialized[39m[38;5;3m +3ms[39m
[32m[Nest] 14656  - [39m08/06/2026, 11:30:48 AM [32m    LOG[39m [38;5;3m[InstanceLoader] [39m[32mUsersModule dependencies initialized[39m[38;5;3m +7ms[39m
[32m[Nest] 14656  - [39m08/06/2026, 11:30:48 AM [32m    LOG[39m [38;5;3m[InstanceLoader] [39m[32mDepartmentsModule dependencies initialized[39m[38;5;3m +0ms[39m
[32m[Nest] 14656  - [39m08/06/2026, 11:30:48 AM [32m    LOG[39m [38;5;3m[InstanceLoader] [39m[32mClassesModule dependencies initialized[39m[38;5;3m +0ms[39m
[32m[Nest] 14656  - [39m08/06/2026, 11:30:48 AM [32m    LOG[39m [38;5;3m[InstanceLoader] [39m[32mStudentsModule dependencies initialized[39m[38;5;3m +0ms[39m
[32m[Nest] 14656  - [39m08/06/2026, 11:30:48 AM [32m    LOG[39m [38;5;3m[InstanceLoader] [39m[32mSubjectsModule dependencies initialized[39m[38;5;3m +0ms[39m
[32m[Nest] 14656  - [39m08/06/2026, 11:30:48 AM [32m    LOG[39m [38;5;3m[InstanceLoader] [39m[32mDashboardModule dependencies initialized[39m[38;5;3m +0ms[39m
[32m[Nest] 14656  - [39m08/06/2026, 11:30:48 AM [32m    LOG[39m [38;5;3m[InstanceLoader] [39m[32mContactModule dependencies initialized[39m[38;5;3m +0ms[39m
[32m[Nest] 14656  - [39m08/06/2026, 11:30:48 AM [32m    LOG[39m [38;5;3m[InstanceLoader] [39m[32mProctorModule dependencies initialized[39m[38;5;3m +1ms[39m
[32m[Nest] 14656  - [39m08/06/2026, 11:30:48 AM [32m    LOG[39m [38;5;3m[InstanceLoader] [39m[32mTeachersModule dependencies initialized[39m[38;5;3m +0ms[39m
[32m[Nest] 14656  - [39m08/06/2026, 11:30:48 AM [32m    LOG[39m [38;5;3m[InstanceLoader] [39m[32mExamRoomsModule dependencies initialized[39m[38;5;3m +0ms[39m
[32m[Nest] 14656  - [39m08/06/2026, 11:30:48 AM [32m    LOG[39m [38;5;3m[InstanceLoader] [39m[32mExamPeriodsModule dependencies initialized[39m[38;5;3m +0ms[39m
[32m[Nest] 14656  - [39m08/06/2026, 11:30:48 AM [32m    LOG[39m [38;5;3m[InstanceLoader] [39m[32mExamSchedulesModule dependencies initialized[39m[38;5;3m +0ms[39m
[32m[Nest] 14656  - [39m08/06/2026, 11:30:48 AM [32m    LOG[39m [38;5;3m[InstanceLoader] [39m[32mExamArrangementModule dependencies initialized[39m[38;5;3m +0ms[39m
[32m[Nest] 14656  - [39m08/06/2026, 11:30:48 AM [32m    LOG[39m [38;5;3m[InstanceLoader] [39m[32mExamSupervisorsModule dependencies initialized[39m[38;5;3m +0ms[39m
[32m[Nest] 14656  - [39m08/06/2026, 11:30:48 AM [32m    LOG[39m [38;5;3m[InstanceLoader] [39m[32mQuestionsModule dependencies initialized[39m[38;5;3m +0ms[39m
[32m[Nest] 14656  - [39m08/06/2026, 11:30:48 AM [32m    LOG[39m [38;5;3m[InstanceLoader] [39m[32mExamPapersModule dependencies initialized[39m[38;5;3m +1ms[39m
[32m[Nest] 14656  - [39m08/06/2026, 11:30:48 AM [32m    LOG[39m [38;5;3m[InstanceLoader] [39m[32mEssayModule dependencies initialized[39m[38;5;3m +0ms[39m
[32m[Nest] 14656  - [39m08/06/2026, 11:30:48 AM [32m    LOG[39m [38;5;3m[InstanceLoader] [39m[32mOnlineExamsModule dependencies initialized[39m[38;5;3m +0ms[39m
[32m[Nest] 14656  - [39m08/06/2026, 11:30:48 AM [32m    LOG[39m [38;5;3m[InstanceLoader] [39m[32mAuthModule dependencies initialized[39m[38;5;3m +0ms[39m
[32m[Nest] 14656  - [39m08/06/2026, 11:30:48 AM [32m    LOG[39m [38;5;3m[RoutesResolver] [39m[32mAuthController {/auth}:[39m[38;5;3m +7ms[39m
[32m[Nest] 14656  - [39m08/06/2026, 11:30:48 AM [32m    LOG[39m [38;5;3m[RouterExplorer] [39m[32mMapped {/auth/login, POST} route[39m[38;5;3m +5ms[39m
[32m[Nest] 14656  - [39m08/06/2026, 11:30:48 AM [32m    LOG[39m [38;5;3m[RouterExplorer] [39m[32mMapped {/auth/profile, GET} route[39m[38;5;3m +1ms[39m
[32m[Nest] 14656  - [39m08/06/2026, 11:30:48 AM [32m    LOG[39m [38;5;3m[RouterExplorer] [39m[32mMapped {/auth/change-password, POST} route[39m[38;5;3m +0ms[39m
[32m[Nest] 14656  - [39m08/06/2026, 11:30:48 AM [32m    LOG[39m [38;5;3m[RouterExplorer] [39m[32mMapped {/auth/profile, POST} route[39m[38;5;3m +1ms[39m
[32m[Nest] 14656  - [39m08/06/2026, 11:30:48 AM [32m    LOG[39m [38;5;3m[RoutesResolver] [39m[32mUsersController {/users}:[39m[38;5;3m +0ms[39m
[32m[Nest] 14656  - [39m08/06/2026, 11:30:48 AM [32m    LOG[39m [38;5;3m[RouterExplorer] [39m[32mMapped {/users/dashboard-stats, GET} route[39m[38;5;3m +1ms[39m
[32m[Nest] 14656  - [39m08/06/2026, 11:30:48 AM [32m    LOG[39m [38;5;3m[RouterExplorer] [39m[32mMapped {/users, GET} route[39m[38;5;3m +0ms[39m
[32m[Nest] 14656  - [39m08/06/2026, 11:30:48 AM [32m    LOG[39m [38;5;3m[RouterExplorer] [39m[32mMapped {/users/:id, GET} route[39m[38;5;3m +1ms[39m
[32m[Nest] 14656  - [39m08/06/2026, 11:30:48 AM [32m    LOG[39m [38;5;3m[RoutesResolver] [39m[32mDepartmentsController {/departments}:[39m[38;5;3m +0ms[39m
[32m[Nest] 14656  - [39m08/06/2026, 11:30:48 AM [32m    LOG[39m [38;5;3m[RouterExplorer] [39m[32mMapped {/departments, GET} route[39m[38;5;3m +0ms[39m
[32m[Nest] 14656  - [39m08/06/2026, 11:30:48 AM [32m    LOG[39m [38;5;3m[RouterExplorer] [39m[32mMapped {/departments/:id/curriculum, GET} route[39m[38;5;3m +1ms[39m
[32m[Nest] 14656  - [39m08/06/2026, 11:30:48 AM [32m    LOG[39m [38;5;3m[RouterExplorer] [39m[32mMapped {/departments/:id, GET} route[39m[38;5;3m +0ms[39m
[32m[Nest] 14656  - [39m08/06/2026, 11:30:48 AM [32m    LOG[39m [38;5;3m[RouterExplorer] [39m[32mMapped {/departments, POST} route[39m[38;5;3m +0ms[39m
[32m[Nest] 14656  - [39m08/06/2026, 11:30:48 AM [32m    LOG[39m [38;5;3m[RouterExplorer] [39m[32mMapped {/departments/:id/curriculum, POST} route[39m[38;5;3m +0ms[39m
[32m[Nest] 14656  - [39m08/06/2026, 11:30:48 AM [32m    LOG[39m [38;5;3m[RouterExplorer] [39m[32mMapped {/departments/:id, PATCH} route[39m[38;5;3m +1ms[39m
[32m[Nest] 14656  - [39m08/06/2026, 11:30:48 AM [32m    LOG[39m [38;5;3m[RouterExplorer] [39m[32mMapped {/departments/:id/curriculum/:subjectId, DELETE} route[39m[38;5;3m +0ms[39m
[32m[Nest] 14656  - [39m08/06/2026, 11:30:48 AM [32m    LOG[39m [38;5;3m[RouterExplorer] [39m[32mMapped {/departments/:id, DELETE} route[39m[38;5;3m +0ms[39m
[32m[Nest] 14656  - [39m08/06/2026, 11:30:48 AM [32m    LOG[39m [38;5;3m[RoutesResolver] [39m[32mClassesController {/classes}:[39m[38;5;3m +1ms[39m
[32m[Nest] 14656  - [39m08/06/2026, 11:30:48 AM [32m    LOG[39m [38;5;3m[RouterExplorer] [39m[32mMapped {/classes, GET} route[39m[38;5;3m +0ms[39m
[32m[Nest] 14656  - [39m08/06/2026, 11:30:48 AM [32m    LOG[39m [38;5;3m[RouterExplorer] [39m[32mMapped {/classes/:id, GET} route[39m[38;5;3m +0ms[39m
[32m[Nest] 14656  - [39m08/06/2026, 11:30:48 AM [32m    LOG[39m [38;5;3m[RouterExplorer] [39m[32mMapped {/classes, POST} route[39m[38;5;3m +1ms[39m
[32m[Nest] 14656  - [39m08/06/2026, 11:30:48 AM [32m    LOG[39m [38;5;3m[RouterExplorer] [39m[32mMapped {/classes/:id, PATCH} route[39m[38;5;3m +0ms[39m
[32m[Nest] 14656  - [39m08/06/2026, 11:30:48 AM [32m    LOG[39m [38;5;3m[RouterExplorer] [39m[32mMapped {/classes/:id, DELETE} route[39m[38;5;3m +0ms[39m
[32m[Nest] 14656  - [39m08/06/2026, 11:30:48 AM [32m    LOG[39m [38;5;3m[RoutesResolver] [39m[32mStudentsController {/students}:[39m[38;5;3m +0ms[39m
[32m[Nest] 14656  - [39m08/06/2026, 11:30:48 AM [32m    LOG[39m [38;5;3m[RouterExplorer] [39m[32mMapped {/students/my-schedule, GET} route[39m[38;5;3m +1ms[39m
[32m[Nest] 14656  - [39m08/06/2026, 11:30:48 AM [32m    LOG[39m [38;5;3m[RouterExplorer] [39m[32mMapped {/students/my-curriculum, GET} route[39m[38;5;3m +0ms[39m
[32m[Nest] 14656  - [39m08/06/2026, 11:30:48 AM [32m    LOG[39m [38;5;3m[RouterExplorer] [39m[32mMapped {/students, GET} route[39m[38;5;3m +0ms[39m
[32m[Nest] 14656  - [39m08/06/2026, 11:30:48 AM [32m    LOG[39m [38;5;3m[RouterExplorer] [39m[32mMapped {/students/:id, GET} route[39m[38;5;3m +0ms[39m
[32m[Nest] 14656  - [39m08/06/2026, 11:30:48 AM [32m    LOG[39m [38;5;3m[RouterExplorer] [39m[32mMapped {/students, POST} route[39m[38;5;3m +0ms[39m
[32m[Nest] 14656  - [39m08/06/2026, 11:30:48 AM [32m    LOG[39m [38;5;3m[RouterExplorer] [39m[32mMapped {/students/:id, PATCH} route[39m[38;5;3m +1ms[39m
[32m[Nest] 14656  - [39m08/06/2026, 11:30:48 AM [32m    LOG[39m [38;5;3m[RouterExplorer] [39m[32mMapped {/students/:id, DELETE} route[39m[38;5;3m +0ms[39m
[32m[Nest] 14656  - [39m08/06/2026, 11:30:48 AM [32m    LOG[39m [38;5;3m[RoutesResolver] [39m[32mTeachersController {/teachers}:[39m[38;5;3m +0ms[39m
[32m[Nest] 14656  - [39m08/06/2026, 11:30:48 AM [32m    LOG[39m [38;5;3m[RouterExplorer] [39m[32mMapped {/teachers/my-assignments, GET} route[39m[38;5;3m +0ms[39m
[32m[Nest] 14656  - [39m08/06/2026, 11:30:48 AM [32m    LOG[39m [38;5;3m[RouterExplorer] [39m[32mMapped {/teachers/my-assignments/:id/status, PATCH} route[39m[38;5;3m +0ms[39m
[32m[Nest] 14656  - [39m08/06/2026, 11:30:48 AM [32m    LOG[39m [38;5;3m[RouterExplorer] [39m[32mMapped {/teachers/my-assignments/:id/attendance-sheet, GET} route[39m[38;5;3m +0ms[39m
[32m[Nest] 14656  - [39m08/06/2026, 11:30:48 AM [32m    LOG[39m [38;5;3m[RouterExplorer] [39m[32mMapped {/teachers, GET} route[39m[38;5;3m +0ms[39m
[32m[Nest] 14656  - [39m08/06/2026, 11:30:48 AM [32m    LOG[39m [38;5;3m[RouterExplorer] [39m[32mMapped {/teachers/:id/lock, POST} route[39m[38;5;3m +1ms[39m
[32m[Nest] 14656  - [39m08/06/2026, 11:30:48 AM [32m    LOG[39m [38;5;3m[RouterExplorer] [39m[32mMapped {/teachers/:id/unlock, POST} route[39m[38;5;3m +0ms[39m
[32m[Nest] 14656  - [39m08/06/2026, 11:30:48 AM [32m    LOG[39m [38;5;3m[RouterExplorer] [39m[32mMapped {/teachers/:id, GET} route[39m[38;5;3m +0ms[39m
[32m[Nest] 14656  - [39m08/06/2026, 11:30:48 AM [32m    LOG[39m [38;5;3m[RouterExplorer] [39m[32mMapped {/teachers, POST} route[39m[38;5;3m +0ms[39m
[32m[Nest] 14656  - [39m08/06/2026, 11:30:48 AM [32m    LOG[39m [38;5;3m[RouterExplorer] [39m[32mMapped {/teachers/:id, PATCH} route[39m[38;5;3m +1ms[39m
[32m[Nest] 14656  - [39m08/06/2026, 11:30:48 AM [32m    LOG[39m [38;5;3m[RouterExplorer] [39m[32mMapped {/teachers/:id, DELETE} route[39m[38;5;3m +0ms[39m
[32m[Nest] 14656  - [39m08/06/2026, 11:30:48 AM [32m    LOG[39m [38;5;3m[RoutesResolver] [39m[32mSubjectsController {/subjects}:[39m[38;5;3m +0ms[39m
[32m[Nest] 14656  - [39m08/06/2026, 11:30:48 AM [32m    LOG[39m [38;5;3m[RouterExplorer] [39m[32mMapped {/subjects, GET} route[39m[38;5;3m +1ms[39m
[32m[Nest] 14656  - [39m08/06/2026, 11:30:48 AM [32m    LOG[39m [38;5;3m[RouterExplorer] [39m[32mMapped {/subjects/:id, GET} route[39m[38;5;3m +0ms[39m
[32m[Nest] 14656  - [39m08/06/2026, 11:30:48 AM [32m    LOG[39m [38;5;3m[RouterExplorer] [39m[32mMapped {/subjects/:id/chapters, GET} route[39m[38;5;3m +0ms[39m
[32m[Nest] 14656  - [39m08/06/2026, 11:30:48 AM [32m    LOG[39m [38;5;3m[RouterExplorer] [39m[32mMapped {/subjects/:id/enrollments, GET} route[39m[38;5;3m +1ms[39m
[32m[Nest] 14656  - [39m08/06/2026, 11:30:48 AM [32m    LOG[39m [38;5;3m[RouterExplorer] [39m[32mMapped {/subjects/:id/enroll-students, POST} route[39m[38;5;3m +0ms[39m
[32m[Nest] 14656  - [39m08/06/2026, 11:30:48 AM [32m    LOG[39m [38;5;3m[RouterExplorer] [39m[32mMapped {/subjects, POST} route[39m[38;5;3m +0ms[39m
[32m[Nest] 14656  - [39m08/06/2026, 11:30:48 AM [32m    LOG[39m [38;5;3m[RouterExplorer] [39m[32mMapped {/subjects/:id, PATCH} route[39m[38;5;3m +1ms[39m
[32m[Nest] 14656  - [39m08/06/2026, 11:30:48 AM [32m    LOG[39m [38;5;3m[RouterExplorer] [39m[32mMapped {/subjects/:id, DELETE} route[39m[38;5;3m +0ms[39m
[32m[Nest] 14656  - [39m08/06/2026, 11:30:48 AM [32m    LOG[39m [38;5;3m[RoutesResolver] [39m[32mExamRoomsController {/exam-rooms}:[39m[38;5;3m +0ms[39m
[32m[Nest] 14656  - [39m08/06/2026, 11:30:48 AM [32m    LOG[39m [38;5;3m[RouterExplorer] [39m[32mMapped {/exam-rooms, GET} route[39m[38;5;3m +1ms[39m
[32m[Nest] 14656  - [39m08/06/2026, 11:30:48 AM [32m    LOG[39m [38;5;3m[RouterExplorer] [39m[32mMapped {/exam-rooms/:id, GET} route[39m[38;5;3m +0ms[39m
[32m[Nest] 14656  - [39m08/06/2026, 11:30:48 AM [32m    LOG[39m [38;5;3m[RouterExplorer] [39m[32mMapped {/exam-rooms/:id/lock, POST} route[39m[38;5;3m +1ms[39m
[32m[Nest] 14656  - [39m08/06/2026, 11:30:48 AM [32m    LOG[39m [38;5;3m[RouterExplorer] [39m[32mMapped {/exam-rooms/:id/unlock, POST} route[39m[38;5;3m +0ms[39m
[32m[Nest] 14656  - [39m08/06/2026, 11:30:48 AM [32m    LOG[39m [38;5;3m[RouterExplorer] [39m[32mMapped {/exam-rooms, POST} route[39m[38;5;3m +0ms[39m
[32m[Nest] 14656  - [39m08/06/2026, 11:30:48 AM [32m    LOG[39m [38;5;3m[RouterExplorer] [39m[32mMapped {/exam-rooms/:id, PATCH} route[39m[38;5;3m +1ms[39m
[32m[Nest] 14656  - [39m08/06/2026, 11:30:48 AM [32m    LOG[39m [38;5;3m[RouterExplorer] [39m[32mMapped {/exam-rooms/:id, DELETE} route[39m[38;5;3m +0ms[39m
[32m[Nest] 14656  - [39m08/06/2026, 11:30:48 AM [32m    LOG[39m [38;5;3m[RoutesResolver] [39m[32mExamPeriodsController {/exam-periods}:[39m[38;5;3m +0ms[39m
[32m[Nest] 14656  - [39m08/06/2026, 11:30:48 AM [32m    LOG[39m [38;5;3m[RouterExplorer] [39m[32mMapped {/exam-periods, GET} route[39m[38;5;3m +0ms[39m
[32m[Nest] 14656  - [39m08/06/2026, 11:30:48 AM [32m    LOG[39m [38;5;3m[RouterExplorer] [39m[32mMapped {/exam-periods/:id, GET} route[39m[38;5;3m +1ms[39m
[32m[Nest] 14656  - [39m08/06/2026, 11:30:48 AM [32m    LOG[39m [38;5;3m[RouterExplorer] [39m[32mMapped {/exam-periods, POST} route[39m[38;5;3m +0ms[39m
[32m[Nest] 14656  - [39m08/06/2026, 11:30:48 AM [32m    LOG[39m [38;5;3m[RouterExplorer] [39m[32mMapped {/exam-periods/:id, PATCH} route[39m[38;5;3m +0ms[39m
[32m[Nest] 14656  - [39m08/06/2026, 11:30:48 AM [32m    LOG[39m [38;5;3m[RouterExplorer] [39m[32mMapped {/exam-periods/:id, DELETE} route[39m[38;5;3m +0ms[39m
[32m[Nest] 14656  - [39m08/06/2026, 11:30:48 AM [32m    LOG[39m [38;5;3m[RouterExplorer] [39m[32mMapped {/exam-periods/:id/lock, POST} route[39m[38;5;3m +0ms[39m
[32m[Nest] 14656  - [39m08/06/2026, 11:30:48 AM [32m    LOG[39m [38;5;3m[RouterExplorer] [39m[32mMapped {/exam-periods/:id/unlock, POST} route[39m[38;5;3m +0ms[39m
[32m[Nest] 14656  - [39m08/06/2026, 11:30:48 AM [32m    LOG[39m [38;5;3m[RoutesResolver] [39m[32mExamSchedulesController {/exam-schedules}:[39m[38;5;3m +1ms[39m
[32m[Nest] 14656  - [39m08/06/2026, 11:30:48 AM [32m    LOG[39m [38;5;3m[RouterExplorer] [39m[32mMapped {/exam-schedules, GET} route[39m[38;5;3m +0ms[39m
[32m[Nest] 14656  - [39m08/06/2026, 11:30:48 AM [32m    LOG[39m [38;5;3m[RouterExplorer] [39m[32mMapped {/exam-schedules/conflicts, GET} route[39m[38;5;3m +0ms[39m
[32m[Nest] 14656  - [39m08/06/2026, 11:30:48 AM [32m    LOG[39m [38;5;3m[RouterExplorer] [39m[32mMapped {/exam-schedules/trash, GET} route[39m[38;5;3m +0ms[39m
[32m[Nest] 14656  - [39m08/06/2026, 11:30:48 AM [32m    LOG[39m [38;5;3m[RouterExplorer] [39m[32mMapped {/exam-schedules/auto-preview, POST} route[39m[38;5;3m +0ms[39m
[32m[Nest] 14656  - [39m08/06/2026, 11:30:48 AM [32m    LOG[39m [38;5;3m[RouterExplorer] [39m[32mMapped {/exam-schedules/auto-apply, POST} route[39m[38;5;3m +0ms[39m
[32m[Nest] 14656  - [39m08/06/2026, 11:30:48 AM [32m    LOG[39m [38;5;3m[RouterExplorer] [39m[32mMapped {/exam-schedules/:id/lock, POST} route[39m[38;5;3m +1ms[39m
[32m[Nest] 14656  - [39m08/06/2026, 11:30:48 AM [32m    LOG[39m [38;5;3m[RouterExplorer] [39m[32mMapped {/exam-schedules/:id/unlock, POST} route[39m[38;5;3m +0ms[39m
[32m[Nest] 14656  - [39m08/06/2026, 11:30:48 AM [32m    LOG[39m [38;5;3m[RouterExplorer] [39m[32mMapped {/exam-schedules/:id, GET} route[39m[38;5;3m +0ms[39m
[32m[Nest] 14656  - [39m08/06/2026, 11:30:48 AM [32m    LOG[39m [38;5;3m[RouterExplorer] [39m[32mMapped {/exam-schedules, POST} route[39m[38;5;3m +0ms[39m
[32m[Nest] 14656  - [39m08/06/2026, 11:30:48 AM [32m    LOG[39m [38;5;3m[RouterExplorer] [39m[32mMapped {/exam-schedules/:id, PATCH} route[39m[38;5;3m +0ms[39m
[32m[Nest] 14656  - [39m08/06/2026, 11:30:48 AM [32m    LOG[39m [38;5;3m[RouterExplorer] [39m[32mMapped {/exam-schedules/:id, DELETE} route[39m[38;5;3m +0ms[39m
[32m[Nest] 14656  - [39m08/06/2026, 11:30:48 AM [32m    LOG[39m [38;5;3m[RouterExplorer] [39m[32mMapped {/exam-schedules/:id/reopen-entry, POST} route[39m[38;5;3m +1ms[39m
[32m[Nest] 14656  - [39m08/06/2026, 11:30:48 AM [32m    LOG[39m [38;5;3m[RouterExplorer] [39m[32mMapped {/exam-schedules/:id/restore, POST} route[39m[38;5;3m +0ms[39m
[32m[Nest] 14656  - [39m08/06/2026, 11:30:48 AM [32m    LOG[39m [38;5;3m[RoutesResolver] [39m[32mExamArrangementController {/exam-arrangement}:[39m[38;5;3m +0ms[39m
[32m[Nest] 14656  - [39m08/06/2026, 11:30:48 AM [32m    LOG[39m [38;5;3m[RouterExplorer] [39m[32mMapped {/exam-arrangement/auto-arrange, POST} route[39m[38;5;3m +1ms[39m
[32m[Nest] 14656  - [39m08/06/2026, 11:30:48 AM [32m    LOG[39m [38;5;3m[RouterExplorer] [39m[32mMapped {/exam-arrangement/preview, POST} route[39m[38;5;3m +0ms[39m
[32m[Nest] 14656  - [39m08/06/2026, 11:30:48 AM [32m    LOG[39m [38;5;3m[RouterExplorer] [39m[32mMapped {/exam-arrangement/result, GET} route[39m[38;5;3m +0ms[39m
[32m[Nest] 14656  - [39m08/06/2026, 11:30:48 AM [32m    LOG[39m [38;5;3m[RouterExplorer] [39m[32mMapped {/exam-arrangement/room-availability, GET} route[39m[38;5;3m +1ms[39m
[32m[Nest] 14656  - [39m08/06/2026, 11:30:48 AM [32m    LOG[39m [38;5;3m[RouterExplorer] [39m[32mMapped {/exam-arrangement/reset/:examScheduleId, DELETE} route[39m[38;5;3m +0ms[39m
[32m[Nest] 14656  - [39m08/06/2026, 11:30:48 AM [32m    LOG[39m [38;5;3m[RouterExplorer] [39m[32mMapped {/exam-arrangement/history, GET} route[39m[38;5;3m +0ms[39m
[32m[Nest] 14656  - [39m08/06/2026, 11:30:48 AM [32m    LOG[39m [38;5;3m[RoutesResolver] [39m[32mExamSupervisorsController {/exam-supervisors}:[39m[38;5;3m +0ms[39m
[32m[Nest] 14656  - [39m08/06/2026, 11:30:48 AM [32m    LOG[39m [38;5;3m[RouterExplorer] [39m[32mMapped {/exam-supervisors/assign, POST} route[39m[38;5;3m +0ms[39m
[32m[Nest] 14656  - [39m08/06/2026, 11:30:48 AM [32m    LOG[39m [38;5;3m[RouterExplorer] [39m[32mMapped {/exam-supervisors/auto-preview, POST} route[39m[38;5;3m +1ms[39m
[32m[Nest] 14656  - [39m08/06/2026, 11:30:48 AM [32m    LOG[39m [38;5;3m[RouterExplorer] [39m[32mMapped {/exam-supervisors/auto-assign, POST} route[39m[38;5;3m +0ms[39m
[32m[Nest] 14656  - [39m08/06/2026, 11:30:48 AM [32m    LOG[39m [38;5;3m[RouterExplorer] [39m[32mMapped {/exam-supervisors, GET} route[39m[38;5;3m +1ms[39m
[32m[Nest] 14656  - [39m08/06/2026, 11:30:48 AM [32m    LOG[39m [38;5;3m[RouterExplorer] [39m[32mMapped {/exam-supervisors/:id/status, PATCH} route[39m[38;5;3m +0ms[39m
[32m[Nest] 14656  - [39m08/06/2026, 11:30:48 AM [32m    LOG[39m [38;5;3m[RouterExplorer] [39m[32mMapped {/exam-supervisors/:id, DELETE} route[39m[38;5;3m +1ms[39m
[32m[Nest] 14656  - [39m08/06/2026, 11:30:48 AM [32m    LOG[39m [38;5;3m[RoutesResolver] [39m[32mQuestionsController {/questions}:[39m[38;5;3m +0ms[39m
[32m[Nest] 14656  - [39m08/06/2026, 11:30:48 AM [32m    LOG[39m [38;5;3m[RouterExplorer] [39m[32mMapped {/questions, GET} route[39m[38;5;3m +1ms[39m
[32m[Nest] 14656  - [39m08/06/2026, 11:30:48 AM [32m    LOG[39m [38;5;3m[RouterExplorer] [39m[32mMapped {/questions/statistics, GET} route[39m[38;5;3m +0ms[39m
[32m[Nest] 14656  - [39m08/06/2026, 11:30:48 AM [32m    LOG[39m [38;5;3m[RouterExplorer] [39m[32mMapped {/questions/filter-options, GET} route[39m[38;5;3m +1ms[39m
[32m[Nest] 14656  - [39m08/06/2026, 11:30:48 AM [32m    LOG[39m [38;5;3m[RouterExplorer] [39m[32mMapped {/questions/import/template, GET} route[39m[38;5;3m +0ms[39m
[32m[Nest] 14656  - [39m08/06/2026, 11:30:48 AM [32m    LOG[39m [38;5;3m[RouterExplorer] [39m[32mMapped {/questions/media/preview, POST} route[39m[38;5;3m +0ms[39m
[32m[Nest] 14656  - [39m08/06/2026, 11:30:48 AM [32m    LOG[39m [38;5;3m[RouterExplorer] [39m[32mMapped {/questions/media/upload, POST} route[39m[38;5;3m +1ms[39m
[32m[Nest] 14656  - [39m08/06/2026, 11:30:48 AM [32m    LOG[39m [38;5;3m[RouterExplorer] [39m[32mMapped {/questions/media/:id, DELETE} route[39m[38;5;3m +0ms[39m
[32m[Nest] 14656  - [39m08/06/2026, 11:30:48 AM [32m    LOG[39m [38;5;3m[RouterExplorer] [39m[32mMapped {/questions/export, POST} route[39m[38;5;3m +0ms[39m
[32m[Nest] 14656  - [39m08/06/2026, 11:30:48 AM [32m    LOG[39m [38;5;3m[RouterExplorer] [39m[32mMapped {/questions/bulk-action, POST} route[39m[38;5;3m +1ms[39m
[32m[Nest] 14656  - [39m08/06/2026, 11:30:48 AM [32m    LOG[39m [38;5;3m[RouterExplorer] [39m[32mMapped {/questions/import/preview, POST} route[39m[38;5;3m +0ms[39m
[32m[Nest] 14656  - [39m08/06/2026, 11:30:48 AM [32m    LOG[39m [38;5;3m[RouterExplorer] [39m[32mMapped {/questions/import/confirm, POST} route[39m[38;5;3m +1ms[39m
[32m[Nest] 14656  - [39m08/06/2026, 11:30:48 AM [32m    LOG[39m [38;5;3m[RouterExplorer] [39m[32mMapped {/questions/ai-generate, POST} route[39m[38;5;3m +0ms[39m
[32m[Nest] 14656  - [39m08/06/2026, 11:30:48 AM [32m    LOG[39m [38;5;3m[RouterExplorer] [39m[32mMapped {/questions/ai-save, POST} route[39m[38;5;3m +0ms[39m
[32m[Nest] 14656  - [39m08/06/2026, 11:30:48 AM [32m    LOG[39m [38;5;3m[RouterExplorer] [39m[32mMapped {/questions/ai-extract-text, POST} route[39m[38;5;3m +1ms[39m
[32m[Nest] 14656  - [39m08/06/2026, 11:30:48 AM [32m    LOG[39m [38;5;3m[RouterExplorer] [39m[32mMapped {/questions, POST} route[39m[38;5;3m +0ms[39m
[32m[Nest] 14656  - [39m08/06/2026, 11:30:48 AM [32m    LOG[39m [38;5;3m[RouterExplorer] [39m[32mMapped {/questions/:id, GET} route[39m[38;5;3m +0ms[39m
[32m[Nest] 14656  - [39m08/06/2026, 11:30:48 AM [32m    LOG[39m [38;5;3m[RouterExplorer] [39m[32mMapped {/questions/:id, PATCH} route[39m[38;5;3m +1ms[39m
[32m[Nest] 14656  - [39m08/06/2026, 11:30:48 AM [32m    LOG[39m [38;5;3m[RouterExplorer] [39m[32mMapped {/questions/:id/duplicate, POST} route[39m[38;5;3m +0ms[39m
[32m[Nest] 14656  - [39m08/06/2026, 11:30:48 AM [32m    LOG[39m [38;5;3m[RouterExplorer] [39m[32mMapped {/questions/:id/submit, POST} route[39m[38;5;3m +0ms[39m
[32m[Nest] 14656  - [39m08/06/2026, 11:30:48 AM [32m    LOG[39m [38;5;3m[RouterExplorer] [39m[32mMapped {/questions/:id/approve, POST} route[39m[38;5;3m +0ms[39m
[32m[Nest] 14656  - [39m08/06/2026, 11:30:48 AM [32m    LOG[39m [38;5;3m[RouterExplorer] [39m[32mMapped {/questions/:id/reject, POST} route[39m[38;5;3m +1ms[39m
[32m[Nest] 14656  - [39m08/06/2026, 11:30:48 AM [32m    LOG[39m [38;5;3m[RouterExplorer] [39m[32mMapped {/questions/:id/archive, POST} route[39m[38;5;3m +0ms[39m
[32m[Nest] 14656  - [39m08/06/2026, 11:30:48 AM [32m    LOG[39m [38;5;3m[RouterExplorer] [39m[32mMapped {/questions/:id/restore, POST} route[39m[38;5;3m +0ms[39m
[32m[Nest] 14656  - [39m08/06/2026, 11:30:48 AM [32m    LOG[39m [38;5;3m[RouterExplorer] [39m[32mMapped {/questions/:id, DELETE} route[39m[38;5;3m +0ms[39m
[32m[Nest] 14656  - [39m08/06/2026, 11:30:48 AM [32m    LOG[39m [38;5;3m[RoutesResolver] [39m[32mExamPapersController {/exam-papers}:[39m[38;5;3m +0ms[39m
[32m[Nest] 14656  - [39m08/06/2026, 11:30:48 AM [32m    LOG[39m [38;5;3m[RouterExplorer] [39m[32mMapped {/exam-papers/create-random, POST} route[39m[38;5;3m +0ms[39m
[32m[Nest] 14656  - [39m08/06/2026, 11:30:48 AM [32m    LOG[39m [38;5;3m[RouterExplorer] [39m[32mMapped {/exam-papers/preview-random, POST} route[39m[38;5;3m +1ms[39m
[32m[Nest] 14656  - [39m08/06/2026, 11:30:48 AM [32m    LOG[39m [38;5;3m[RouterExplorer] [39m[32mMapped {/exam-papers, GET} route[39m[38;5;3m +0ms[39m
[32m[Nest] 14656  - [39m08/06/2026, 11:30:48 AM [32m    LOG[39m [38;5;3m[RouterExplorer] [39m[32mMapped {/exam-papers/:id, GET} route[39m[38;5;3m +0ms[39m
[32m[Nest] 14656  - [39m08/06/2026, 11:30:48 AM [32m    LOG[39m [38;5;3m[RouterExplorer] [39m[32mMapped {/exam-papers/:id/publish, POST} route[39m[38;5;3m +0ms[39m
[32m[Nest] 14656  - [39m08/06/2026, 11:30:48 AM [32m    LOG[39m [38;5;3m[RouterExplorer] [39m[32mMapped {/exam-papers/:id/archive, POST} route[39m[38;5;3m +0ms[39m
[32m[Nest] 14656  - [39m08/06/2026, 11:30:48 AM [32m    LOG[39m [38;5;3m[RouterExplorer] [39m[32mMapped {/exam-papers/:id/restore, POST} route[39m[38;5;3m +1ms[39m
[32m[Nest] 14656  - [39m08/06/2026, 11:30:48 AM [32m    LOG[39m [38;5;3m[RouterExplorer] [39m[32mMapped {/exam-papers/:id, DELETE} route[39m[38;5;3m +0ms[39m
[32m[Nest] 14656  - [39m08/06/2026, 11:30:48 AM [32m    LOG[39m [38;5;3m[RoutesResolver] [39m[32mDashboardController {/dashboard}:[39m[38;5;3m +0ms[39m
[32m[Nest] 14656  - [39m08/06/2026, 11:30:48 AM [32m    LOG[39m [38;5;3m[RouterExplorer] [39m[32mMapped {/dashboard/overview, GET} route[39m[38;5;3m +0ms[39m
[32m[Nest] 14656  - [39m08/06/2026, 11:30:48 AM [32m    LOG[39m [38;5;3m[RoutesResolver] [39m[32mOnlineExamsController {/online-exams}:[39m[38;5;3m +0ms[39m
[32m[Nest] 14656  - [39m08/06/2026, 11:30:48 AM [32m    LOG[39m [38;5;3m[RouterExplorer] [39m[32mMapped {/online-exams/schedule/:scheduleId/check-eligibility, GET} route[39m[38;5;3m +1ms[39m
[32m[Nest] 14656  - [39m08/06/2026, 11:30:48 AM [32m    LOG[39m [38;5;3m[RouterExplorer] [39m[32mMapped {/online-exams/schedule/:scheduleId/start, POST} route[39m[38;5;3m +0ms[39m
[32m[Nest] 14656  - [39m08/06/2026, 11:30:48 AM [32m    LOG[39m [38;5;3m[RouterExplorer] [39m[32mMapped {/online-exams/attempt/:token/questions, GET} route[39m[38;5;3m +0ms[39m
[32m[Nest] 14656  - [39m08/06/2026, 11:30:48 AM [32m    LOG[39m [38;5;3m[RouterExplorer] [39m[32mMapped {/online-exams/attempt/:token/answers/save, POST} route[39m[38;5;3m +0ms[39m
[32m[Nest] 14656  - [39m08/06/2026, 11:30:48 AM [32m    LOG[39m [38;5;3m[RouterExplorer] [39m[32mMapped {/online-exams/attempt/:token/heartbeat, POST} route[39m[38;5;3m +1ms[39m
[32m[Nest] 14656  - [39m08/06/2026, 11:30:48 AM [32m    LOG[39m [38;5;3m[RouterExplorer] [39m[32mMapped {/online-exams/attempt/:token/events, POST} route[39m[38;5;3m +0ms[39m
[32m[Nest] 14656  - [39m08/06/2026, 11:30:48 AM [32m    LOG[39m [38;5;3m[RouterExplorer] [39m[32mMapped {/online-exams/attempt/:token/submit, POST} route[39m[38;5;3m +0ms[39m
[32m[Nest] 14656  - [39m08/06/2026, 11:30:48 AM [32m    LOG[39m [38;5;3m[RouterExplorer] [39m[32mMapped {/online-exams/attempt/:attemptId/result, GET} route[39m[38;5;3m +0ms[39m
[32m[Nest] 14656  - [39m08/06/2026, 11:30:48 AM [32m    LOG[39m [38;5;3m[RouterExplorer] [39m[32mMapped {/online-exams/attempt/:attemptId/appeal, POST} route[39m[38;5;3m +1ms[39m
[32m[Nest] 14656  - [39m08/06/2026, 11:30:48 AM [32m    LOG[39m [38;5;3m[RouterExplorer] [39m[32mMapped {/online-exams/schedule/:scheduleId/grade-report, GET} route[39m[38;5;3m +0ms[39m
[32m[Nest] 14656  - [39m08/06/2026, 11:30:48 AM [32m    LOG[39m [38;5;3m[RoutesResolver] [39m[32mProctorController {/proctor}:[39m[38;5;3m +0ms[39m
[32m[Nest] 14656  - [39m08/06/2026, 11:30:48 AM [32m    LOG[39m [38;5;3m[RouterExplorer] [39m[32mMapped {/proctor/live-dashboard/:scheduleRoomId, GET} route[39m[38;5;3m +1ms[39m
[32m[Nest] 14656  - [39m08/06/2026, 11:30:48 AM [32m    LOG[39m [38;5;3m[RouterExplorer] [39m[32mMapped {/proctor/attempt/:attemptId/extend-time, POST} route[39m[38;5;3m +0ms[39m
[32m[Nest] 14656  - [39m08/06/2026, 11:30:48 AM [32m    LOG[39m [38;5;3m[RouterExplorer] [39m[32mMapped {/proctor/attempt/:attemptId/reopen, POST} route[39m[38;5;3m +0ms[39m
[32m[Nest] 14656  - [39m08/06/2026, 11:30:48 AM [32m    LOG[39m [38;5;3m[RouterExplorer] [39m[32mMapped {/proctor/attempt/:attemptId/flag-incident, POST} route[39m[38;5;3m +0ms[39m
[32m[Nest] 14656  - [39m08/06/2026, 11:30:48 AM [32m    LOG[39m [38;5;3m[RouterExplorer] [39m[32mMapped {/proctor/attempt/:attemptId/resolve-incident, POST} route[39m[38;5;3m +0ms[39m
[32m[Nest] 14656  - [39m08/06/2026, 11:30:48 AM [32m    LOG[39m [38;5;3m[RoutesResolver] [39m[32mEssayController {/essay}:[39m[38;5;3m +1ms[39m
[32m[Nest] 14656  - [39m08/06/2026, 11:30:48 AM [32m    LOG[39m [38;5;3m[RouterExplorer] [39m[32mMapped {/essay/questions/:questionId/rubric, GET} route[39m[38;5;3m +0ms[39m
[32m[Nest] 14656  - [39m08/06/2026, 11:30:48 AM [32m    LOG[39m [38;5;3m[RouterExplorer] [39m[32mMapped {/essay/questions/:questionId/rubric, POST} route[39m[38;5;3m +0ms[39m
[32m[Nest] 14656  - [39m08/06/2026, 11:30:48 AM [32m    LOG[39m [38;5;3m[RouterExplorer] [39m[32mMapped {/essay/grading/assignments, GET} route[39m[38;5;3m +1ms[39m
[32m[Nest] 14656  - [39m08/06/2026, 11:30:48 AM [32m    LOG[39m [38;5;3m[RouterExplorer] [39m[32mMapped {/essay/grading/attempts/:attemptId, GET} route[39m[38;5;3m +0ms[39m
[32m[Nest] 14656  - [39m08/06/2026, 11:30:48 AM [32m    LOG[39m [38;5;3m[RouterExplorer] [39m[32mMapped {/essay/grading/answers/:answerId, PATCH} route[39m[38;5;3m +0ms[39m
[32m[Nest] 14656  - [39m08/06/2026, 11:30:48 AM [32m    LOG[39m [38;5;3m[RouterExplorer] [39m[32mMapped {/essay/grading/attempts/:attemptId/submit, POST} route[39m[38;5;3m +1ms[39m
[32m[Nest] 14656  - [39m08/06/2026, 11:30:48 AM [32m    LOG[39m [38;5;3m[RouterExplorer] [39m[32mMapped {/essay/grading/attempts/:attemptId/approve, POST} route[39m[38;5;3m +0ms[39m
[32m[Nest] 14656  - [39m08/06/2026, 11:30:48 AM [32m    LOG[39m [38;5;3m[RouterExplorer] [39m[32mMapped {/essay/grading/attempts/:attemptId/publish, POST} route[39m[38;5;3m +0ms[39m
[32m[Nest] 14656  - [39m08/06/2026, 11:30:48 AM [32m    LOG[39m [38;5;3m[RouterExplorer] [39m[32mMapped {/essay/grading/attempts/:attemptId/reopen, POST} route[39m[38;5;3m +0ms[39m
[32m[Nest] 14656  - [39m08/06/2026, 11:30:48 AM [32m    LOG[39m [38;5;3m[RouterExplorer] [39m[32mMapped {/essay/grading/attempts/:attemptId/extend-time, POST} route[39m[38;5;3m +1ms[39m
[32m[Nest] 14656  - [39m08/06/2026, 11:30:48 AM [32m    LOG[39m [38;5;3m[RouterExplorer] [39m[32mMapped {/essay/grading/attempts/:attemptId/penalty, POST} route[39m[38;5;3m +0ms[39m
[32m[Nest] 14656  - [39m08/06/2026, 11:30:48 AM [32m    LOG[39m [38;5;3m[RouterExplorer] [39m[32mMapped {/essay/attempt/:token/answers/:questionId/files, POST} route[39m[38;5;3m +1ms[39m
[32m[Nest] 14656  - [39m08/06/2026, 11:30:48 AM [32m    LOG[39m [38;5;3m[RoutesResolver] [39m[32mEssayGradingController {/essay-grading}:[39m[38;5;3m +0ms[39m
[32m[Nest] 14656  - [39m08/06/2026, 11:30:48 AM [32m    LOG[39m [38;5;3m[RouterExplorer] [39m[32mMapped {/essay-grading/assignments, GET} route[39m[38;5;3m +0ms[39m
[32m[Nest] 14656  - [39m08/06/2026, 11:30:48 AM [32m    LOG[39m [38;5;3m[RouterExplorer] [39m[32mMapped {/essay-grading/attempts/:attemptId, GET} route[39m[38;5;3m +1ms[39m
[32m[Nest] 14656  - [39m08/06/2026, 11:30:48 AM [32m    LOG[39m [38;5;3m[RouterExplorer] [39m[32mMapped {/essay-grading/answers/:answerId, PATCH} route[39m[38;5;3m +0ms[39m
[32m[Nest] 14656  - [39m08/06/2026, 11:30:48 AM [32m    LOG[39m [38;5;3m[RouterExplorer] [39m[32mMapped {/essay-grading/answers/:answerId/ai-suggest, POST} route[39m[38;5;3m +0ms[39m
[32m[Nest] 14656  - [39m08/06/2026, 11:30:48 AM [32m    LOG[39m [38;5;3m[RouterExplorer] [39m[32mMapped {/essay-grading/attempts/:attemptId/submit, POST} route[39m[38;5;3m +1ms[39m
[32m[Nest] 14656  - [39m08/06/2026, 11:30:48 AM [32m    LOG[39m [38;5;3m[RouterExplorer] [39m[32mMapped {/essay-grading/attempts/:attemptId/approve, POST} route[39m[38;5;3m +0ms[39m
[32m[Nest] 14656  - [39m08/06/2026, 11:30:48 AM [32m    LOG[39m [38;5;3m[RouterExplorer] [39m[32mMapped {/essay-grading/attempts/:attemptId/publish, POST} route[39m[38;5;3m +0ms[39m
[32m[Nest] 14656  - [39m08/06/2026, 11:30:48 AM [32m    LOG[39m [38;5;3m[RouterExplorer] [39m[32mMapped {/essay-grading/attempts/:attemptId/reopen, POST} route[39m[38;5;3m +1ms[39m
[32m[Nest] 14656  - [39m08/06/2026, 11:30:48 AM [32m    LOG[39m [38;5;3m[RouterExplorer] [39m[32mMapped {/essay-grading/attempts/:attemptId/extend-time, POST} route[39m[38;5;3m +0ms[39m
[32m[Nest] 14656  - [39m08/06/2026, 11:30:48 AM [32m    LOG[39m [38;5;3m[RouterExplorer] [39m[32mMapped {/essay-grading/attempts/:attemptId/penalty, POST} route[39m[38;5;3m +0ms[39m
[32m[Nest] 14656  - [39m08/06/2026, 11:30:48 AM [32m    LOG[39m [38;5;3m[RoutesResolver] [39m[32mEssayConfigController {/online-exam-config}:[39m[38;5;3m +0ms[39m
[32m[Nest] 14656  - [39m08/06/2026, 11:30:48 AM [32m    LOG[39m [38;5;3m[RouterExplorer] [39m[32mMapped {/online-exam-config/:scheduleId/essay, PATCH} route[39m[38;5;3m +0ms[39m
[32m[Nest] 14656  - [39m08/06/2026, 11:30:48 AM [32m    LOG[39m [38;5;3m[RoutesResolver] [39m[32mContactController {/contact}:[39m[38;5;3m +0ms[39m
[32m[Nest] 14656  - [39m08/06/2026, 11:30:48 AM [32m    LOG[39m [38;5;3m[RouterExplorer] [39m[32mMapped {/contact/send, POST} route[39m[38;5;3m +0ms[39m
[32m[Nest] 14656  - [39m08/06/2026, 11:30:49 AM [32m    LOG[39m [38;5;3m[NestApplication] [39m[32mNest application successfully started[39m[38;5;3m +76ms[39m
[31m[Nest] 14656  - [39m08/06/2026, 11:30:49 AM [31m  ERROR[39m [38;5;3m[NestApplication] [39m[31mError: listen EADDRINUSE: address already in use :::3001[39m[38;5;3m +3ms[39m
node:net:2009
    const ex = new UVExceptionWithHostPort(err, 'listen', address, port);
               ^

Error: listen EADDRINUSE: address already in use :::3001
    at Server.setupListenHandle [as _listen2] (node:net:2009:16)
    at listenInCluster (node:net:2066:12)
    at Server.listen (node:net:2171:7)
    at ExpressAdapter.listen (C:\Users\loiho\.gemini\antigravity-ide\scratch\exam-management\backend\node_modules\@nestjs\platform-express\adapters\express-adapter.js:95:32)
    at C:\Users\loiho\.gemini\antigravity-ide\scratch\exam-management\backend\node_modules\@nestjs\core\nest-application.js:183:30
    at new Promise (<anonymous>)
    at NestApplication.listen (C:\Users\loiho\.gemini\antigravity-ide\scratch\exam-management\backend\node_modules\@nestjs\core\nest-application.js:173:16)
    at async bootstrap (C:\Users\loiho\.gemini\antigravity-ide\scratch\exam-management\backend\src\main.ts:32:3) {
  code: 'EADDRINUSE',
  errno: -4091,
  syscall: 'listen',
  address: '::',
  port: 3001
}

Node.js v24.18.1
[2J[3J[H[[90m11:34:59 AM[0m] File change detected. Starting incremental compilation...

[[90m11:35:01 AM[0m] Found 0 errors. Watching for file changes.

[32m[Nest] 2016  - [39m08/06/2026, 11:35:06 AM [32m    LOG[39m [38;5;3m[NestFactory] [39m[32mStarting Nest application...[39m
[32m[Nest] 2016  - [39m08/06/2026, 11:35:06 AM [32m    LOG[39m [38;5;3m[InstanceLoader] [39m[32mAppModule dependencies initialized[39m[38;5;3m +72ms[39m
[32m[Nest] 2016  - [39m08/06/2026, 11:35:06 AM [32m    LOG[39m [38;5;3m[InstanceLoader] [39m[32mPrismaModule dependencies initialized[39m[38;5;3m +7ms[39m
[32m[Nest] 2016  - [39m08/06/2026, 11:35:06 AM [32m    LOG[39m [38;5;3m[InstanceLoader] [39m[32mPassportModule dependencies initialized[39m[38;5;3m +0ms[39m
[32m[Nest] 2016  - [39m08/06/2026, 11:35:06 AM [32m    LOG[39m [38;5;3m[InstanceLoader] [39m[32mSecurityModule dependencies initialized[39m[38;5;3m +20ms[39m
[32m[Nest] 2016  - [39m08/06/2026, 11:35:06 AM [32m    LOG[39m [38;5;3m[InstanceLoader] [39m[32mAuditModule dependencies initialized[39m[38;5;3m +0ms[39m
[32m[Nest] 2016  - [39m08/06/2026, 11:35:06 AM [32m    LOG[39m [38;5;3m[InstanceLoader] [39m[32mConfigHostModule dependencies initialized[39m[38;5;3m +1ms[39m
[32m[Nest] 2016  - [39m08/06/2026, 11:35:06 AM [32m    LOG[39m [38;5;3m[InstanceLoader] [39m[32mJwtModule dependencies initialized[39m[38;5;3m +0ms[39m
[32m[Nest] 2016  - [39m08/06/2026, 11:35:06 AM [32m    LOG[39m [38;5;3m[InstanceLoader] [39m[32mConfigModule dependencies initialized[39m[38;5;3m +4ms[39m
[32m[Nest] 2016  - [39m08/06/2026, 11:35:06 AM [32m    LOG[39m [38;5;3m[InstanceLoader] [39m[32mUsersModule dependencies initialized[39m[38;5;3m +6ms[39m
[32m[Nest] 2016  - [39m08/06/2026, 11:35:06 AM [32m    LOG[39m [38;5;3m[InstanceLoader] [39m[32mDepartmentsModule dependencies initialized[39m[38;5;3m +0ms[39m
[32m[Nest] 2016  - [39m08/06/2026, 11:35:06 AM [32m    LOG[39m [38;5;3m[InstanceLoader] [39m[32mClassesModule dependencies initialized[39m[38;5;3m +0ms[39m
[32m[Nest] 2016  - [39m08/06/2026, 11:35:06 AM [32m    LOG[39m [38;5;3m[InstanceLoader] [39m[32mStudentsModule dependencies initialized[39m[38;5;3m +0ms[39m
[32m[Nest] 2016  - [39m08/06/2026, 11:35:06 AM [32m    LOG[39m [38;5;3m[InstanceLoader] [39m[32mSubjectsModule dependencies initialized[39m[38;5;3m +0ms[39m
[32m[Nest] 2016  - [39m08/06/2026, 11:35:06 AM [32m    LOG[39m [38;5;3m[InstanceLoader] [39m[32mDashboardModule dependencies initialized[39m[38;5;3m +0ms[39m
[32m[Nest] 2016  - [39m08/06/2026, 11:35:06 AM [32m    LOG[39m [38;5;3m[InstanceLoader] [39m[32mContactModule dependencies initialized[39m[38;5;3m +0ms[39m
[32m[Nest] 2016  - [39m08/06/2026, 11:35:06 AM [32m    LOG[39m [38;5;3m[InstanceLoader] [39m[32mProctorModule dependencies initialized[39m[38;5;3m +0ms[39m
[32m[Nest] 2016  - [39m08/06/2026, 11:35:06 AM [32m    LOG[39m [38;5;3m[InstanceLoader] [39m[32mTeachersModule dependencies initialized[39m[38;5;3m +1ms[39m
[32m[Nest] 2016  - [39m08/06/2026, 11:35:06 AM [32m    LOG[39m [38;5;3m[InstanceLoader] [39m[32mExamRoomsModule dependencies initialized[39m[38;5;3m +0ms[39m
[32m[Nest] 2016  - [39m08/06/2026, 11:35:06 AM [32m    LOG[39m [38;5;3m[InstanceLoader] [39m[32mExamPeriodsModule dependencies initialized[39m[38;5;3m +0ms[39m
[32m[Nest] 2016  - [39m08/06/2026, 11:35:06 AM [32m    LOG[39m [38;5;3m[InstanceLoader] [39m[32mExamSchedulesModule dependencies initialized[39m[38;5;3m +0ms[39m
[32m[Nest] 2016  - [39m08/06/2026, 11:35:06 AM [32m    LOG[39m [38;5;3m[InstanceLoader] [39m[32mExamArrangementModule dependencies initialized[39m[38;5;3m +0ms[39m
[32m[Nest] 2016  - [39m08/06/2026, 11:35:06 AM [32m    LOG[39m [38;5;3m[InstanceLoader] [39m[32mExamSupervisorsModule dependencies initialized[39m[38;5;3m +0ms[39m
[32m[Nest] 2016  - [39m08/06/2026, 11:35:06 AM [32m    LOG[39m [38;5;3m[InstanceLoader] [39m[32mQuestionsModule dependencies initialized[39m[38;5;3m +0ms[39m
[32m[Nest] 2016  - [39m08/06/2026, 11:35:06 AM [32m    LOG[39m [38;5;3m[InstanceLoader] [39m[32mExamPapersModule dependencies initialized[39m[38;5;3m +0ms[39m
[32m[Nest] 2016  - [39m08/06/2026, 11:35:06 AM [32m    LOG[39m [38;5;3m[InstanceLoader] [39m[32mEssayModule dependencies initialized[39m[38;5;3m +0ms[39m
[32m[Nest] 2016  - [39m08/06/2026, 11:35:06 AM [32m    LOG[39m [38;5;3m[InstanceLoader] [39m[32mOnlineExamsModule dependencies initialized[39m[38;5;3m +0ms[39m
[32m[Nest] 2016  - [39m08/06/2026, 11:35:06 AM [32m    LOG[39m [38;5;3m[InstanceLoader] [39m[32mAuthModule dependencies initialized[39m[38;5;3m +0ms[39m
[32m[Nest] 2016  - [39m08/06/2026, 11:35:06 AM [32m    LOG[39m [38;5;3m[RoutesResolver] [39m[32mAuthController {/auth}:[39m[38;5;3m +9ms[39m
[32m[Nest] 2016  - [39m08/06/2026, 11:35:06 AM [32m    LOG[39m [38;5;3m[RouterExplorer] [39m[32mMapped {/auth/login, POST} route[39m[38;5;3m +4ms[39m
[32m[Nest] 2016  - [39m08/06/2026, 11:35:06 AM [32m    LOG[39m [38;5;3m[RouterExplorer] [39m[32mMapped {/auth/profile, GET} route[39m[38;5;3m +1ms[39m
[32m[Nest] 2016  - [39m08/06/2026, 11:35:06 AM [32m    LOG[39m [38;5;3m[RouterExplorer] [39m[32mMapped {/auth/change-password, POST} route[39m[38;5;3m +1ms[39m
[32m[Nest] 2016  - [39m08/06/2026, 11:35:06 AM [32m    LOG[39m [38;5;3m[RouterExplorer] [39m[32mMapped {/auth/profile, POST} route[39m[38;5;3m +0ms[39m
[32m[Nest] 2016  - [39m08/06/2026, 11:35:06 AM [32m    LOG[39m [38;5;3m[RoutesResolver] [39m[32mUsersController {/users}:[39m[38;5;3m +0ms[39m
[32m[Nest] 2016  - [39m08/06/2026, 11:35:06 AM [32m    LOG[39m [38;5;3m[RouterExplorer] [39m[32mMapped {/users/dashboard-stats, GET} route[39m[38;5;3m +1ms[39m
[32m[Nest] 2016  - [39m08/06/2026, 11:35:06 AM [32m    LOG[39m [38;5;3m[RouterExplorer] [39m[32mMapped {/users, GET} route[39m[38;5;3m +0ms[39m
[32m[Nest] 2016  - [39m08/06/2026, 11:35:06 AM [32m    LOG[39m [38;5;3m[RouterExplorer] [39m[32mMapped {/users/:id, GET} route[39m[38;5;3m +1ms[39m
[32m[Nest] 2016  - [39m08/06/2026, 11:35:06 AM [32m    LOG[39m [38;5;3m[RoutesResolver] [39m[32mDepartmentsController {/departments}:[39m[38;5;3m +0ms[39m
[32m[Nest] 2016  - [39m08/06/2026, 11:35:06 AM [32m    LOG[39m [38;5;3m[RouterExplorer] [39m[32mMapped {/departments, GET} route[39m[38;5;3m +1ms[39m
[32m[Nest] 2016  - [39m08/06/2026, 11:35:06 AM [32m    LOG[39m [38;5;3m[RouterExplorer] [39m[32mMapped {/departments/:id/curriculum, GET} route[39m[38;5;3m +0ms[39m
[32m[Nest] 2016  - [39m08/06/2026, 11:35:06 AM [32m    LOG[39m [38;5;3m[RouterExplorer] [39m[32mMapped {/departments/:id, GET} route[39m[38;5;3m +0ms[39m
[32m[Nest] 2016  - [39m08/06/2026, 11:35:06 AM [32m    LOG[39m [38;5;3m[RouterExplorer] [39m[32mMapped {/departments, POST} route[39m[38;5;3m +0ms[39m
[32m[Nest] 2016  - [39m08/06/2026, 11:35:06 AM [32m    LOG[39m [38;5;3m[RouterExplorer] [39m[32mMapped {/departments/:id/curriculum, POST} route[39m[38;5;3m +1ms[39m
[32m[Nest] 2016  - [39m08/06/2026, 11:35:06 AM [32m    LOG[39m [38;5;3m[RouterExplorer] [39m[32mMapped {/departments/:id, PATCH} route[39m[38;5;3m +0ms[39m
[32m[Nest] 2016  - [39m08/06/2026, 11:35:06 AM [32m    LOG[39m [38;5;3m[RouterExplorer] [39m[32mMapped {/departments/:id/curriculum/:subjectId, DELETE} route[39m[38;5;3m +1ms[39m
[32m[Nest] 2016  - [39m08/06/2026, 11:35:06 AM [32m    LOG[39m [38;5;3m[RouterExplorer] [39m[32mMapped {/departments/:id, DELETE} route[39m[38;5;3m +0ms[39m
[32m[Nest] 2016  - [39m08/06/2026, 11:35:06 AM [32m    LOG[39m [38;5;3m[RoutesResolver] [39m[32mClassesController {/classes}:[39m[38;5;3m +0ms[39m
[32m[Nest] 2016  - [39m08/06/2026, 11:35:06 AM [32m    LOG[39m [38;5;3m[RouterExplorer] [39m[32mMapped {/classes, GET} route[39m[38;5;3m +0ms[39m
[32m[Nest] 2016  - [39m08/06/2026, 11:35:06 AM [32m    LOG[39m [38;5;3m[RouterExplorer] [39m[32mMapped {/classes/:id, GET} route[39m[38;5;3m +1ms[39m
[32m[Nest] 2016  - [39m08/06/2026, 11:35:06 AM [32m    LOG[39m [38;5;3m[RouterExplorer] [39m[32mMapped {/classes, POST} route[39m[38;5;3m +0ms[39m
[32m[Nest] 2016  - [39m08/06/2026, 11:35:06 AM [32m    LOG[39m [38;5;3m[RouterExplorer] [39m[32mMapped {/classes/:id, PATCH} route[39m[38;5;3m +1ms[39m
[32m[Nest] 2016  - [39m08/06/2026, 11:35:06 AM [32m    LOG[39m [38;5;3m[RouterExplorer] [39m[32mMapped {/classes/:id, DELETE} route[39m[38;5;3m +0ms[39m
[32m[Nest] 2016  - [39m08/06/2026, 11:35:06 AM [32m    LOG[39m [38;5;3m[RoutesResolver] [39m[32mStudentsController {/students}:[39m[38;5;3m +0ms[39m
[32m[Nest] 2016  - [39m08/06/2026, 11:35:06 AM [32m    LOG[39m [38;5;3m[RouterExplorer] [39m[32mMapped {/students/my-schedule, GET} route[39m[38;5;3m +0ms[39m
[32m[Nest] 2016  - [39m08/06/2026, 11:35:06 AM [32m    LOG[39m [38;5;3m[RouterExplorer] [39m[32mMapped {/students/my-curriculum, GET} route[39m[38;5;3m +1ms[39m
[32m[Nest] 2016  - [39m08/06/2026, 11:35:06 AM [32m    LOG[39m [38;5;3m[RouterExplorer] [39m[32mMapped {/students, GET} route[39m[38;5;3m +0ms[39m
[32m[Nest] 2016  - [39m08/06/2026, 11:35:06 AM [32m    LOG[39m [38;5;3m[RouterExplorer] [39m[32mMapped {/students/:id, GET} route[39m[38;5;3m +0ms[39m
[32m[Nest] 2016  - [39m08/06/2026, 11:35:06 AM [32m    LOG[39m [38;5;3m[RouterExplorer] [39m[32mMapped {/students, POST} route[39m[38;5;3m +0ms[39m
[32m[Nest] 2016  - [39m08/06/2026, 11:35:06 AM [32m    LOG[39m [38;5;3m[RouterExplorer] [39m[32mMapped {/students/:id, PATCH} route[39m[38;5;3m +1ms[39m
[32m[Nest] 2016  - [39m08/06/2026, 11:35:06 AM [32m    LOG[39m [38;5;3m[RouterExplorer] [39m[32mMapped {/students/:id, DELETE} route[39m[38;5;3m +0ms[39m
[32m[Nest] 2016  - [39m08/06/2026, 11:35:06 AM [32m    LOG[39m [38;5;3m[RoutesResolver] [39m[32mTeachersController {/teachers}:[39m[38;5;3m +0ms[39m
[32m[Nest] 2016  - [39m08/06/2026, 11:35:06 AM [32m    LOG[39m [38;5;3m[RouterExplorer] [39m[32mMapped {/teachers/my-assignments, GET} route[39m[38;5;3m +1ms[39m
[32m[Nest] 2016  - [39m08/06/2026, 11:35:06 AM [32m    LOG[39m [38;5;3m[RouterExplorer] [39m[32mMapped {/teachers/my-assignments/:id/status, PATCH} route[39m[38;5;3m +0ms[39m
[32m[Nest] 2016  - [39m08/06/2026, 11:35:06 AM [32m    LOG[39m [38;5;3m[RouterExplorer] [39m[32mMapped {/teachers/my-assignments/:id/attendance-sheet, GET} route[39m[38;5;3m +0ms[39m
[32m[Nest] 2016  - [39m08/06/2026, 11:35:06 AM [32m    LOG[39m [38;5;3m[RouterExplorer] [39m[32mMapped {/teachers, GET} route[39m[38;5;3m +1ms[39m
[32m[Nest] 2016  - [39m08/06/2026, 11:35:06 AM [32m    LOG[39m [38;5;3m[RouterExplorer] [39m[32mMapped {/teachers/:id/lock, POST} route[39m[38;5;3m +0ms[39m
[32m[Nest] 2016  - [39m08/06/2026, 11:35:06 AM [32m    LOG[39m [38;5;3m[RouterExplorer] [39m[32mMapped {/teachers/:id/unlock, POST} route[39m[38;5;3m +0ms[39m
[32m[Nest] 2016  - [39m08/06/2026, 11:35:06 AM [32m    LOG[39m [38;5;3m[RouterExplorer] [39m[32mMapped {/teachers/:id, GET} route[39m[38;5;3m +0ms[39m
[32m[Nest] 2016  - [39m08/06/2026, 11:35:06 AM [32m    LOG[39m [38;5;3m[RouterExplorer] [39m[32mMapped {/teachers, POST} route[39m[38;5;3m +1ms[39m
[32m[Nest] 2016  - [39m08/06/2026, 11:35:06 AM [32m    LOG[39m [38;5;3m[RouterExplorer] [39m[32mMapped {/teachers/:id, PATCH} route[39m[38;5;3m +0ms[39m
[32m[Nest] 2016  - [39m08/06/2026, 11:35:06 AM [32m    LOG[39m [38;5;3m[RouterExplorer] [39m[32mMapped {/teachers/:id, DELETE} route[39m[38;5;3m +0ms[39m
[32m[Nest] 2016  - [39m08/06/2026, 11:35:06 AM [32m    LOG[39m [38;5;3m[RoutesResolver] [39m[32mSubjectsController {/subjects}:[39m[38;5;3m +0ms[39m
[32m[Nest] 2016  - [39m08/06/2026, 11:35:06 AM [32m    LOG[39m [38;5;3m[RouterExplorer] [39m[32mMapped {/subjects, GET} route[39m[38;5;3m +1ms[39m
[32m[Nest] 2016  - [39m08/06/2026, 11:35:06 AM [32m    LOG[39m [38;5;3m[RouterExplorer] [39m[32mMapped {/subjects/:id, GET} route[39m[38;5;3m +0ms[39m
[32m[Nest] 2016  - [39m08/06/2026, 11:35:06 AM [32m    LOG[39m [38;5;3m[RouterExplorer] [39m[32mMapped {/subjects/:id/chapters, GET} route[39m[38;5;3m +0ms[39m
[32m[Nest] 2016  - [39m08/06/2026, 11:35:06 AM [32m    LOG[39m [38;5;3m[RouterExplorer] [39m[32mMapped {/subjects/:id/enrollments, GET} route[39m[38;5;3m +1ms[39m
[32m[Nest] 2016  - [39m08/06/2026, 11:35:06 AM [32m    LOG[39m [38;5;3m[RouterExplorer] [39m[32mMapped {/subjects/:id/enroll-students, POST} route[39m[38;5;3m +0ms[39m
[32m[Nest] 2016  - [39m08/06/2026, 11:35:06 AM [32m    LOG[39m [38;5;3m[RouterExplorer] [39m[32mMapped {/subjects, POST} route[39m[38;5;3m +0ms[39m
[32m[Nest] 2016  - [39m08/06/2026, 11:35:06 AM [32m    LOG[39m [38;5;3m[RouterExplorer] [39m[32mMapped {/subjects/:id, PATCH} route[39m[38;5;3m +0ms[39m
[32m[Nest] 2016  - [39m08/06/2026, 11:35:06 AM [32m    LOG[39m [38;5;3m[RouterExplorer] [39m[32mMapped {/subjects/:id, DELETE} route[39m[38;5;3m +1ms[39m
[32m[Nest] 2016  - [39m08/06/2026, 11:35:06 AM [32m    LOG[39m [38;5;3m[RoutesResolver] [39m[32mExamRoomsController {/exam-rooms}:[39m[38;5;3m +0ms[39m
[32m[Nest] 2016  - [39m08/06/2026, 11:35:06 AM [32m    LOG[39m [38;5;3m[RouterExplorer] [39m[32mMapped {/exam-rooms, GET} route[39m[38;5;3m +1ms[39m
[32m[Nest] 2016  - [39m08/06/2026, 11:35:06 AM [32m    LOG[39m [38;5;3m[RouterExplorer] [39m[32mMapped {/exam-rooms/:id, GET} route[39m[38;5;3m +0ms[39m
[32m[Nest] 2016  - [39m08/06/2026, 11:35:06 AM [32m    LOG[39m [38;5;3m[RouterExplorer] [39m[32mMapped {/exam-rooms/:id/lock, POST} route[39m[38;5;3m +0ms[39m
[32m[Nest] 2016  - [39m08/06/2026, 11:35:06 AM [32m    LOG[39m [38;5;3m[RouterExplorer] [39m[32mMapped {/exam-rooms/:id/unlock, POST} route[39m[38;5;3m +1ms[39m
[32m[Nest] 2016  - [39m08/06/2026, 11:35:06 AM [32m    LOG[39m [38;5;3m[RouterExplorer] [39m[32mMapped {/exam-rooms, POST} route[39m[38;5;3m +0ms[39m
[32m[Nest] 2016  - [39m08/06/2026, 11:35:06 AM [32m    LOG[39m [38;5;3m[RouterExplorer] [39m[32mMapped {/exam-rooms/:id, PATCH} route[39m[38;5;3m +0ms[39m
[32m[Nest] 2016  - [39m08/06/2026, 11:35:06 AM [32m    LOG[39m [38;5;3m[RouterExplorer] [39m[32mMapped {/exam-rooms/:id, DELETE} route[39m[38;5;3m +0ms[39m
[32m[Nest] 2016  - [39m08/06/2026, 11:35:06 AM [32m    LOG[39m [38;5;3m[RoutesResolver] [39m[32mExamPeriodsController {/exam-periods}:[39m[38;5;3m +1ms[39m
[32m[Nest] 2016  - [39m08/06/2026, 11:35:06 AM [32m    LOG[39m [38;5;3m[RouterExplorer] [39m[32mMapped {/exam-periods, GET} route[39m[38;5;3m +0ms[39m
[32m[Nest] 2016  - [39m08/06/2026, 11:35:06 AM [32m    LOG[39m [38;5;3m[RouterExplorer] [39m[32mMapped {/exam-periods/:id, GET} route[39m[38;5;3m +0ms[39m
[32m[Nest] 2016  - [39m08/06/2026, 11:35:06 AM [32m    LOG[39m [38;5;3m[RouterExplorer] [39m[32mMapped {/exam-periods, POST} route[39m[38;5;3m +1ms[39m
[32m[Nest] 2016  - [39m08/06/2026, 11:35:06 AM [32m    LOG[39m [38;5;3m[RouterExplorer] [39m[32mMapped {/exam-periods/:id, PATCH} route[39m[38;5;3m +0ms[39m
[32m[Nest] 2016  - [39m08/06/2026, 11:35:06 AM [32m    LOG[39m [38;5;3m[RouterExplorer] [39m[32mMapped {/exam-periods/:id, DELETE} route[39m[38;5;3m +0ms[39m
[32m[Nest] 2016  - [39m08/06/2026, 11:35:06 AM [32m    LOG[39m [38;5;3m[RouterExplorer] [39m[32mMapped {/exam-periods/:id/lock, POST} route[39m[38;5;3m +0ms[39m
[32m[Nest] 2016  - [39m08/06/2026, 11:35:06 AM [32m    LOG[39m [38;5;3m[RouterExplorer] [39m[32mMapped {/exam-periods/:id/unlock, POST} route[39m[38;5;3m +0ms[39m
[32m[Nest] 2016  - [39m08/06/2026, 11:35:06 AM [32m    LOG[39m [38;5;3m[RoutesResolver] [39m[32mExamSchedulesController {/exam-schedules}:[39m[38;5;3m +0ms[39m
[32m[Nest] 2016  - [39m08/06/2026, 11:35:06 AM [32m    LOG[39m [38;5;3m[RouterExplorer] [39m[32mMapped {/exam-schedules, GET} route[39m[38;5;3m +1ms[39m
[32m[Nest] 2016  - [39m08/06/2026, 11:35:06 AM [32m    LOG[39m [38;5;3m[RouterExplorer] [39m[32mMapped {/exam-schedules/conflicts, GET} route[39m[38;5;3m +0ms[39m
[32m[Nest] 2016  - [39m08/06/2026, 11:35:06 AM [32m    LOG[39m [38;5;3m[RouterExplorer] [39m[32mMapped {/exam-schedules/trash, GET} route[39m[38;5;3m +0ms[39m
[32m[Nest] 2016  - [39m08/06/2026, 11:35:06 AM [32m    LOG[39m [38;5;3m[RouterExplorer] [39m[32mMapped {/exam-schedules/auto-preview, POST} route[39m[38;5;3m +1ms[39m
[32m[Nest] 2016  - [39m08/06/2026, 11:35:06 AM [32m    LOG[39m [38;5;3m[RouterExplorer] [39m[32mMapped {/exam-schedules/auto-apply, POST} route[39m[38;5;3m +0ms[39m
[32m[Nest] 2016  - [39m08/06/2026, 11:35:06 AM [32m    LOG[39m [38;5;3m[RouterExplorer] [39m[32mMapped {/exam-schedules/:id/lock, POST} route[39m[38;5;3m +0ms[39m
[32m[Nest] 2016  - [39m08/06/2026, 11:35:06 AM [32m    LOG[39m [38;5;3m[RouterExplorer] [39m[32mMapped {/exam-schedules/:id/unlock, POST} route[39m[38;5;3m +0ms[39m
[32m[Nest] 2016  - [39m08/06/2026, 11:35:06 AM [32m    LOG[39m [38;5;3m[RouterExplorer] [39m[32mMapped {/exam-schedules/:id, GET} route[39m[38;5;3m +0ms[39m
[32m[Nest] 2016  - [39m08/06/2026, 11:35:06 AM [32m    LOG[39m [38;5;3m[RouterExplorer] [39m[32mMapped {/exam-schedules, POST} route[39m[38;5;3m +1ms[39m
[32m[Nest] 2016  - [39m08/06/2026, 11:35:06 AM [32m    LOG[39m [38;5;3m[RouterExplorer] [39m[32mMapped {/exam-schedules/:id, PATCH} route[39m[38;5;3m +0ms[39m
[32m[Nest] 2016  - [39m08/06/2026, 11:35:06 AM [32m    LOG[39m [38;5;3m[RouterExplorer] [39m[32mMapped {/exam-schedules/:id, DELETE} route[39m[38;5;3m +0ms[39m
[32m[Nest] 2016  - [39m08/06/2026, 11:35:06 AM [32m    LOG[39m [38;5;3m[RouterExplorer] [39m[32mMapped {/exam-schedules/:id/reopen-entry, POST} route[39m[38;5;3m +1ms[39m
[32m[Nest] 2016  - [39m08/06/2026, 11:35:06 AM [32m    LOG[39m [38;5;3m[RouterExplorer] [39m[32mMapped {/exam-schedules/:id/restore, POST} route[39m[38;5;3m +0ms[39m
[32m[Nest] 2016  - [39m08/06/2026, 11:35:06 AM [32m    LOG[39m [38;5;3m[RoutesResolver] [39m[32mExamArrangementController {/exam-arrangement}:[39m[38;5;3m +0ms[39m
[32m[Nest] 2016  - [39m08/06/2026, 11:35:06 AM [32m    LOG[39m [38;5;3m[RouterExplorer] [39m[32mMapped {/exam-arrangement/auto-arrange, POST} route[39m[38;5;3m +1ms[39m
[32m[Nest] 2016  - [39m08/06/2026, 11:35:06 AM [32m    LOG[39m [38;5;3m[RouterExplorer] [39m[32mMapped {/exam-arrangement/preview, POST} route[39m[38;5;3m +0ms[39m
[32m[Nest] 2016  - [39m08/06/2026, 11:35:06 AM [32m    LOG[39m [38;5;3m[RouterExplorer] [39m[32mMapped {/exam-arrangement/result, GET} route[39m[38;5;3m +0ms[39m
[32m[Nest] 2016  - [39m08/06/2026, 11:35:06 AM [32m    LOG[39m [38;5;3m[RouterExplorer] [39m[32mMapped {/exam-arrangement/room-availability, GET} route[39m[38;5;3m +0ms[39m
[32m[Nest] 2016  - [39m08/06/2026, 11:35:06 AM [32m    LOG[39m [38;5;3m[RouterExplorer] [39m[32mMapped {/exam-arrangement/reset/:examScheduleId, DELETE} route[39m[38;5;3m +1ms[39m
[32m[Nest] 2016  - [39m08/06/2026, 11:35:06 AM [32m    LOG[39m [38;5;3m[RouterExplorer] [39m[32mMapped {/exam-arrangement/history, GET} route[39m[38;5;3m +0ms[39m
[32m[Nest] 2016  - [39m08/06/2026, 11:35:06 AM [32m    LOG[39m [38;5;3m[RoutesResolver] [39m[32mExamSupervisorsController {/exam-supervisors}:[39m[38;5;3m +0ms[39m
[32m[Nest] 2016  - [39m08/06/2026, 11:35:06 AM [32m    LOG[39m [38;5;3m[RouterExplorer] [39m[32mMapped {/exam-supervisors/assign, POST} route[39m[38;5;3m +0ms[39m
[32m[Nest] 2016  - [39m08/06/2026, 11:35:07 AM [32m    LOG[39m [38;5;3m[RouterExplorer] [39m[32mMapped {/exam-supervisors/auto-preview, POST} route[39m[38;5;3m +1ms[39m
[32m[Nest] 2016  - [39m08/06/2026, 11:35:07 AM [32m    LOG[39m [38;5;3m[RouterExplorer] [39m[32mMapped {/exam-supervisors/auto-assign, POST} route[39m[38;5;3m +0ms[39m
[32m[Nest] 2016  - [39m08/06/2026, 11:35:07 AM [32m    LOG[39m [38;5;3m[RouterExplorer] [39m[32mMapped {/exam-supervisors, GET} route[39m[38;5;3m +0ms[39m
[32m[Nest] 2016  - [39m08/06/2026, 11:35:07 AM [32m    LOG[39m [38;5;3m[RouterExplorer] [39m[32mMapped {/exam-supervisors/:id/status, PATCH} route[39m[38;5;3m +0ms[39m
[32m[Nest] 2016  - [39m08/06/2026, 11:35:07 AM [32m    LOG[39m [38;5;3m[RouterExplorer] [39m[32mMapped {/exam-supervisors/:id, DELETE} route[39m[38;5;3m +0ms[39m
[32m[Nest] 2016  - [39m08/06/2026, 11:35:07 AM [32m    LOG[39m [38;5;3m[RoutesResolver] [39m[32mQuestionsController {/questions}:[39m[38;5;3m +0ms[39m
[32m[Nest] 2016  - [39m08/06/2026, 11:35:07 AM [32m    LOG[39m [38;5;3m[RouterExplorer] [39m[32mMapped {/questions, GET} route[39m[38;5;3m +1ms[39m
[32m[Nest] 2016  - [39m08/06/2026, 11:35:07 AM [32m    LOG[39m [38;5;3m[RouterExplorer] [39m[32mMapped {/questions/statistics, GET} route[39m[38;5;3m +0ms[39m
[32m[Nest] 2016  - [39m08/06/2026, 11:35:07 AM [32m    LOG[39m [38;5;3m[RouterExplorer] [39m[32mMapped {/questions/filter-options, GET} route[39m[38;5;3m +0ms[39m
[32m[Nest] 2016  - [39m08/06/2026, 11:35:07 AM [32m    LOG[39m [38;5;3m[RouterExplorer] [39m[32mMapped {/questions/import/template, GET} route[39m[38;5;3m +0ms[39m
[32m[Nest] 2016  - [39m08/06/2026, 11:35:07 AM [32m    LOG[39m [38;5;3m[RouterExplorer] [39m[32mMapped {/questions/media/preview, POST} route[39m[38;5;3m +1ms[39m
[32m[Nest] 2016  - [39m08/06/2026, 11:35:07 AM [32m    LOG[39m [38;5;3m[RouterExplorer] [39m[32mMapped {/questions/media/upload, POST} route[39m[38;5;3m +0ms[39m
[32m[Nest] 2016  - [39m08/06/2026, 11:35:07 AM [32m    LOG[39m [38;5;3m[RouterExplorer] [39m[32mMapped {/questions/media/:id, DELETE} route[39m[38;5;3m +1ms[39m
[32m[Nest] 2016  - [39m08/06/2026, 11:35:07 AM [32m    LOG[39m [38;5;3m[RouterExplorer] [39m[32mMapped {/questions/export, POST} route[39m[38;5;3m +0ms[39m
[32m[Nest] 2016  - [39m08/06/2026, 11:35:07 AM [32m    LOG[39m [38;5;3m[RouterExplorer] [39m[32mMapped {/questions/bulk-action, POST} route[39m[38;5;3m +0ms[39m
[32m[Nest] 2016  - [39m08/06/2026, 11:35:07 AM [32m    LOG[39m [38;5;3m[RouterExplorer] [39m[32mMapped {/questions/import/preview, POST} route[39m[38;5;3m +0ms[39m
[32m[Nest] 2016  - [39m08/06/2026, 11:35:07 AM [32m    LOG[39m [38;5;3m[RouterExplorer] [39m[32mMapped {/questions/import/confirm, POST} route[39m[38;5;3m +0ms[39m
[32m[Nest] 2016  - [39m08/06/2026, 11:35:07 AM [32m    LOG[39m [38;5;3m[RouterExplorer] [39m[32mMapped {/questions/ai-generate, POST} route[39m[38;5;3m +1ms[39m
[32m[Nest] 2016  - [39m08/06/2026, 11:35:07 AM [32m    LOG[39m [38;5;3m[RouterExplorer] [39m[32mMapped {/questions/ai-save, POST} route[39m[38;5;3m +0ms[39m
[32m[Nest] 2016  - [39m08/06/2026, 11:35:07 AM [32m    LOG[39m [38;5;3m[RouterExplorer] [39m[32mMapped {/questions/ai-extract-text, POST} route[39m[38;5;3m +0ms[39m
[32m[Nest] 2016  - [39m08/06/2026, 11:35:07 AM [32m    LOG[39m [38;5;3m[RouterExplorer] [39m[32mMapped {/questions, POST} route[39m[38;5;3m +0ms[39m
[32m[Nest] 2016  - [39m08/06/2026, 11:35:07 AM [32m    LOG[39m [38;5;3m[RouterExplorer] [39m[32mMapped {/questions/:id, GET} route[39m[38;5;3m +1ms[39m
[32m[Nest] 2016  - [39m08/06/2026, 11:35:07 AM [32m    LOG[39m [38;5;3m[RouterExplorer] [39m[32mMapped {/questions/:id, PATCH} route[39m[38;5;3m +0ms[39m
[32m[Nest] 2016  - [39m08/06/2026, 11:35:07 AM [32m    LOG[39m [38;5;3m[RouterExplorer] [39m[32mMapped {/questions/:id/duplicate, POST} route[39m[38;5;3m +0ms[39m
[32m[Nest] 2016  - [39m08/06/2026, 11:35:07 AM [32m    LOG[39m [38;5;3m[RouterExplorer] [39m[32mMapped {/questions/:id/submit, POST} route[39m[38;5;3m +1ms[39m
[32m[Nest] 2016  - [39m08/06/2026, 11:35:07 AM [32m    LOG[39m [38;5;3m[RouterExplorer] [39m[32mMapped {/questions/:id/approve, POST} route[39m[38;5;3m +0ms[39m
[32m[Nest] 2016  - [39m08/06/2026, 11:35:07 AM [32m    LOG[39m [38;5;3m[RouterExplorer] [39m[32mMapped {/questions/:id/reject, POST} route[39m[38;5;3m +0ms[39m
[32m[Nest] 2016  - [39m08/06/2026, 11:35:07 AM [32m    LOG[39m [38;5;3m[RouterExplorer] [39m[32mMapped {/questions/:id/archive, POST} route[39m[38;5;3m +1ms[39m
[32m[Nest] 2016  - [39m08/06/2026, 11:35:07 AM [32m    LOG[39m [38;5;3m[RouterExplorer] [39m[32mMapped {/questions/:id/restore, POST} route[39m[38;5;3m +0ms[39m
[32m[Nest] 2016  - [39m08/06/2026, 11:35:07 AM [32m    LOG[39m [38;5;3m[RouterExplorer] [39m[32mMapped {/questions/:id, DELETE} route[39m[38;5;3m +0ms[39m
[32m[Nest] 2016  - [39m08/06/2026, 11:35:07 AM [32m    LOG[39m [38;5;3m[RoutesResolver] [39m[32mExamPapersController {/exam-papers}:[39m[38;5;3m +0ms[39m
[32m[Nest] 2016  - [39m08/06/2026, 11:35:07 AM [32m    LOG[39m [38;5;3m[RouterExplorer] [39m[32mMapped {/exam-papers/create-random, POST} route[39m[38;5;3m +0ms[39m
[32m[Nest] 2016  - [39m08/06/2026, 11:35:07 AM [32m    LOG[39m [38;5;3m[RouterExplorer] [39m[32mMapped {/exam-papers/preview-random, POST} route[39m[38;5;3m +1ms[39m
[32m[Nest] 2016  - [39m08/06/2026, 11:35:07 AM [32m    LOG[39m [38;5;3m[RouterExplorer] [39m[32mMapped {/exam-papers, GET} route[39m[38;5;3m +0ms[39m
[32m[Nest] 2016  - [39m08/06/2026, 11:35:07 AM [32m    LOG[39m [38;5;3m[RouterExplorer] [39m[32mMapped {/exam-papers/:id, GET} route[39m[38;5;3m +0ms[39m
[32m[Nest] 2016  - [39m08/06/2026, 11:35:07 AM [32m    LOG[39m [38;5;3m[RouterExplorer] [39m[32mMapped {/exam-papers/:id/publish, POST} route[39m[38;5;3m +1ms[39m
[32m[Nest] 2016  - [39m08/06/2026, 11:35:07 AM [32m    LOG[39m [38;5;3m[RouterExplorer] [39m[32mMapped {/exam-papers/:id/archive, POST} route[39m[38;5;3m +0ms[39m
[32m[Nest] 2016  - [39m08/06/2026, 11:35:07 AM [32m    LOG[39m [38;5;3m[RouterExplorer] [39m[32mMapped {/exam-papers/:id/restore, POST} route[39m[38;5;3m +0ms[39m
[32m[Nest] 2016  - [39m08/06/2026, 11:35:07 AM [32m    LOG[39m [38;5;3m[RouterExplorer] [39m[32mMapped {/exam-papers/:id, DELETE} route[39m[38;5;3m +0ms[39m
[32m[Nest] 2016  - [39m08/06/2026, 11:35:07 AM [32m    LOG[39m [38;5;3m[RoutesResolver] [39m[32mDashboardController {/dashboard}:[39m[38;5;3m +0ms[39m
[32m[Nest] 2016  - [39m08/06/2026, 11:35:07 AM [32m    LOG[39m [38;5;3m[RouterExplorer] [39m[32mMapped {/dashboard/overview, GET} route[39m[38;5;3m +1ms[39m
[32m[Nest] 2016  - [39m08/06/2026, 11:35:07 AM [32m    LOG[39m [38;5;3m[RoutesResolver] [39m[32mOnlineExamsController {/online-exams}:[39m[38;5;3m +0ms[39m
[32m[Nest] 2016  - [39m08/06/2026, 11:35:07 AM [32m    LOG[39m [38;5;3m[RouterExplorer] [39m[32mMapped {/online-exams/schedule/:scheduleId/check-eligibility, GET} route[39m[38;5;3m +0ms[39m
[32m[Nest] 2016  - [39m08/06/2026, 11:35:07 AM [32m    LOG[39m [38;5;3m[RouterExplorer] [39m[32mMapped {/online-exams/schedule/:scheduleId/start, POST} route[39m[38;5;3m +0ms[39m
[32m[Nest] 2016  - [39m08/06/2026, 11:35:07 AM [32m    LOG[39m [38;5;3m[RouterExplorer] [39m[32mMapped {/online-exams/attempt/:token/questions, GET} route[39m[38;5;3m +0ms[39m
[32m[Nest] 2016  - [39m08/06/2026, 11:35:07 AM [32m    LOG[39m [38;5;3m[RouterExplorer] [39m[32mMapped {/online-exams/attempt/:token/answers/save, POST} route[39m[38;5;3m +0ms[39m
[32m[Nest] 2016  - [39m08/06/2026, 11:35:07 AM [32m    LOG[39m [38;5;3m[RouterExplorer] [39m[32mMapped {/online-exams/attempt/:token/heartbeat, POST} route[39m[38;5;3m +1ms[39m
[32m[Nest] 2016  - [39m08/06/2026, 11:35:07 AM [32m    LOG[39m [38;5;3m[RouterExplorer] [39m[32mMapped {/online-exams/attempt/:token/events, POST} route[39m[38;5;3m +0ms[39m
[32m[Nest] 2016  - [39m08/06/2026, 11:35:07 AM [32m    LOG[39m [38;5;3m[RouterExplorer] [39m[32mMapped {/online-exams/attempt/:token/submit, POST} route[39m[38;5;3m +0ms[39m
[32m[Nest] 2016  - [39m08/06/2026, 11:35:07 AM [32m    LOG[39m [38;5;3m[RouterExplorer] [39m[32mMapped {/online-exams/attempt/:attemptId/result, GET} route[39m[38;5;3m +0ms[39m
[32m[Nest] 2016  - [39m08/06/2026, 11:35:07 AM [32m    LOG[39m [38;5;3m[RouterExplorer] [39m[32mMapped {/online-exams/attempt/:attemptId/appeal, POST} route[39m[38;5;3m +1ms[39m
[32m[Nest] 2016  - [39m08/06/2026, 11:35:07 AM [32m    LOG[39m [38;5;3m[RouterExplorer] [39m[32mMapped {/online-exams/schedule/:scheduleId/grade-report, GET} route[39m[38;5;3m +0ms[39m
[32m[Nest] 2016  - [39m08/06/2026, 11:35:07 AM [32m    LOG[39m [38;5;3m[RoutesResolver] [39m[32mProctorController {/proctor}:[39m[38;5;3m +0ms[39m
[32m[Nest] 2016  - [39m08/06/2026, 11:35:07 AM [32m    LOG[39m [38;5;3m[RouterExplorer] [39m[32mMapped {/proctor/live-dashboard/:scheduleRoomId, GET} route[39m[38;5;3m +1ms[39m
[32m[Nest] 2016  - [39m08/06/2026, 11:35:07 AM [32m    LOG[39m [38;5;3m[RouterExplorer] [39m[32mMapped {/proctor/attempt/:attemptId/extend-time, POST} route[39m[38;5;3m +0ms[39m
[32m[Nest] 2016  - [39m08/06/2026, 11:35:07 AM [32m    LOG[39m [38;5;3m[RouterExplorer] [39m[32mMapped {/proctor/attempt/:attemptId/reopen, POST} route[39m[38;5;3m +0ms[39m
[32m[Nest] 2016  - [39m08/06/2026, 11:35:07 AM [32m    LOG[39m [38;5;3m[RouterExplorer] [39m[32mMapped {/proctor/attempt/:attemptId/flag-incident, POST} route[39m[38;5;3m +0ms[39m
[32m[Nest] 2016  - [39m08/06/2026, 11:35:07 AM [32m    LOG[39m [38;5;3m[RouterExplorer] [39m[32mMapped {/proctor/attempt/:attemptId/resolve-incident, POST} route[39m[38;5;3m +0ms[39m
[32m[Nest] 2016  - [39m08/06/2026, 11:35:07 AM [32m    LOG[39m [38;5;3m[RoutesResolver] [39m[32mEssayController {/essay}:[39m[38;5;3m +0ms[39m
[32m[Nest] 2016  - [39m08/06/2026, 11:35:07 AM [32m    LOG[39m [38;5;3m[RouterExplorer] [39m[32mMapped {/essay/questions/:questionId/rubric, GET} route[39m[38;5;3m +1ms[39m
[32m[Nest] 2016  - [39m08/06/2026, 11:35:07 AM [32m    LOG[39m [38;5;3m[RouterExplorer] [39m[32mMapped {/essay/questions/:questionId/rubric, POST} route[39m[38;5;3m +0ms[39m
[32m[Nest] 2016  - [39m08/06/2026, 11:35:07 AM [32m    LOG[39m [38;5;3m[RouterExplorer] [39m[32mMapped {/essay/grading/assignments, GET} route[39m[38;5;3m +1ms[39m
[32m[Nest] 2016  - [39m08/06/2026, 11:35:07 AM [32m    LOG[39m [38;5;3m[RouterExplorer] [39m[32mMapped {/essay/grading/attempts/:attemptId, GET} route[39m[38;5;3m +0ms[39m
[32m[Nest] 2016  - [39m08/06/2026, 11:35:07 AM [32m    LOG[39m [38;5;3m[RouterExplorer] [39m[32mMapped {/essay/grading/answers/:answerId, PATCH} route[39m[38;5;3m +0ms[39m
[32m[Nest] 2016  - [39m08/06/2026, 11:35:07 AM [32m    LOG[39m [38;5;3m[RouterExplorer] [39m[32mMapped {/essay/grading/attempts/:attemptId/submit, POST} route[39m[38;5;3m +0ms[39m
[32m[Nest] 2016  - [39m08/06/2026, 11:35:07 AM [32m    LOG[39m [38;5;3m[RouterExplorer] [39m[32mMapped {/essay/grading/attempts/:attemptId/approve, POST} route[39m[38;5;3m +1ms[39m
[32m[Nest] 2016  - [39m08/06/2026, 11:35:07 AM [32m    LOG[39m [38;5;3m[RouterExplorer] [39m[32mMapped {/essay/grading/attempts/:attemptId/publish, POST} route[39m[38;5;3m +0ms[39m
[32m[Nest] 2016  - [39m08/06/2026, 11:35:07 AM [32m    LOG[39m [38;5;3m[RouterExplorer] [39m[32mMapped {/essay/grading/attempts/:attemptId/reopen, POST} route[39m[38;5;3m +0ms[39m
[32m[Nest] 2016  - [39m08/06/2026, 11:35:07 AM [32m    LOG[39m [38;5;3m[RouterExplorer] [39m[32mMapped {/essay/grading/attempts/:attemptId/extend-time, POST} route[39m[38;5;3m +0ms[39m
[32m[Nest] 2016  - [39m08/06/2026, 11:35:07 AM [32m    LOG[39m [38;5;3m[RouterExplorer] [39m[32mMapped {/essay/grading/attempts/:attemptId/penalty, POST} route[39m[38;5;3m +0ms[39m
[32m[Nest] 2016  - [39m08/06/2026, 11:35:07 AM [32m    LOG[39m [38;5;3m[RouterExplorer] [39m[32mMapped {/essay/attempt/:token/answers/:questionId/files, POST} route[39m[38;5;3m +1ms[39m
[32m[Nest] 2016  - [39m08/06/2026, 11:35:07 AM [32m    LOG[39m [38;5;3m[RoutesResolver] [39m[32mEssayGradingController {/essay-grading}:[39m[38;5;3m +0ms[39m
[32m[Nest] 2016  - [39m08/06/2026, 11:35:07 AM [32m    LOG[39m [38;5;3m[RouterExplorer] [39m[32mMapped {/essay-grading/assignments, GET} route[39m[38;5;3m +0ms[39m
[32m[Nest] 2016  - [39m08/06/2026, 11:35:07 AM [32m    LOG[39m [38;5;3m[RouterExplorer] [39m[32mMapped {/essay-grading/attempts/:attemptId, GET} route[39m[38;5;3m +0ms[39m
[32m[Nest] 2016  - [39m08/06/2026, 11:35:07 AM [32m    LOG[39m [38;5;3m[RouterExplorer] [39m[32mMapped {/essay-grading/answers/:answerId, PATCH} route[39m[38;5;3m +0ms[39m
[32m[Nest] 2016  - [39m08/06/2026, 11:35:07 AM [32m    LOG[39m [38;5;3m[RouterExplorer] [39m[32mMapped {/essay-grading/answers/:answerId/ai-suggest, POST} route[39m[38;5;3m +1ms[39m
[32m[Nest] 2016  - [39m08/06/2026, 11:35:07 AM [32m    LOG[39m [38;5;3m[RouterExplorer] [39m[32mMapped {/essay-grading/attempts/:attemptId/submit, POST} route[39m[38;5;3m +0ms[39m
[32m[Nest] 2016  - [39m08/06/2026, 11:35:07 AM [32m    LOG[39m [38;5;3m[RouterExplorer] [39m[32mMapped {/essay-grading/attempts/:attemptId/approve, POST} route[39m[38;5;3m +0ms[39m
[32m[Nest] 2016  - [39m08/06/2026, 11:35:07 AM [32m    LOG[39m [38;5;3m[RouterExplorer] [39m[32mMapped {/essay-grading/attempts/:attemptId/publish, POST} route[39m[38;5;3m +0ms[39m
[32m[Nest] 2016  - [39m08/06/2026, 11:35:07 AM [32m    LOG[39m [38;5;3m[RouterExplorer] [39m[32mMapped {/essay-grading/attempts/:attemptId/reopen, POST} route[39m[38;5;3m +0ms[39m
[32m[Nest] 2016  - [39m08/06/2026, 11:35:07 AM [32m    LOG[39m [38;5;3m[RouterExplorer] [39m[32mMapped {/essay-grading/attempts/:attemptId/extend-time, POST} route[39m[38;5;3m +0ms[39m
[32m[Nest] 2016  - [39m08/06/2026, 11:35:07 AM [32m    LOG[39m [38;5;3m[RouterExplorer] [39m[32mMapped {/essay-grading/attempts/:attemptId/penalty, POST} route[39m[38;5;3m +1ms[39m
[32m[Nest] 2016  - [39m08/06/2026, 11:35:07 AM [32m    LOG[39m [38;5;3m[RoutesResolver] [39m[32mEssayConfigController {/online-exam-config}:[39m[38;5;3m +0ms[39m
[32m[Nest] 2016  - [39m08/06/2026, 11:35:07 AM [32m    LOG[39m [38;5;3m[RouterExplorer] [39m[32mMapped {/online-exam-config/:scheduleId/essay, PATCH} route[39m[38;5;3m +0ms[39m
[32m[Nest] 2016  - [39m08/06/2026, 11:35:07 AM [32m    LOG[39m [38;5;3m[RoutesResolver] [39m[32mContactController {/contact}:[39m[38;5;3m +0ms[39m
[32m[Nest] 2016  - [39m08/06/2026, 11:35:07 AM [32m    LOG[39m [38;5;3m[RouterExplorer] [39m[32mMapped {/contact/send, POST} route[39m[38;5;3m +0ms[39m
[32m[Nest] 2016  - [39m08/06/2026, 11:35:07 AM [32m    LOG[39m [38;5;3m[NestApplication] [39m[32mNest application successfully started[39m[38;5;3m +100ms[39m
Backend Application is running on: http://localhost:3001
[32m[Nest] 2016  - [39m08/06/2026, 11:37:07 AM [32m    LOG[39m [38;5;3m[HTTP] [39m[32m[POST] /auth/login - Finished in 237ms[39m
[32m[Nest] 2016  - [39m08/06/2026, 11:37:08 AM [32m    LOG[39m [38;5;3m[HTTP] [39m[32m[GET] /exam-papers/6 - Finished in 98ms[39m
[32m[Nest] 2016  - [39m08/06/2026, 11:37:15 AM [32m    LOG[39m [38;5;3m[HTTP] [39m[32m[POST] /auth/login - Finished in 149ms[39m
[33m[Nest] 2016  - [39m08/06/2026, 11:37:15 AM [33m   WARN[39m [38;5;3m[HTTP-ERROR] [39m[33m[31m[GET] /questions?type=ESSAY&page=1&limit=5 - Status 400 - Error: {"message":["limit must be one of the following values: 20, 50, 100"],"error":"Bad Request","statusCode":400}[0m[39m
[32m[Nest] 2016  - [39m08/06/2026, 11:37:22 AM [32m    LOG[39m [38;5;3m[HTTP] [39m[32m[POST] /auth/login - Finished in 132ms[39m
[32m[Nest] 2016  - [39m08/06/2026, 11:37:22 AM [32m    LOG[39m [38;5;3m[HTTP] [39m[32m[GET] /questions?type=ESSAY&page=1&limit=20 - Finished in 38ms[39m
[2J[3J[H[[90m11:54:00 AM[0m] File change detected. Starting incremental compilation...

[[90m11:54:06 AM[0m] Found 0 errors. Watching for file changes.

[32m[Nest] 20656  - [39m08/06/2026, 11:54:11 AM [32m    LOG[39m [38;5;3m[NestFactory] [39m[32mStarting Nest application...[39m
[32m[Nest] 20656  - [39m08/06/2026, 11:54:11 AM [32m    LOG[39m [38;5;3m[InstanceLoader] [39m[32mAppModule dependencies initialized[39m[38;5;3m +27ms[39m
[32m[Nest] 20656  - [39m08/06/2026, 11:54:11 AM [32m    LOG[39m [38;5;3m[InstanceLoader] [39m[32mPrismaModule dependencies initialized[39m[38;5;3m +5ms[39m
[32m[Nest] 20656  - [39m08/06/2026, 11:54:11 AM [32m    LOG[39m [38;5;3m[InstanceLoader] [39m[32mPassportModule dependencies initialized[39m[38;5;3m +0ms[39m
[32m[Nest] 20656  - [39m08/06/2026, 11:54:11 AM [32m    LOG[39m [38;5;3m[InstanceLoader] [39m[32mSecurityModule dependencies initialized[39m[38;5;3m +7ms[39m
[32m[Nest] 20656  - [39m08/06/2026, 11:54:11 AM [32m    LOG[39m [38;5;3m[InstanceLoader] [39m[32mAuditModule dependencies initialized[39m[38;5;3m +1ms[39m
[32m[Nest] 20656  - [39m08/06/2026, 11:54:11 AM [32m    LOG[39m [38;5;3m[InstanceLoader] [39m[32mConfigHostModule dependencies initialized[39m[38;5;3m +0ms[39m
[32m[Nest] 20656  - [39m08/06/2026, 11:54:11 AM [32m    LOG[39m [38;5;3m[InstanceLoader] [39m[32mJwtModule dependencies initialized[39m[38;5;3m +0ms[39m
[32m[Nest] 20656  - [39m08/06/2026, 11:54:11 AM [32m    LOG[39m [38;5;3m[InstanceLoader] [39m[32mConfigModule dependencies initialized[39m[38;5;3m +3ms[39m
[32m[Nest] 20656  - [39m08/06/2026, 11:54:11 AM [32m    LOG[39m [38;5;3m[InstanceLoader] [39m[32mUsersModule dependencies initialized[39m[38;5;3m +5ms[39m
[32m[Nest] 20656  - [39m08/06/2026, 11:54:11 AM [32m    LOG[39m [38;5;3m[InstanceLoader] [39m[32mDepartmentsModule dependencies initialized[39m[38;5;3m +0ms[39m
[32m[Nest] 20656  - [39m08/06/2026, 11:54:11 AM [32m    LOG[39m [38;5;3m[InstanceLoader] [39m[32mClassesModule dependencies initialized[39m[38;5;3m +0ms[39m
[32m[Nest] 20656  - [39m08/06/2026, 11:54:11 AM [32m    LOG[39m [38;5;3m[InstanceLoader] [39m[32mStudentsModule dependencies initialized[39m[38;5;3m +0ms[39m
[32m[Nest] 20656  - [39m08/06/2026, 11:54:11 AM [32m    LOG[39m [38;5;3m[InstanceLoader] [39m[32mSubjectsModule dependencies initialized[39m[38;5;3m +0ms[39m
[32m[Nest] 20656  - [39m08/06/2026, 11:54:11 AM [32m    LOG[39m [38;5;3m[InstanceLoader] [39m[32mDashboardModule dependencies initialized[39m[38;5;3m +0ms[39m
[32m[Nest] 20656  - [39m08/06/2026, 11:54:11 AM [32m    LOG[39m [38;5;3m[InstanceLoader] [39m[32mContactModule dependencies initialized[39m[38;5;3m +0ms[39m
[32m[Nest] 20656  - [39m08/06/2026, 11:54:11 AM [32m    LOG[39m [38;5;3m[InstanceLoader] [39m[32mProctorModule dependencies initialized[39m[38;5;3m +0ms[39m
[32m[Nest] 20656  - [39m08/06/2026, 11:54:11 AM [32m    LOG[39m [38;5;3m[InstanceLoader] [39m[32mTeachersModule dependencies initialized[39m[38;5;3m +1ms[39m
[32m[Nest] 20656  - [39m08/06/2026, 11:54:11 AM [32m    LOG[39m [38;5;3m[InstanceLoader] [39m[32mExamRoomsModule dependencies initialized[39m[38;5;3m +0ms[39m
[32m[Nest] 20656  - [39m08/06/2026, 11:54:11 AM [32m    LOG[39m [38;5;3m[InstanceLoader] [39m[32mExamPeriodsModule dependencies initialized[39m[38;5;3m +0ms[39m
[32m[Nest] 20656  - [39m08/06/2026, 11:54:11 AM [32m    LOG[39m [38;5;3m[InstanceLoader] [39m[32mExamSchedulesModule dependencies initialized[39m[38;5;3m +0ms[39m
[32m[Nest] 20656  - [39m08/06/2026, 11:54:11 AM [32m    LOG[39m [38;5;3m[InstanceLoader] [39m[32mExamArrangementModule dependencies initialized[39m[38;5;3m +0ms[39m
[32m[Nest] 20656  - [39m08/06/2026, 11:54:11 AM [32m    LOG[39m [38;5;3m[InstanceLoader] [39m[32mExamSupervisorsModule dependencies initialized[39m[38;5;3m +0ms[39m
[32m[Nest] 20656  - [39m08/06/2026, 11:54:11 AM [32m    LOG[39m [38;5;3m[InstanceLoader] [39m[32mQuestionsModule dependencies initialized[39m[38;5;3m +0ms[39m
[32m[Nest] 20656  - [39m08/06/2026, 11:54:11 AM [32m    LOG[39m [38;5;3m[InstanceLoader] [39m[32mExamPapersModule dependencies initialized[39m[38;5;3m +0ms[39m
[32m[Nest] 20656  - [39m08/06/2026, 11:54:11 AM [32m    LOG[39m [38;5;3m[InstanceLoader] [39m[32mEssayModule dependencies initialized[39m[38;5;3m +0ms[39m
[32m[Nest] 20656  - [39m08/06/2026, 11:54:11 AM [32m    LOG[39m [38;5;3m[InstanceLoader] [39m[32mOnlineExamsModule dependencies initialized[39m[38;5;3m +0ms[39m
[32m[Nest] 20656  - [39m08/06/2026, 11:54:11 AM [32m    LOG[39m [38;5;3m[InstanceLoader] [39m[32mAuthModule dependencies initialized[39m[38;5;3m +0ms[39m
[32m[Nest] 20656  - [39m08/06/2026, 11:54:11 AM [32m    LOG[39m [38;5;3m[RoutesResolver] [39m[32mAuthController {/auth}:[39m[38;5;3m +7ms[39m
[32m[Nest] 20656  - [39m08/06/2026, 11:54:11 AM [32m    LOG[39m [38;5;3m[RouterExplorer] [39m[32mMapped {/auth/login, POST} route[39m[38;5;3m +4ms[39m
[32m[Nest] 20656  - [39m08/06/2026, 11:54:11 AM [32m    LOG[39m [38;5;3m[RouterExplorer] [39m[32mMapped {/auth/profile, GET} route[39m[38;5;3m +0ms[39m
[32m[Nest] 20656  - [39m08/06/2026, 11:54:11 AM [32m    LOG[39m [38;5;3m[RouterExplorer] [39m[32mMapped {/auth/change-password, POST} route[39m[38;5;3m +0ms[39m
[32m[Nest] 20656  - [39m08/06/2026, 11:54:11 AM [32m    LOG[39m [38;5;3m[RouterExplorer] [39m[32mMapped {/auth/profile, POST} route[39m[38;5;3m +1ms[39m
[32m[Nest] 20656  - [39m08/06/2026, 11:54:11 AM [32m    LOG[39m [38;5;3m[RoutesResolver] [39m[32mUsersController {/users}:[39m[38;5;3m +0ms[39m
[32m[Nest] 20656  - [39m08/06/2026, 11:54:11 AM [32m    LOG[39m [38;5;3m[RouterExplorer] [39m[32mMapped {/users/dashboard-stats, GET} route[39m[38;5;3m +0ms[39m
[32m[Nest] 20656  - [39m08/06/2026, 11:54:11 AM [32m    LOG[39m [38;5;3m[RouterExplorer] [39m[32mMapped {/users, GET} route[39m[38;5;3m +0ms[39m
[32m[Nest] 20656  - [39m08/06/2026, 11:54:11 AM [32m    LOG[39m [38;5;3m[RouterExplorer] [39m[32mMapped {/users/:id, GET} route[39m[38;5;3m +1ms[39m
[32m[Nest] 20656  - [39m08/06/2026, 11:54:11 AM [32m    LOG[39m [38;5;3m[RoutesResolver] [39m[32mDepartmentsController {/departments}:[39m[38;5;3m +0ms[39m
[32m[Nest] 20656  - [39m08/06/2026, 11:54:11 AM [32m    LOG[39m [38;5;3m[RouterExplorer] [39m[32mMapped {/departments, GET} route[39m[38;5;3m +0ms[39m
[32m[Nest] 20656  - [39m08/06/2026, 11:54:11 AM [32m    LOG[39m [38;5;3m[RouterExplorer] [39m[32mMapped {/departments/:id/curriculum, GET} route[39m[38;5;3m +0ms[39m
[32m[Nest] 20656  - [39m08/06/2026, 11:54:11 AM [32m    LOG[39m [38;5;3m[RouterExplorer] [39m[32mMapped {/departments/:id, GET} route[39m[38;5;3m +1ms[39m
[32m[Nest] 20656  - [39m08/06/2026, 11:54:11 AM [32m    LOG[39m [38;5;3m[RouterExplorer] [39m[32mMapped {/departments, POST} route[39m[38;5;3m +0ms[39m
[32m[Nest] 20656  - [39m08/06/2026, 11:54:11 AM [32m    LOG[39m [38;5;3m[RouterExplorer] [39m[32mMapped {/departments/:id/curriculum, POST} route[39m[38;5;3m +0ms[39m
[32m[Nest] 20656  - [39m08/06/2026, 11:54:11 AM [32m    LOG[39m [38;5;3m[RouterExplorer] [39m[32mMapped {/departments/:id, PATCH} route[39m[38;5;3m +0ms[39m
[32m[Nest] 20656  - [39m08/06/2026, 11:54:11 AM [32m    LOG[39m [38;5;3m[RouterExplorer] [39m[32mMapped {/departments/:id/curriculum/:subjectId, DELETE} route[39m[38;5;3m +1ms[39m
[32m[Nest] 20656  - [39m08/06/2026, 11:54:11 AM [32m    LOG[39m [38;5;3m[RouterExplorer] [39m[32mMapped {/departments/:id, DELETE} route[39m[38;5;3m +0ms[39m
[32m[Nest] 20656  - [39m08/06/2026, 11:54:11 AM [32m    LOG[39m [38;5;3m[RoutesResolver] [39m[32mClassesController {/classes}:[39m[38;5;3m +0ms[39m
[32m[Nest] 20656  - [39m08/06/2026, 11:54:11 AM [32m    LOG[39m [38;5;3m[RouterExplorer] [39m[32mMapped {/classes, GET} route[39m[38;5;3m +0ms[39m
[32m[Nest] 20656  - [39m08/06/2026, 11:54:11 AM [32m    LOG[39m [38;5;3m[RouterExplorer] [39m[32mMapped {/classes/:id, GET} route[39m[38;5;3m +0ms[39m
[32m[Nest] 20656  - [39m08/06/2026, 11:54:11 AM [32m    LOG[39m [38;5;3m[RouterExplorer] [39m[32mMapped {/classes, POST} route[39m[38;5;3m +0ms[39m
[32m[Nest] 20656  - [39m08/06/2026, 11:54:11 AM [32m    LOG[39m [38;5;3m[RouterExplorer] [39m[32mMapped {/classes/:id, PATCH} route[39m[38;5;3m +1ms[39m
[32m[Nest] 20656  - [39m08/06/2026, 11:54:11 AM [32m    LOG[39m [38;5;3m[RouterExplorer] [39m[32mMapped {/classes/:id, DELETE} route[39m[38;5;3m +0ms[39m
[32m[Nest] 20656  - [39m08/06/2026, 11:54:11 AM [32m    LOG[39m [38;5;3m[RoutesResolver] [39m[32mStudentsController {/students}:[39m[38;5;3m +0ms[39m
[32m[Nest] 20656  - [39m08/06/2026, 11:54:11 AM [32m    LOG[39m [38;5;3m[RouterExplorer] [39m[32mMapped {/students/my-schedule, GET} route[39m[38;5;3m +0ms[39m
[32m[Nest] 20656  - [39m08/06/2026, 11:54:11 AM [32m    LOG[39m [38;5;3m[RouterExplorer] [39m[32mMapped {/students/my-curriculum, GET} route[39m[38;5;3m +0ms[39m
[32m[Nest] 20656  - [39m08/06/2026, 11:54:11 AM [32m    LOG[39m [38;5;3m[RouterExplorer] [39m[32mMapped {/students, GET} route[39m[38;5;3m +0ms[39m
[32m[Nest] 20656  - [39m08/06/2026, 11:54:11 AM [32m    LOG[39m [38;5;3m[RouterExplorer] [39m[32mMapped {/students/:id, GET} route[39m[38;5;3m +0ms[39m
[32m[Nest] 20656  - [39m08/06/2026, 11:54:11 AM [32m    LOG[39m [38;5;3m[RouterExplorer] [39m[32mMapped {/students, POST} route[39m[38;5;3m +0ms[39m
[32m[Nest] 20656  - [39m08/06/2026, 11:54:11 AM [32m    LOG[39m [38;5;3m[RouterExplorer] [39m[32mMapped {/students/:id, PATCH} route[39m[38;5;3m +1ms[39m
[32m[Nest] 20656  - [39m08/06/2026, 11:54:11 AM [32m    LOG[39m [38;5;3m[RouterExplorer] [39m[32mMapped {/students/:id, DELETE} route[39m[38;5;3m +0ms[39m
[32m[Nest] 20656  - [39m08/06/2026, 11:54:11 AM [32m    LOG[39m [38;5;3m[RoutesResolver] [39m[32mTeachersController {/teachers}:[39m[38;5;3m +0ms[39m
[32m[Nest] 20656  - [39m08/06/2026, 11:54:11 AM [32m    LOG[39m [38;5;3m[RouterExplorer] [39m[32mMapped {/teachers/my-assignments, GET} route[39m[38;5;3m +0ms[39m
[32m[Nest] 20656  - [39m08/06/2026, 11:54:11 AM [32m    LOG[39m [38;5;3m[RouterExplorer] [39m[32mMapped {/teachers/my-assignments/:id/status, PATCH} route[39m[38;5;3m +0ms[39m
[32m[Nest] 20656  - [39m08/06/2026, 11:54:11 AM [32m    LOG[39m [38;5;3m[RouterExplorer] [39m[32mMapped {/teachers/my-assignments/:id/attendance-sheet, GET} route[39m[38;5;3m +0ms[39m
[32m[Nest] 20656  - [39m08/06/2026, 11:54:11 AM [32m    LOG[39m [38;5;3m[RouterExplorer] [39m[32mMapped {/teachers, GET} route[39m[38;5;3m +1ms[39m
[32m[Nest] 20656  - [39m08/06/2026, 11:54:11 AM [32m    LOG[39m [38;5;3m[RouterExplorer] [39m[32mMapped {/teachers/:id/lock, POST} route[39m[38;5;3m +0ms[39m
[32m[Nest] 20656  - [39m08/06/2026, 11:54:11 AM [32m    LOG[39m [38;5;3m[RouterExplorer] [39m[32mMapped {/teachers/:id/unlock, POST} route[39m[38;5;3m +0ms[39m
[32m[Nest] 20656  - [39m08/06/2026, 11:54:11 AM [32m    LOG[39m [38;5;3m[RouterExplorer] [39m[32mMapped {/teachers/:id, GET} route[39m[38;5;3m +1ms[39m
[32m[Nest] 20656  - [39m08/06/2026, 11:54:11 AM [32m    LOG[39m [38;5;3m[RouterExplorer] [39m[32mMapped {/teachers, POST} route[39m[38;5;3m +0ms[39m
[32m[Nest] 20656  - [39m08/06/2026, 11:54:11 AM [32m    LOG[39m [38;5;3m[RouterExplorer] [39m[32mMapped {/teachers/:id, PATCH} route[39m[38;5;3m +0ms[39m
[32m[Nest] 20656  - [39m08/06/2026, 11:54:11 AM [32m    LOG[39m [38;5;3m[RouterExplorer] [39m[32mMapped {/teachers/:id, DELETE} route[39m[38;5;3m +0ms[39m
[32m[Nest] 20656  - [39m08/06/2026, 11:54:11 AM [32m    LOG[39m [38;5;3m[RoutesResolver] [39m[32mSubjectsController {/subjects}:[39m[38;5;3m +1ms[39m
[32m[Nest] 20656  - [39m08/06/2026, 11:54:11 AM [32m    LOG[39m [38;5;3m[RouterExplorer] [39m[32mMapped {/subjects, GET} route[39m[38;5;3m +0ms[39m
[32m[Nest] 20656  - [39m08/06/2026, 11:54:11 AM [32m    LOG[39m [38;5;3m[RouterExplorer] [39m[32mMapped {/subjects/:id, GET} route[39m[38;5;3m +0ms[39m
[32m[Nest] 20656  - [39m08/06/2026, 11:54:11 AM [32m    LOG[39m [38;5;3m[RouterExplorer] [39m[32mMapped {/subjects/:id/chapters, GET} route[39m[38;5;3m +0ms[39m
[32m[Nest] 20656  - [39m08/06/2026, 11:54:11 AM [32m    LOG[39m [38;5;3m[RouterExplorer] [39m[32mMapped {/subjects/:id/enrollments, GET} route[39m[38;5;3m +0ms[39m
[32m[Nest] 20656  - [39m08/06/2026, 11:54:11 AM [32m    LOG[39m [38;5;3m[RouterExplorer] [39m[32mMapped {/subjects/:id/enroll-students, POST} route[39m[38;5;3m +1ms[39m
[32m[Nest] 20656  - [39m08/06/2026, 11:54:11 AM [32m    LOG[39m [38;5;3m[RouterExplorer] [39m[32mMapped {/subjects, POST} route[39m[38;5;3m +0ms[39m
[32m[Nest] 20656  - [39m08/06/2026, 11:54:11 AM [32m    LOG[39m [38;5;3m[RouterExplorer] [39m[32mMapped {/subjects/:id, PATCH} route[39m[38;5;3m +0ms[39m
[32m[Nest] 20656  - [39m08/06/2026, 11:54:11 AM [32m    LOG[39m [38;5;3m[RouterExplorer] [39m[32mMapped {/subjects/:id, DELETE} route[39m[38;5;3m +0ms[39m
[32m[Nest] 20656  - [39m08/06/2026, 11:54:11 AM [32m    LOG[39m [38;5;3m[RoutesResolver] [39m[32mExamRoomsController {/exam-rooms}:[39m[38;5;3m +0ms[39m
[32m[Nest] 20656  - [39m08/06/2026, 11:54:11 AM [32m    LOG[39m [38;5;3m[RouterExplorer] [39m[32mMapped {/exam-rooms, GET} route[39m[38;5;3m +0ms[39m
[32m[Nest] 20656  - [39m08/06/2026, 11:54:11 AM [32m    LOG[39m [38;5;3m[RouterExplorer] [39m[32mMapped {/exam-rooms/:id, GET} route[39m[38;5;3m +0ms[39m
[32m[Nest] 20656  - [39m08/06/2026, 11:54:11 AM [32m    LOG[39m [38;5;3m[RouterExplorer] [39m[32mMapped {/exam-rooms/:id/lock, POST} route[39m[38;5;3m +1ms[39m
[32m[Nest] 20656  - [39m08/06/2026, 11:54:11 AM [32m    LOG[39m [38;5;3m[RouterExplorer] [39m[32mMapped {/exam-rooms/:id/unlock, POST} route[39m[38;5;3m +0ms[39m
[32m[Nest] 20656  - [39m08/06/2026, 11:54:11 AM [32m    LOG[39m [38;5;3m[RouterExplorer] [39m[32mMapped {/exam-rooms, POST} route[39m[38;5;3m +0ms[39m
[32m[Nest] 20656  - [39m08/06/2026, 11:54:11 AM [32m    LOG[39m [38;5;3m[RouterExplorer] [39m[32mMapped {/exam-rooms/:id, PATCH} route[39m[38;5;3m +0ms[39m
[32m[Nest] 20656  - [39m08/06/2026, 11:54:11 AM [32m    LOG[39m [38;5;3m[RouterExplorer] [39m[32mMapped {/exam-rooms/:id, DELETE} route[39m[38;5;3m +0ms[39m
[32m[Nest] 20656  - [39m08/06/2026, 11:54:11 AM [32m    LOG[39m [38;5;3m[RoutesResolver] [39m[32mExamPeriodsController {/exam-periods}:[39m[38;5;3m +0ms[39m
[32m[Nest] 20656  - [39m08/06/2026, 11:54:11 AM [32m    LOG[39m [38;5;3m[RouterExplorer] [39m[32mMapped {/exam-periods, GET} route[39m[38;5;3m +0ms[39m
[32m[Nest] 20656  - [39m08/06/2026, 11:54:11 AM [32m    LOG[39m [38;5;3m[RouterExplorer] [39m[32mMapped {/exam-periods/:id, GET} route[39m[38;5;3m +0ms[39m
[32m[Nest] 20656  - [39m08/06/2026, 11:54:11 AM [32m    LOG[39m [38;5;3m[RouterExplorer] [39m[32mMapped {/exam-periods, POST} route[39m[38;5;3m +1ms[39m
[32m[Nest] 20656  - [39m08/06/2026, 11:54:11 AM [32m    LOG[39m [38;5;3m[RouterExplorer] [39m[32mMapped {/exam-periods/:id, PATCH} route[39m[38;5;3m +0ms[39m
[32m[Nest] 20656  - [39m08/06/2026, 11:54:11 AM [32m    LOG[39m [38;5;3m[RouterExplorer] [39m[32mMapped {/exam-periods/:id, DELETE} route[39m[38;5;3m +0ms[39m
[32m[Nest] 20656  - [39m08/06/2026, 11:54:11 AM [32m    LOG[39m [38;5;3m[RouterExplorer] [39m[32mMapped {/exam-periods/:id/lock, POST} route[39m[38;5;3m +0ms[39m
[32m[Nest] 20656  - [39m08/06/2026, 11:54:11 AM [32m    LOG[39m [38;5;3m[RouterExplorer] [39m[32mMapped {/exam-periods/:id/unlock, POST} route[39m[38;5;3m +0ms[39m
[32m[Nest] 20656  - [39m08/06/2026, 11:54:11 AM [32m    LOG[39m [38;5;3m[RoutesResolver] [39m[32mExamSchedulesController {/exam-schedules}:[39m[38;5;3m +0ms[39m
[32m[Nest] 20656  - [39m08/06/2026, 11:54:11 AM [32m    LOG[39m [38;5;3m[RouterExplorer] [39m[32mMapped {/exam-schedules, GET} route[39m[38;5;3m +0ms[39m
[32m[Nest] 20656  - [39m08/06/2026, 11:54:11 AM [32m    LOG[39m [38;5;3m[RouterExplorer] [39m[32mMapped {/exam-schedules/conflicts, GET} route[39m[38;5;3m +1ms[39m
[32m[Nest] 20656  - [39m08/06/2026, 11:54:11 AM [32m    LOG[39m [38;5;3m[RouterExplorer] [39m[32mMapped {/exam-schedules/trash, GET} route[39m[38;5;3m +0ms[39m
[32m[Nest] 20656  - [39m08/06/2026, 11:54:11 AM [32m    LOG[39m [38;5;3m[RouterExplorer] [39m[32mMapped {/exam-schedules/auto-preview, POST} route[39m[38;5;3m +0ms[39m
[32m[Nest] 20656  - [39m08/06/2026, 11:54:11 AM [32m    LOG[39m [38;5;3m[RouterExplorer] [39m[32mMapped {/exam-schedules/auto-apply, POST} route[39m[38;5;3m +0ms[39m
[32m[Nest] 20656  - [39m08/06/2026, 11:54:11 AM [32m    LOG[39m [38;5;3m[RouterExplorer] [39m[32mMapped {/exam-schedules/:id/lock, POST} route[39m[38;5;3m +0ms[39m
[32m[Nest] 20656  - [39m08/06/2026, 11:54:11 AM [32m    LOG[39m [38;5;3m[RouterExplorer] [39m[32mMapped {/exam-schedules/:id/unlock, POST} route[39m[38;5;3m +0ms[39m
[32m[Nest] 20656  - [39m08/06/2026, 11:54:11 AM [32m    LOG[39m [38;5;3m[RouterExplorer] [39m[32mMapped {/exam-schedules/:id, GET} route[39m[38;5;3m +0ms[39m
[32m[Nest] 20656  - [39m08/06/2026, 11:54:11 AM [32m    LOG[39m [38;5;3m[RouterExplorer] [39m[32mMapped {/exam-schedules, POST} route[39m[38;5;3m +0ms[39m
[32m[Nest] 20656  - [39m08/06/2026, 11:54:11 AM [32m    LOG[39m [38;5;3m[RouterExplorer] [39m[32mMapped {/exam-schedules/:id, PATCH} route[39m[38;5;3m +0ms[39m
[32m[Nest] 20656  - [39m08/06/2026, 11:54:11 AM [32m    LOG[39m [38;5;3m[RouterExplorer] [39m[32mMapped {/exam-schedules/:id, DELETE} route[39m[38;5;3m +1ms[39m
[32m[Nest] 20656  - [39m08/06/2026, 11:54:11 AM [32m    LOG[39m [38;5;3m[RouterExplorer] [39m[32mMapped {/exam-schedules/:id/reopen-entry, POST} route[39m[38;5;3m +0ms[39m
[32m[Nest] 20656  - [39m08/06/2026, 11:54:11 AM [32m    LOG[39m [38;5;3m[RouterExplorer] [39m[32mMapped {/exam-schedules/:id/restore, POST} route[39m[38;5;3m +0ms[39m
[32m[Nest] 20656  - [39m08/06/2026, 11:54:11 AM [32m    LOG[39m [38;5;3m[RoutesResolver] [39m[32mExamArrangementController {/exam-arrangement}:[39m[38;5;3m +0ms[39m
[32m[Nest] 20656  - [39m08/06/2026, 11:54:11 AM [32m    LOG[39m [38;5;3m[RouterExplorer] [39m[32mMapped {/exam-arrangement/auto-arrange, POST} route[39m[38;5;3m +0ms[39m
[32m[Nest] 20656  - [39m08/06/2026, 11:54:11 AM [32m    LOG[39m [38;5;3m[RouterExplorer] [39m[32mMapped {/exam-arrangement/preview, POST} route[39m[38;5;3m +0ms[39m
[32m[Nest] 20656  - [39m08/06/2026, 11:54:11 AM [32m    LOG[39m [38;5;3m[RouterExplorer] [39m[32mMapped {/exam-arrangement/result, GET} route[39m[38;5;3m +0ms[39m
[32m[Nest] 20656  - [39m08/06/2026, 11:54:11 AM [32m    LOG[39m [38;5;3m[RouterExplorer] [39m[32mMapped {/exam-arrangement/room-availability, GET} route[39m[38;5;3m +0ms[39m
[32m[Nest] 20656  - [39m08/06/2026, 11:54:11 AM [32m    LOG[39m [38;5;3m[RouterExplorer] [39m[32mMapped {/exam-arrangement/reset/:examScheduleId, DELETE} route[39m[38;5;3m +1ms[39m
[32m[Nest] 20656  - [39m08/06/2026, 11:54:11 AM [32m    LOG[39m [38;5;3m[RouterExplorer] [39m[32mMapped {/exam-arrangement/history, GET} route[39m[38;5;3m +0ms[39m
[32m[Nest] 20656  - [39m08/06/2026, 11:54:11 AM [32m    LOG[39m [38;5;3m[RoutesResolver] [39m[32mExamSupervisorsController {/exam-supervisors}:[39m[38;5;3m +0ms[39m
[32m[Nest] 20656  - [39m08/06/2026, 11:54:11 AM [32m    LOG[39m [38;5;3m[RouterExplorer] [39m[32mMapped {/exam-supervisors/assign, POST} route[39m[38;5;3m +0ms[39m
[32m[Nest] 20656  - [39m08/06/2026, 11:54:11 AM [32m    LOG[39m [38;5;3m[RouterExplorer] [39m[32mMapped {/exam-supervisors/auto-preview, POST} route[39m[38;5;3m +0ms[39m
[32m[Nest] 20656  - [39m08/06/2026, 11:54:11 AM [32m    LOG[39m [38;5;3m[RouterExplorer] [39m[32mMapped {/exam-supervisors/auto-assign, POST} route[39m[38;5;3m +0ms[39m
[32m[Nest] 20656  - [39m08/06/2026, 11:54:11 AM [32m    LOG[39m [38;5;3m[RouterExplorer] [39m[32mMapped {/exam-supervisors, GET} route[39m[38;5;3m +0ms[39m
[32m[Nest] 20656  - [39m08/06/2026, 11:54:11 AM [32m    LOG[39m [38;5;3m[RouterExplorer] [39m[32mMapped {/exam-supervisors/:id/status, PATCH} route[39m[38;5;3m +0ms[39m
[32m[Nest] 20656  - [39m08/06/2026, 11:54:11 AM [32m    LOG[39m [38;5;3m[RouterExplorer] [39m[32mMapped {/exam-supervisors/:id, DELETE} route[39m[38;5;3m +1ms[39m
[32m[Nest] 20656  - [39m08/06/2026, 11:54:11 AM [32m    LOG[39m [38;5;3m[RoutesResolver] [39m[32mQuestionsController {/questions}:[39m[38;5;3m +0ms[39m
[32m[Nest] 20656  - [39m08/06/2026, 11:54:11 AM [32m    LOG[39m [38;5;3m[RouterExplorer] [39m[32mMapped {/questions, GET} route[39m[38;5;3m +0ms[39m
[32m[Nest] 20656  - [39m08/06/2026, 11:54:11 AM [32m    LOG[39m [38;5;3m[RouterExplorer] [39m[32mMapped {/questions/statistics, GET} route[39m[38;5;3m +0ms[39m
[32m[Nest] 20656  - [39m08/06/2026, 11:54:11 AM [32m    LOG[39m [38;5;3m[RouterExplorer] [39m[32mMapped {/questions/filter-options, GET} route[39m[38;5;3m +0ms[39m
[32m[Nest] 20656  - [39m08/06/2026, 11:54:11 AM [32m    LOG[39m [38;5;3m[RouterExplorer] [39m[32mMapped {/questions/import/template, GET} route[39m[38;5;3m +0ms[39m
[32m[Nest] 20656  - [39m08/06/2026, 11:54:11 AM [32m    LOG[39m [38;5;3m[RouterExplorer] [39m[32mMapped {/questions/media/preview, POST} route[39m[38;5;3m +1ms[39m
[32m[Nest] 20656  - [39m08/06/2026, 11:54:11 AM [32m    LOG[39m [38;5;3m[RouterExplorer] [39m[32mMapped {/questions/media/upload, POST} route[39m[38;5;3m +0ms[39m
[32m[Nest] 20656  - [39m08/06/2026, 11:54:11 AM [32m    LOG[39m [38;5;3m[RouterExplorer] [39m[32mMapped {/questions/media/:id, DELETE} route[39m[38;5;3m +0ms[39m
[32m[Nest] 20656  - [39m08/06/2026, 11:54:11 AM [32m    LOG[39m [38;5;3m[RouterExplorer] [39m[32mMapped {/questions/export, POST} route[39m[38;5;3m +0ms[39m
[32m[Nest] 20656  - [39m08/06/2026, 11:54:11 AM [32m    LOG[39m [38;5;3m[RouterExplorer] [39m[32mMapped {/questions/bulk-action, POST} route[39m[38;5;3m +0ms[39m
[32m[Nest] 20656  - [39m08/06/2026, 11:54:11 AM [32m    LOG[39m [38;5;3m[RouterExplorer] [39m[32mMapped {/questions/import/preview, POST} route[39m[38;5;3m +0ms[39m
[32m[Nest] 20656  - [39m08/06/2026, 11:54:11 AM [32m    LOG[39m [38;5;3m[RouterExplorer] [39m[32mMapped {/questions/import/confirm, POST} route[39m[38;5;3m +0ms[39m
[32m[Nest] 20656  - [39m08/06/2026, 11:54:11 AM [32m    LOG[39m [38;5;3m[RouterExplorer] [39m[32mMapped {/questions/ai-generate, POST} route[39m[38;5;3m +0ms[39m
[32m[Nest] 20656  - [39m08/06/2026, 11:54:11 AM [32m    LOG[39m [38;5;3m[RouterExplorer] [39m[32mMapped {/questions/ai-save, POST} route[39m[38;5;3m +1ms[39m
[32m[Nest] 20656  - [39m08/06/2026, 11:54:11 AM [32m    LOG[39m [38;5;3m[RouterExplorer] [39m[32mMapped {/questions/ai-extract-text, POST} route[39m[38;5;3m +0ms[39m
[32m[Nest] 20656  - [39m08/06/2026, 11:54:11 AM [32m    LOG[39m [38;5;3m[RouterExplorer] [39m[32mMapped {/questions, POST} route[39m[38;5;3m +0ms[39m
[32m[Nest] 20656  - [39m08/06/2026, 11:54:11 AM [32m    LOG[39m [38;5;3m[RouterExplorer] [39m[32mMapped {/questions/:id, GET} route[39m[38;5;3m +0ms[39m
[32m[Nest] 20656  - [39m08/06/2026, 11:54:11 AM [32m    LOG[39m [38;5;3m[RouterExplorer] [39m[32mMapped {/questions/:id, PATCH} route[39m[38;5;3m +0ms[39m
[32m[Nest] 20656  - [39m08/06/2026, 11:54:11 AM [32m    LOG[39m [38;5;3m[RouterExplorer] [39m[32mMapped {/questions/:id/duplicate, POST} route[39m[38;5;3m +1ms[39m
[32m[Nest] 20656  - [39m08/06/2026, 11:54:11 AM [32m    LOG[39m [38;5;3m[RouterExplorer] [39m[32mMapped {/questions/:id/submit, POST} route[39m[38;5;3m +0ms[39m
[32m[Nest] 20656  - [39m08/06/2026, 11:54:11 AM [32m    LOG[39m [38;5;3m[RouterExplorer] [39m[32mMapped {/questions/:id/approve, POST} route[39m[38;5;3m +0ms[39m
[32m[Nest] 20656  - [39m08/06/2026, 11:54:11 AM [32m    LOG[39m [38;5;3m[RouterExplorer] [39m[32mMapped {/questions/:id/reject, POST} route[39m[38;5;3m +0ms[39m
[32m[Nest] 20656  - [39m08/06/2026, 11:54:11 AM [32m    LOG[39m [38;5;3m[RouterExplorer] [39m[32mMapped {/questions/:id/archive, POST} route[39m[38;5;3m +0ms[39m
[32m[Nest] 20656  - [39m08/06/2026, 11:54:11 AM [32m    LOG[39m [38;5;3m[RouterExplorer] [39m[32mMapped {/questions/:id/restore, POST} route[39m[38;5;3m +0ms[39m
[32m[Nest] 20656  - [39m08/06/2026, 11:54:11 AM [32m    LOG[39m [38;5;3m[RouterExplorer] [39m[32mMapped {/questions/:id, DELETE} route[39m[38;5;3m +0ms[39m
[32m[Nest] 20656  - [39m08/06/2026, 11:54:11 AM [32m    LOG[39m [38;5;3m[RoutesResolver] [39m[32mExamPapersController {/exam-papers}:[39m[38;5;3m +0ms[39m
[32m[Nest] 20656  - [39m08/06/2026, 11:54:11 AM [32m    LOG[39m [38;5;3m[RouterExplorer] [39m[32mMapped {/exam-papers/create-random, POST} route[39m[38;5;3m +0ms[39m
[32m[Nest] 20656  - [39m08/06/2026, 11:54:11 AM [32m    LOG[39m [38;5;3m[RouterExplorer] [39m[32mMapped {/exam-papers/preview-random, POST} route[39m[38;5;3m +0ms[39m
[32m[Nest] 20656  - [39m08/06/2026, 11:54:11 AM [32m    LOG[39m [38;5;3m[RouterExplorer] [39m[32mMapped {/exam-papers, GET} route[39m[38;5;3m +1ms[39m
[32m[Nest] 20656  - [39m08/06/2026, 11:54:11 AM [32m    LOG[39m [38;5;3m[RouterExplorer] [39m[32mMapped {/exam-papers/:id, GET} route[39m[38;5;3m +0ms[39m
[32m[Nest] 20656  - [39m08/06/2026, 11:54:11 AM [32m    LOG[39m [38;5;3m[RouterExplorer] [39m[32mMapped {/exam-papers/:id/publish, POST} route[39m[38;5;3m +0ms[39m
[32m[Nest] 20656  - [39m08/06/2026, 11:54:11 AM [32m    LOG[39m [38;5;3m[RouterExplorer] [39m[32mMapped {/exam-papers/:id/archive, POST} route[39m[38;5;3m +0ms[39m
[32m[Nest] 20656  - [39m08/06/2026, 11:54:11 AM [32m    LOG[39m [38;5;3m[RouterExplorer] [39m[32mMapped {/exam-papers/:id/restore, POST} route[39m[38;5;3m +0ms[39m
[32m[Nest] 20656  - [39m08/06/2026, 11:54:11 AM [32m    LOG[39m [38;5;3m[RouterExplorer] [39m[32mMapped {/exam-papers/:id, DELETE} route[39m[38;5;3m +0ms[39m
[32m[Nest] 20656  - [39m08/06/2026, 11:54:11 AM [32m    LOG[39m [38;5;3m[RoutesResolver] [39m[32mDashboardController {/dashboard}:[39m[38;5;3m +0ms[39m
[32m[Nest] 20656  - [39m08/06/2026, 11:54:11 AM [32m    LOG[39m [38;5;3m[RouterExplorer] [39m[32mMapped {/dashboard/overview, GET} route[39m[38;5;3m +0ms[39m
[32m[Nest] 20656  - [39m08/06/2026, 11:54:11 AM [32m    LOG[39m [38;5;3m[RoutesResolver] [39m[32mOnlineExamsController {/online-exams}:[39m[38;5;3m +0ms[39m
[32m[Nest] 20656  - [39m08/06/2026, 11:54:11 AM [32m    LOG[39m [38;5;3m[RouterExplorer] [39m[32mMapped {/online-exams/schedule/:scheduleId/check-eligibility, GET} route[39m[38;5;3m +1ms[39m
[32m[Nest] 20656  - [39m08/06/2026, 11:54:11 AM [32m    LOG[39m [38;5;3m[RouterExplorer] [39m[32mMapped {/online-exams/schedule/:scheduleId/start, POST} route[39m[38;5;3m +0ms[39m
[32m[Nest] 20656  - [39m08/06/2026, 11:54:11 AM [32m    LOG[39m [38;5;3m[RouterExplorer] [39m[32mMapped {/online-exams/attempt/:token/questions, GET} route[39m[38;5;3m +0ms[39m
[32m[Nest] 20656  - [39m08/06/2026, 11:54:11 AM [32m    LOG[39m [38;5;3m[RouterExplorer] [39m[32mMapped {/online-exams/attempt/:token/answers/save, POST} route[39m[38;5;3m +0ms[39m
[32m[Nest] 20656  - [39m08/06/2026, 11:54:11 AM [32m    LOG[39m [38;5;3m[RouterExplorer] [39m[32mMapped {/online-exams/attempt/:token/heartbeat, POST} route[39m[38;5;3m +0ms[39m
[32m[Nest] 20656  - [39m08/06/2026, 11:54:11 AM [32m    LOG[39m [38;5;3m[RouterExplorer] [39m[32mMapped {/online-exams/attempt/:token/events, POST} route[39m[38;5;3m +0ms[39m
[32m[Nest] 20656  - [39m08/06/2026, 11:54:11 AM [32m    LOG[39m [38;5;3m[RouterExplorer] [39m[32mMapped {/online-exams/attempt/:token/submit, POST} route[39m[38;5;3m +0ms[39m
[32m[Nest] 20656  - [39m08/06/2026, 11:54:11 AM [32m    LOG[39m [38;5;3m[RouterExplorer] [39m[32mMapped {/online-exams/attempt/:attemptId/result, GET} route[39m[38;5;3m +0ms[39m
[32m[Nest] 20656  - [39m08/06/2026, 11:54:11 AM [32m    LOG[39m [38;5;3m[RouterExplorer] [39m[32mMapped {/online-exams/attempt/:attemptId/appeal, POST} route[39m[38;5;3m +0ms[39m
[32m[Nest] 20656  - [39m08/06/2026, 11:54:11 AM [32m    LOG[39m [38;5;3m[RouterExplorer] [39m[32mMapped {/online-exams/schedule/:scheduleId/grade-report, GET} route[39m[38;5;3m +1ms[39m
[32m[Nest] 20656  - [39m08/06/2026, 11:54:11 AM [32m    LOG[39m [38;5;3m[RoutesResolver] [39m[32mProctorController {/proctor}:[39m[38;5;3m +0ms[39m
[32m[Nest] 20656  - [39m08/06/2026, 11:54:11 AM [32m    LOG[39m [38;5;3m[RouterExplorer] [39m[32mMapped {/proctor/live-dashboard/:scheduleRoomId, GET} route[39m[38;5;3m +0ms[39m
[32m[Nest] 20656  - [39m08/06/2026, 11:54:11 AM [32m    LOG[39m [38;5;3m[RouterExplorer] [39m[32mMapped {/proctor/attempt/:attemptId/extend-time, POST} route[39m[38;5;3m +0ms[39m
[32m[Nest] 20656  - [39m08/06/2026, 11:54:11 AM [32m    LOG[39m [38;5;3m[RouterExplorer] [39m[32mMapped {/proctor/attempt/:attemptId/reopen, POST} route[39m[38;5;3m +0ms[39m
[32m[Nest] 20656  - [39m08/06/2026, 11:54:11 AM [32m    LOG[39m [38;5;3m[RouterExplorer] [39m[32mMapped {/proctor/attempt/:attemptId/flag-incident, POST} route[39m[38;5;3m +1ms[39m
[32m[Nest] 20656  - [39m08/06/2026, 11:54:11 AM [32m    LOG[39m [38;5;3m[RouterExplorer] [39m[32mMapped {/proctor/attempt/:attemptId/resolve-incident, POST} route[39m[38;5;3m +0ms[39m
[32m[Nest] 20656  - [39m08/06/2026, 11:54:11 AM [32m    LOG[39m [38;5;3m[RoutesResolver] [39m[32mEssayController {/essay}:[39m[38;5;3m +0ms[39m
[32m[Nest] 20656  - [39m08/06/2026, 11:54:11 AM [32m    LOG[39m [38;5;3m[RouterExplorer] [39m[32mMapped {/essay/questions/:questionId/rubric, GET} route[39m[38;5;3m +0ms[39m
[32m[Nest] 20656  - [39m08/06/2026, 11:54:11 AM [32m    LOG[39m [38;5;3m[RouterExplorer] [39m[32mMapped {/essay/questions/:questionId/rubric, POST} route[39m[38;5;3m +0ms[39m
[32m[Nest] 20656  - [39m08/06/2026, 11:54:11 AM [32m    LOG[39m [38;5;3m[RouterExplorer] [39m[32mMapped {/essay/grading/assignments, GET} route[39m[38;5;3m +0ms[39m
[32m[Nest] 20656  - [39m08/06/2026, 11:54:11 AM [32m    LOG[39m [38;5;3m[RouterExplorer] [39m[32mMapped {/essay/grading/attempts/:attemptId, GET} route[39m[38;5;3m +0ms[39m
[32m[Nest] 20656  - [39m08/06/2026, 11:54:11 AM [32m    LOG[39m [38;5;3m[RouterExplorer] [39m[32mMapped {/essay/grading/answers/:answerId, PATCH} route[39m[38;5;3m +0ms[39m
[32m[Nest] 20656  - [39m08/06/2026, 11:54:11 AM [32m    LOG[39m [38;5;3m[RouterExplorer] [39m[32mMapped {/essay/grading/attempts/:attemptId/submit, POST} route[39m[38;5;3m +0ms[39m
[32m[Nest] 20656  - [39m08/06/2026, 11:54:11 AM [32m    LOG[39m [38;5;3m[RouterExplorer] [39m[32mMapped {/essay/grading/attempts/:attemptId/approve, POST} route[39m[38;5;3m +1ms[39m
[32m[Nest] 20656  - [39m08/06/2026, 11:54:11 AM [32m    LOG[39m [38;5;3m[RouterExplorer] [39m[32mMapped {/essay/grading/attempts/:attemptId/publish, POST} route[39m[38;5;3m +0ms[39m
[32m[Nest] 20656  - [39m08/06/2026, 11:54:11 AM [32m    LOG[39m [38;5;3m[RouterExplorer] [39m[32mMapped {/essay/grading/attempts/:attemptId/reopen, POST} route[39m[38;5;3m +0ms[39m
[32m[Nest] 20656  - [39m08/06/2026, 11:54:11 AM [32m    LOG[39m [38;5;3m[RouterExplorer] [39m[32mMapped {/essay/grading/attempts/:attemptId/extend-time, POST} route[39m[38;5;3m +0ms[39m
[32m[Nest] 20656  - [39m08/06/2026, 11:54:11 AM [32m    LOG[39m [38;5;3m[RouterExplorer] [39m[32mMapped {/essay/grading/attempts/:attemptId/penalty, POST} route[39m[38;5;3m +0ms[39m
[32m[Nest] 20656  - [39m08/06/2026, 11:54:11 AM [32m    LOG[39m [38;5;3m[RouterExplorer] [39m[32mMapped {/essay/attempt/:token/answers/:questionId/files, POST} route[39m[38;5;3m +0ms[39m
[32m[Nest] 20656  - [39m08/06/2026, 11:54:11 AM [32m    LOG[39m [38;5;3m[RoutesResolver] [39m[32mEssayGradingController {/essay-grading}:[39m[38;5;3m +0ms[39m
[32m[Nest] 20656  - [39m08/06/2026, 11:54:11 AM [32m    LOG[39m [38;5;3m[RouterExplorer] [39m[32mMapped {/essay-grading/assignments, GET} route[39m[38;5;3m +0ms[39m
[32m[Nest] 20656  - [39m08/06/2026, 11:54:11 AM [32m    LOG[39m [38;5;3m[RouterExplorer] [39m[32mMapped {/essay-grading/attempts/:attemptId, GET} route[39m[38;5;3m +1ms[39m
[32m[Nest] 20656  - [39m08/06/2026, 11:54:11 AM [32m    LOG[39m [38;5;3m[RouterExplorer] [39m[32mMapped {/essay-grading/answers/:answerId, PATCH} route[39m[38;5;3m +0ms[39m
[32m[Nest] 20656  - [39m08/06/2026, 11:54:11 AM [32m    LOG[39m [38;5;3m[RouterExplorer] [39m[32mMapped {/essay-grading/answers/:answerId/ai-suggest, POST} route[39m[38;5;3m +0ms[39m
[32m[Nest] 20656  - [39m08/06/2026, 11:54:11 AM [32m    LOG[39m [38;5;3m[RouterExplorer] [39m[32mMapped {/essay-grading/attempts/:attemptId/submit, POST} route[39m[38;5;3m +0ms[39m
[32m[Nest] 20656  - [39m08/06/2026, 11:54:11 AM [32m    LOG[39m [38;5;3m[RouterExplorer] [39m[32mMapped {/essay-grading/attempts/:attemptId/approve, POST} route[39m[38;5;3m +0ms[39m
[32m[Nest] 20656  - [39m08/06/2026, 11:54:11 AM [32m    LOG[39m [38;5;3m[RouterExplorer] [39m[32mMapped {/essay-grading/attempts/:attemptId/publish, POST} route[39m[38;5;3m +0ms[39m
[32m[Nest] 20656  - [39m08/06/2026, 11:54:11 AM [32m    LOG[39m [38;5;3m[RouterExplorer] [39m[32mMapped {/essay-grading/attempts/:attemptId/reopen, POST} route[39m[38;5;3m +0ms[39m
[32m[Nest] 20656  - [39m08/06/2026, 11:54:11 AM [32m    LOG[39m [38;5;3m[RouterExplorer] [39m[32mMapped {/essay-grading/attempts/:attemptId/extend-time, POST} route[39m[38;5;3m +0ms[39m
[32m[Nest] 20656  - [39m08/06/2026, 11:54:11 AM [32m    LOG[39m [38;5;3m[RouterExplorer] [39m[32mMapped {/essay-grading/attempts/:attemptId/penalty, POST} route[39m[38;5;3m +0ms[39m
[32m[Nest] 20656  - [39m08/06/2026, 11:54:11 AM [32m    LOG[39m [38;5;3m[RoutesResolver] [39m[32mEssayConfigController {/online-exam-config}:[39m[38;5;3m +0ms[39m
[32m[Nest] 20656  - [39m08/06/2026, 11:54:11 AM [32m    LOG[39m [38;5;3m[RouterExplorer] [39m[32mMapped {/online-exam-config/:scheduleId/essay, PATCH} route[39m[38;5;3m +1ms[39m
[32m[Nest] 20656  - [39m08/06/2026, 11:54:11 AM [32m    LOG[39m [38;5;3m[RoutesResolver] [39m[32mContactController {/contact}:[39m[38;5;3m +0ms[39m
[32m[Nest] 20656  - [39m08/06/2026, 11:54:11 AM [32m    LOG[39m [38;5;3m[RouterExplorer] [39m[32mMapped {/contact/send, POST} route[39m[38;5;3m +0ms[39m
[32m[Nest] 20656  - [39m08/06/2026, 11:54:11 AM [32m    LOG[39m [38;5;3m[NestApplication] [39m[32mNest application successfully started[39m[38;5;3m +63ms[39m
[31m[Nest] 20656  - [39m08/06/2026, 11:54:11 AM [31m  ERROR[39m [38;5;3m[NestApplication] [39m[31mError: listen EADDRINUSE: address already in use :::3001[39m[38;5;3m +3ms[39m
node:net:2009
    const ex = new UVExceptionWithHostPort(err, 'listen', address, port);
               ^

Error: listen EADDRINUSE: address already in use :::3001
    at Server.setupListenHandle [as _listen2] (node:net:2009:16)
    at listenInCluster (node:net:2066:12)
    at Server.listen (node:net:2171:7)
    at ExpressAdapter.listen (C:\Users\loiho\.gemini\antigravity-ide\scratch\exam-management\backend\node_modules\@nestjs\platform-express\adapters\express-adapter.js:95:32)
    at C:\Users\loiho\.gemini\antigravity-ide\scratch\exam-management\backend\node_modules\@nestjs\core\nest-application.js:183:30
    at new Promise (<anonymous>)
    at NestApplication.listen (C:\Users\loiho\.gemini\antigravity-ide\scratch\exam-management\backend\node_modules\@nestjs\core\nest-application.js:173:16)
    at async bootstrap (C:\Users\loiho\.gemini\antigravity-ide\scratch\exam-management\backend\src\main.ts:32:3) {
  code: 'EADDRINUSE',
  errno: -4091,
  syscall: 'listen',
  address: '::',
  port: 3001
}

Node.js v24.18.1
[2J[3J[H[[90m11:54:14 AM[0m] File change detected. Starting incremental compilation...

[[90m11:54:15 AM[0m] Found 0 errors. Watching for file changes.

[32m[Nest] 7872  - [39m08/06/2026, 11:54:21 AM [32m    LOG[39m [38;5;3m[NestFactory] [39m[32mStarting Nest application...[39m
[32m[Nest] 7872  - [39m08/06/2026, 11:54:21 AM [32m    LOG[39m [38;5;3m[InstanceLoader] [39m[32mAppModule dependencies initialized[39m[38;5;3m +41ms[39m
[32m[Nest] 7872  - [39m08/06/2026, 11:54:21 AM [32m    LOG[39m [38;5;3m[InstanceLoader] [39m[32mPrismaModule dependencies initialized[39m[38;5;3m +26ms[39m
[32m[Nest] 7872  - [39m08/06/2026, 11:54:21 AM [32m    LOG[39m [38;5;3m[InstanceLoader] [39m[32mPassportModule dependencies initialized[39m[38;5;3m +0ms[39m
[32m[Nest] 7872  - [39m08/06/2026, 11:54:21 AM [32m    LOG[39m [38;5;3m[InstanceLoader] [39m[32mSecurityModule dependencies initialized[39m[38;5;3m +28ms[39m
[32m[Nest] 7872  - [39m08/06/2026, 11:54:21 AM [32m    LOG[39m [38;5;3m[InstanceLoader] [39m[32mAuditModule dependencies initialized[39m[38;5;3m +0ms[39m
[32m[Nest] 7872  - [39m08/06/2026, 11:54:21 AM [32m    LOG[39m [38;5;3m[InstanceLoader] [39m[32mConfigHostModule dependencies initialized[39m[38;5;3m +1ms[39m
[32m[Nest] 7872  - [39m08/06/2026, 11:54:21 AM [32m    LOG[39m [38;5;3m[InstanceLoader] [39m[32mJwtModule dependencies initialized[39m[38;5;3m +0ms[39m
[32m[Nest] 7872  - [39m08/06/2026, 11:54:21 AM [32m    LOG[39m [38;5;3m[InstanceLoader] [39m[32mConfigModule dependencies initialized[39m[38;5;3m +4ms[39m
[32m[Nest] 7872  - [39m08/06/2026, 11:54:21 AM [32m    LOG[39m [38;5;3m[InstanceLoader] [39m[32mUsersModule dependencies initialized[39m[38;5;3m +7ms[39m
[32m[Nest] 7872  - [39m08/06/2026, 11:54:21 AM [32m    LOG[39m [38;5;3m[InstanceLoader] [39m[32mDepartmentsModule dependencies initialized[39m[38;5;3m +0ms[39m
[32m[Nest] 7872  - [39m08/06/2026, 11:54:21 AM [32m    LOG[39m [38;5;3m[InstanceLoader] [39m[32mClassesModule dependencies initialized[39m[38;5;3m +0ms[39m
[32m[Nest] 7872  - [39m08/06/2026, 11:54:21 AM [32m    LOG[39m [38;5;3m[InstanceLoader] [39m[32mStudentsModule dependencies initialized[39m[38;5;3m +0ms[39m
[32m[Nest] 7872  - [39m08/06/2026, 11:54:21 AM [32m    LOG[39m [38;5;3m[InstanceLoader] [39m[32mSubjectsModule dependencies initialized[39m[38;5;3m +0ms[39m
[32m[Nest] 7872  - [39m08/06/2026, 11:54:21 AM [32m    LOG[39m [38;5;3m[InstanceLoader] [39m[32mDashboardModule dependencies initialized[39m[38;5;3m +0ms[39m
[32m[Nest] 7872  - [39m08/06/2026, 11:54:21 AM [32m    LOG[39m [38;5;3m[InstanceLoader] [39m[32mContactModule dependencies initialized[39m[38;5;3m +0ms[39m
[32m[Nest] 7872  - [39m08/06/2026, 11:54:21 AM [32m    LOG[39m [38;5;3m[InstanceLoader] [39m[32mProctorModule dependencies initialized[39m[38;5;3m +1ms[39m
[32m[Nest] 7872  - [39m08/06/2026, 11:54:21 AM [32m    LOG[39m [38;5;3m[InstanceLoader] [39m[32mTeachersModule dependencies initialized[39m[38;5;3m +1ms[39m
[32m[Nest] 7872  - [39m08/06/2026, 11:54:21 AM [32m    LOG[39m [38;5;3m[InstanceLoader] [39m[32mExamRoomsModule dependencies initialized[39m[38;5;3m +0ms[39m
[32m[Nest] 7872  - [39m08/06/2026, 11:54:21 AM [32m    LOG[39m [38;5;3m[InstanceLoader] [39m[32mExamPeriodsModule dependencies initialized[39m[38;5;3m +0ms[39m
[32m[Nest] 7872  - [39m08/06/2026, 11:54:21 AM [32m    LOG[39m [38;5;3m[InstanceLoader] [39m[32mExamSchedulesModule dependencies initialized[39m[38;5;3m +0ms[39m
[32m[Nest] 7872  - [39m08/06/2026, 11:54:21 AM [32m    LOG[39m [38;5;3m[InstanceLoader] [39m[32mExamArrangementModule dependencies initialized[39m[38;5;3m +0ms[39m
[32m[Nest] 7872  - [39m08/06/2026, 11:54:21 AM [32m    LOG[39m [38;5;3m[InstanceLoader] [39m[32mExamSupervisorsModule dependencies initialized[39m[38;5;3m +1ms[39m
[32m[Nest] 7872  - [39m08/06/2026, 11:54:21 AM [32m    LOG[39m [38;5;3m[InstanceLoader] [39m[32mQuestionsModule dependencies initialized[39m[38;5;3m +0ms[39m
[32m[Nest] 7872  - [39m08/06/2026, 11:54:21 AM [32m    LOG[39m [38;5;3m[InstanceLoader] [39m[32mExamPapersModule dependencies initialized[39m[38;5;3m +0ms[39m
[32m[Nest] 7872  - [39m08/06/2026, 11:54:21 AM [32m    LOG[39m [38;5;3m[InstanceLoader] [39m[32mEssayModule dependencies initialized[39m[38;5;3m +0ms[39m
[32m[Nest] 7872  - [39m08/06/2026, 11:54:21 AM [32m    LOG[39m [38;5;3m[InstanceLoader] [39m[32mOnlineExamsModule dependencies initialized[39m[38;5;3m +0ms[39m
[32m[Nest] 7872  - [39m08/06/2026, 11:54:21 AM [32m    LOG[39m [38;5;3m[InstanceLoader] [39m[32mAuthModule dependencies initialized[39m[38;5;3m +0ms[39m
[32m[Nest] 7872  - [39m08/06/2026, 11:54:21 AM [32m    LOG[39m [38;5;3m[RoutesResolver] [39m[32mAuthController {/auth}:[39m[38;5;3m +10ms[39m
[32m[Nest] 7872  - [39m08/06/2026, 11:54:21 AM [32m    LOG[39m [38;5;3m[RouterExplorer] [39m[32mMapped {/auth/login, POST} route[39m[38;5;3m +4ms[39m
[32m[Nest] 7872  - [39m08/06/2026, 11:54:21 AM [32m    LOG[39m [38;5;3m[RouterExplorer] [39m[32mMapped {/auth/profile, GET} route[39m[38;5;3m +1ms[39m
[32m[Nest] 7872  - [39m08/06/2026, 11:54:21 AM [32m    LOG[39m [38;5;3m[RouterExplorer] [39m[32mMapped {/auth/change-password, POST} route[39m[38;5;3m +1ms[39m
[32m[Nest] 7872  - [39m08/06/2026, 11:54:21 AM [32m    LOG[39m [38;5;3m[RouterExplorer] [39m[32mMapped {/auth/profile, POST} route[39m[38;5;3m +1ms[39m
[32m[Nest] 7872  - [39m08/06/2026, 11:54:21 AM [32m    LOG[39m [38;5;3m[RoutesResolver] [39m[32mUsersController {/users}:[39m[38;5;3m +0ms[39m
[32m[Nest] 7872  - [39m08/06/2026, 11:54:21 AM [32m    LOG[39m [38;5;3m[RouterExplorer] [39m[32mMapped {/users/dashboard-stats, GET} route[39m[38;5;3m +1ms[39m
[32m[Nest] 7872  - [39m08/06/2026, 11:54:21 AM [32m    LOG[39m [38;5;3m[RouterExplorer] [39m[32mMapped {/users, GET} route[39m[38;5;3m +0ms[39m
[32m[Nest] 7872  - [39m08/06/2026, 11:54:21 AM [32m    LOG[39m [38;5;3m[RouterExplorer] [39m[32mMapped {/users/:id, GET} route[39m[38;5;3m +1ms[39m
[32m[Nest] 7872  - [39m08/06/2026, 11:54:21 AM [32m    LOG[39m [38;5;3m[RoutesResolver] [39m[32mDepartmentsController {/departments}:[39m[38;5;3m +0ms[39m
[32m[Nest] 7872  - [39m08/06/2026, 11:54:21 AM [32m    LOG[39m [38;5;3m[RouterExplorer] [39m[32mMapped {/departments, GET} route[39m[38;5;3m +1ms[39m
[32m[Nest] 7872  - [39m08/06/2026, 11:54:21 AM [32m    LOG[39m [38;5;3m[RouterExplorer] [39m[32mMapped {/departments/:id/curriculum, GET} route[39m[38;5;3m +0ms[39m
[32m[Nest] 7872  - [39m08/06/2026, 11:54:21 AM [32m    LOG[39m [38;5;3m[RouterExplorer] [39m[32mMapped {/departments/:id, GET} route[39m[38;5;3m +1ms[39m
[32m[Nest] 7872  - [39m08/06/2026, 11:54:21 AM [32m    LOG[39m [38;5;3m[RouterExplorer] [39m[32mMapped {/departments, POST} route[39m[38;5;3m +1ms[39m
[32m[Nest] 7872  - [39m08/06/2026, 11:54:21 AM [32m    LOG[39m [38;5;3m[RouterExplorer] [39m[32mMapped {/departments/:id/curriculum, POST} route[39m[38;5;3m +0ms[39m
[32m[Nest] 7872  - [39m08/06/2026, 11:54:21 AM [32m    LOG[39m [38;5;3m[RouterExplorer] [39m[32mMapped {/departments/:id, PATCH} route[39m[38;5;3m +1ms[39m
[32m[Nest] 7872  - [39m08/06/2026, 11:54:21 AM [32m    LOG[39m [38;5;3m[RouterExplorer] [39m[32mMapped {/departments/:id/curriculum/:subjectId, DELETE} route[39m[38;5;3m +1ms[39m
[32m[Nest] 7872  - [39m08/06/2026, 11:54:21 AM [32m    LOG[39m [38;5;3m[RouterExplorer] [39m[32mMapped {/departments/:id, DELETE} route[39m[38;5;3m +0ms[39m
[32m[Nest] 7872  - [39m08/06/2026, 11:54:21 AM [32m    LOG[39m [38;5;3m[RoutesResolver] [39m[32mClassesController {/classes}:[39m[38;5;3m +0ms[39m
[32m[Nest] 7872  - [39m08/06/2026, 11:54:21 AM [32m    LOG[39m [38;5;3m[RouterExplorer] [39m[32mMapped {/classes, GET} route[39m[38;5;3m +0ms[39m
[32m[Nest] 7872  - [39m08/06/2026, 11:54:21 AM [32m    LOG[39m [38;5;3m[RouterExplorer] [39m[32mMapped {/classes/:id, GET} route[39m[38;5;3m +1ms[39m
[32m[Nest] 7872  - [39m08/06/2026, 11:54:21 AM [32m    LOG[39m [38;5;3m[RouterExplorer] [39m[32mMapped {/classes, POST} route[39m[38;5;3m +0ms[39m
[32m[Nest] 7872  - [39m08/06/2026, 11:54:21 AM [32m    LOG[39m [38;5;3m[RouterExplorer] [39m[32mMapped {/classes/:id, PATCH} route[39m[38;5;3m +0ms[39m
[32m[Nest] 7872  - [39m08/06/2026, 11:54:21 AM [32m    LOG[39m [38;5;3m[RouterExplorer] [39m[32mMapped {/classes/:id, DELETE} route[39m[38;5;3m +1ms[39m
[32m[Nest] 7872  - [39m08/06/2026, 11:54:21 AM [32m    LOG[39m [38;5;3m[RoutesResolver] [39m[32mStudentsController {/students}:[39m[38;5;3m +0ms[39m
[32m[Nest] 7872  - [39m08/06/2026, 11:54:21 AM [32m    LOG[39m [38;5;3m[RouterExplorer] [39m[32mMapped {/students/my-schedule, GET} route[39m[38;5;3m +0ms[39m
[32m[Nest] 7872  - [39m08/06/2026, 11:54:21 AM [32m    LOG[39m [38;5;3m[RouterExplorer] [39m[32mMapped {/students/my-curriculum, GET} route[39m[38;5;3m +0ms[39m
[32m[Nest] 7872  - [39m08/06/2026, 11:54:21 AM [32m    LOG[39m [38;5;3m[RouterExplorer] [39m[32mMapped {/students, GET} route[39m[38;5;3m +1ms[39m
[32m[Nest] 7872  - [39m08/06/2026, 11:54:21 AM [32m    LOG[39m [38;5;3m[RouterExplorer] [39m[32mMapped {/students/:id, GET} route[39m[38;5;3m +0ms[39m
[32m[Nest] 7872  - [39m08/06/2026, 11:54:21 AM [32m    LOG[39m [38;5;3m[RouterExplorer] [39m[32mMapped {/students, POST} route[39m[38;5;3m +0ms[39m
[32m[Nest] 7872  - [39m08/06/2026, 11:54:21 AM [32m    LOG[39m [38;5;3m[RouterExplorer] [39m[32mMapped {/students/:id, PATCH} route[39m[38;5;3m +0ms[39m
[32m[Nest] 7872  - [39m08/06/2026, 11:54:21 AM [32m    LOG[39m [38;5;3m[RouterExplorer] [39m[32mMapped {/students/:id, DELETE} route[39m[38;5;3m +1ms[39m
[32m[Nest] 7872  - [39m08/06/2026, 11:54:21 AM [32m    LOG[39m [38;5;3m[RoutesResolver] [39m[32mTeachersController {/teachers}:[39m[38;5;3m +0ms[39m
[32m[Nest] 7872  - [39m08/06/2026, 11:54:21 AM [32m    LOG[39m [38;5;3m[RouterExplorer] [39m[32mMapped {/teachers/my-assignments, GET} route[39m[38;5;3m +0ms[39m
[32m[Nest] 7872  - [39m08/06/2026, 11:54:21 AM [32m    LOG[39m [38;5;3m[RouterExplorer] [39m[32mMapped {/teachers/my-assignments/:id/status, PATCH} route[39m[38;5;3m +0ms[39m
[32m[Nest] 7872  - [39m08/06/2026, 11:54:21 AM [32m    LOG[39m [38;5;3m[RouterExplorer] [39m[32mMapped {/teachers/my-assignments/:id/attendance-sheet, GET} route[39m[38;5;3m +1ms[39m
[32m[Nest] 7872  - [39m08/06/2026, 11:54:21 AM [32m    LOG[39m [38;5;3m[RouterExplorer] [39m[32mMapped {/teachers, GET} route[39m[38;5;3m +0ms[39m
[32m[Nest] 7872  - [39m08/06/2026, 11:54:21 AM [32m    LOG[39m [38;5;3m[RouterExplorer] [39m[32mMapped {/teachers/:id/lock, POST} route[39m[38;5;3m +1ms[39m
[32m[Nest] 7872  - [39m08/06/2026, 11:54:21 AM [32m    LOG[39m [38;5;3m[RouterExplorer] [39m[32mMapped {/teachers/:id/unlock, POST} route[39m[38;5;3m +0ms[39m
[32m[Nest] 7872  - [39m08/06/2026, 11:54:21 AM [32m    LOG[39m [38;5;3m[RouterExplorer] [39m[32mMapped {/teachers/:id, GET} route[39m[38;5;3m +0ms[39m
[32m[Nest] 7872  - [39m08/06/2026, 11:54:21 AM [32m    LOG[39m [38;5;3m[RouterExplorer] [39m[32mMapped {/teachers, POST} route[39m[38;5;3m +0ms[39m
[32m[Nest] 7872  - [39m08/06/2026, 11:54:21 AM [32m    LOG[39m [38;5;3m[RouterExplorer] [39m[32mMapped {/teachers/:id, PATCH} route[39m[38;5;3m +1ms[39m
[32m[Nest] 7872  - [39m08/06/2026, 11:54:21 AM [32m    LOG[39m [38;5;3m[RouterExplorer] [39m[32mMapped {/teachers/:id, DELETE} route[39m[38;5;3m +0ms[39m
[32m[Nest] 7872  - [39m08/06/2026, 11:54:21 AM [32m    LOG[39m [38;5;3m[RoutesResolver] [39m[32mSubjectsController {/subjects}:[39m[38;5;3m +0ms[39m
[32m[Nest] 7872  - [39m08/06/2026, 11:54:21 AM [32m    LOG[39m [38;5;3m[RouterExplorer] [39m[32mMapped {/subjects, GET} route[39m[38;5;3m +0ms[39m
[32m[Nest] 7872  - [39m08/06/2026, 11:54:21 AM [32m    LOG[39m [38;5;3m[RouterExplorer] [39m[32mMapped {/subjects/:id, GET} route[39m[38;5;3m +0ms[39m
[32m[Nest] 7872  - [39m08/06/2026, 11:54:21 AM [32m    LOG[39m [38;5;3m[RouterExplorer] [39m[32mMapped {/subjects/:id/chapters, GET} route[39m[38;5;3m +1ms[39m
[32m[Nest] 7872  - [39m08/06/2026, 11:54:21 AM [32m    LOG[39m [38;5;3m[RouterExplorer] [39m[32mMapped {/subjects/:id/enrollments, GET} route[39m[38;5;3m +1ms[39m
[32m[Nest] 7872  - [39m08/06/2026, 11:54:21 AM [32m    LOG[39m [38;5;3m[RouterExplorer] [39m[32mMapped {/subjects/:id/enroll-students, POST} route[39m[38;5;3m +0ms[39m
[32m[Nest] 7872  - [39m08/06/2026, 11:54:21 AM [32m    LOG[39m [38;5;3m[RouterExplorer] [39m[32mMapped {/subjects, POST} route[39m[38;5;3m +0ms[39m
[32m[Nest] 7872  - [39m08/06/2026, 11:54:21 AM [32m    LOG[39m [38;5;3m[RouterExplorer] [39m[32mMapped {/subjects/:id, PATCH} route[39m[38;5;3m +0ms[39m
[32m[Nest] 7872  - [39m08/06/2026, 11:54:21 AM [32m    LOG[39m [38;5;3m[RouterExplorer] [39m[32mMapped {/subjects/:id, DELETE} route[39m[38;5;3m +1ms[39m
[32m[Nest] 7872  - [39m08/06/2026, 11:54:21 AM [32m    LOG[39m [38;5;3m[RoutesResolver] [39m[32mExamRoomsController {/exam-rooms}:[39m[38;5;3m +0ms[39m
[32m[Nest] 7872  - [39m08/06/2026, 11:54:21 AM [32m    LOG[39m [38;5;3m[RouterExplorer] [39m[32mMapped {/exam-rooms, GET} route[39m[38;5;3m +0ms[39m
[32m[Nest] 7872  - [39m08/06/2026, 11:54:21 AM [32m    LOG[39m [38;5;3m[RouterExplorer] [39m[32mMapped {/exam-rooms/:id, GET} route[39m[38;5;3m +1ms[39m
[32m[Nest] 7872  - [39m08/06/2026, 11:54:21 AM [32m    LOG[39m [38;5;3m[RouterExplorer] [39m[32mMapped {/exam-rooms/:id/lock, POST} route[39m[38;5;3m +0ms[39m
[32m[Nest] 7872  - [39m08/06/2026, 11:54:21 AM [32m    LOG[39m [38;5;3m[RouterExplorer] [39m[32mMapped {/exam-rooms/:id/unlock, POST} route[39m[38;5;3m +0ms[39m
[32m[Nest] 7872  - [39m08/06/2026, 11:54:21 AM [32m    LOG[39m [38;5;3m[RouterExplorer] [39m[32mMapped {/exam-rooms, POST} route[39m[38;5;3m +1ms[39m
[32m[Nest] 7872  - [39m08/06/2026, 11:54:21 AM [32m    LOG[39m [38;5;3m[RouterExplorer] [39m[32mMapped {/exam-rooms/:id, PATCH} route[39m[38;5;3m +0ms[39m
[32m[Nest] 7872  - [39m08/06/2026, 11:54:21 AM [32m    LOG[39m [38;5;3m[RouterExplorer] [39m[32mMapped {/exam-rooms/:id, DELETE} route[39m[38;5;3m +0ms[39m
[32m[Nest] 7872  - [39m08/06/2026, 11:54:21 AM [32m    LOG[39m [38;5;3m[RoutesResolver] [39m[32mExamPeriodsController {/exam-periods}:[39m[38;5;3m +0ms[39m
[32m[Nest] 7872  - [39m08/06/2026, 11:54:21 AM [32m    LOG[39m [38;5;3m[RouterExplorer] [39m[32mMapped {/exam-periods, GET} route[39m[38;5;3m +1ms[39m
[32m[Nest] 7872  - [39m08/06/2026, 11:54:21 AM [32m    LOG[39m [38;5;3m[RouterExplorer] [39m[32mMapped {/exam-periods/:id, GET} route[39m[38;5;3m +0ms[39m
[32m[Nest] 7872  - [39m08/06/2026, 11:54:21 AM [32m    LOG[39m [38;5;3m[RouterExplorer] [39m[32mMapped {/exam-periods, POST} route[39m[38;5;3m +0ms[39m
[32m[Nest] 7872  - [39m08/06/2026, 11:54:21 AM [32m    LOG[39m [38;5;3m[RouterExplorer] [39m[32mMapped {/exam-periods/:id, PATCH} route[39m[38;5;3m +0ms[39m
[32m[Nest] 7872  - [39m08/06/2026, 11:54:21 AM [32m    LOG[39m [38;5;3m[RouterExplorer] [39m[32mMapped {/exam-periods/:id, DELETE} route[39m[38;5;3m +1ms[39m
[32m[Nest] 7872  - [39m08/06/2026, 11:54:21 AM [32m    LOG[39m [38;5;3m[RouterExplorer] [39m[32mMapped {/exam-periods/:id/lock, POST} route[39m[38;5;3m +0ms[39m
[32m[Nest] 7872  - [39m08/06/2026, 11:54:21 AM [32m    LOG[39m [38;5;3m[RouterExplorer] [39m[32mMapped {/exam-periods/:id/unlock, POST} route[39m[38;5;3m +0ms[39m
[32m[Nest] 7872  - [39m08/06/2026, 11:54:21 AM [32m    LOG[39m [38;5;3m[RoutesResolver] [39m[32mExamSchedulesController {/exam-schedules}:[39m[38;5;3m +0ms[39m
[32m[Nest] 7872  - [39m08/06/2026, 11:54:21 AM [32m    LOG[39m [38;5;3m[RouterExplorer] [39m[32mMapped {/exam-schedules, GET} route[39m[38;5;3m +1ms[39m
[32m[Nest] 7872  - [39m08/06/2026, 11:54:21 AM [32m    LOG[39m [38;5;3m[RouterExplorer] [39m[32mMapped {/exam-schedules/conflicts, GET} route[39m[38;5;3m +0ms[39m
[32m[Nest] 7872  - [39m08/06/2026, 11:54:21 AM [32m    LOG[39m [38;5;3m[RouterExplorer] [39m[32mMapped {/exam-schedules/trash, GET} route[39m[38;5;3m +1ms[39m
[32m[Nest] 7872  - [39m08/06/2026, 11:54:21 AM [32m    LOG[39m [38;5;3m[RouterExplorer] [39m[32mMapped {/exam-schedules/auto-preview, POST} route[39m[38;5;3m +0ms[39m
[32m[Nest] 7872  - [39m08/06/2026, 11:54:21 AM [32m    LOG[39m [38;5;3m[RouterExplorer] [39m[32mMapped {/exam-schedules/auto-apply, POST} route[39m[38;5;3m +0ms[39m
[32m[Nest] 7872  - [39m08/06/2026, 11:54:21 AM [32m    LOG[39m [38;5;3m[RouterExplorer] [39m[32mMapped {/exam-schedules/:id/lock, POST} route[39m[38;5;3m +0ms[39m
[32m[Nest] 7872  - [39m08/06/2026, 11:54:21 AM [32m    LOG[39m [38;5;3m[RouterExplorer] [39m[32mMapped {/exam-schedules/:id/unlock, POST} route[39m[38;5;3m +1ms[39m
[32m[Nest] 7872  - [39m08/06/2026, 11:54:21 AM [32m    LOG[39m [38;5;3m[RouterExplorer] [39m[32mMapped {/exam-schedules/:id, GET} route[39m[38;5;3m +0ms[39m
[32m[Nest] 7872  - [39m08/06/2026, 11:54:21 AM [32m    LOG[39m [38;5;3m[RouterExplorer] [39m[32mMapped {/exam-schedules, POST} route[39m[38;5;3m +0ms[39m
[32m[Nest] 7872  - [39m08/06/2026, 11:54:21 AM [32m    LOG[39m [38;5;3m[RouterExplorer] [39m[32mMapped {/exam-schedules/:id, PATCH} route[39m[38;5;3m +1ms[39m
[32m[Nest] 7872  - [39m08/06/2026, 11:54:21 AM [32m    LOG[39m [38;5;3m[RouterExplorer] [39m[32mMapped {/exam-schedules/:id, DELETE} route[39m[38;5;3m +0ms[39m
[32m[Nest] 7872  - [39m08/06/2026, 11:54:21 AM [32m    LOG[39m [38;5;3m[RouterExplorer] [39m[32mMapped {/exam-schedules/:id/reopen-entry, POST} route[39m[38;5;3m +0ms[39m
[32m[Nest] 7872  - [39m08/06/2026, 11:54:21 AM [32m    LOG[39m [38;5;3m[RouterExplorer] [39m[32mMapped {/exam-schedules/:id/restore, POST} route[39m[38;5;3m +1ms[39m
[32m[Nest] 7872  - [39m08/06/2026, 11:54:21 AM [32m    LOG[39m [38;5;3m[RoutesResolver] [39m[32mExamArrangementController {/exam-arrangement}:[39m[38;5;3m +0ms[39m
[32m[Nest] 7872  - [39m08/06/2026, 11:54:21 AM [32m    LOG[39m [38;5;3m[RouterExplorer] [39m[32mMapped {/exam-arrangement/auto-arrange, POST} route[39m[38;5;3m +0ms[39m
[32m[Nest] 7872  - [39m08/06/2026, 11:54:21 AM [32m    LOG[39m [38;5;3m[RouterExplorer] [39m[32mMapped {/exam-arrangement/preview, POST} route[39m[38;5;3m +1ms[39m
[32m[Nest] 7872  - [39m08/06/2026, 11:54:21 AM [32m    LOG[39m [38;5;3m[RouterExplorer] [39m[32mMapped {/exam-arrangement/result, GET} route[39m[38;5;3m +0ms[39m
[32m[Nest] 7872  - [39m08/06/2026, 11:54:21 AM [32m    LOG[39m [38;5;3m[RouterExplorer] [39m[32mMapped {/exam-arrangement/room-availability, GET} route[39m[38;5;3m +0ms[39m
[32m[Nest] 7872  - [39m08/06/2026, 11:54:21 AM [32m    LOG[39m [38;5;3m[RouterExplorer] [39m[32mMapped {/exam-arrangement/reset/:examScheduleId, DELETE} route[39m[38;5;3m +1ms[39m
[32m[Nest] 7872  - [39m08/06/2026, 11:54:21 AM [32m    LOG[39m [38;5;3m[RouterExplorer] [39m[32mMapped {/exam-arrangement/history, GET} route[39m[38;5;3m +0ms[39m
[32m[Nest] 7872  - [39m08/06/2026, 11:54:21 AM [32m    LOG[39m [38;5;3m[RoutesResolver] [39m[32mExamSupervisorsController {/exam-supervisors}:[39m[38;5;3m +1ms[39m
[32m[Nest] 7872  - [39m08/06/2026, 11:54:21 AM [32m    LOG[39m [38;5;3m[RouterExplorer] [39m[32mMapped {/exam-supervisors/assign, POST} route[39m[38;5;3m +1ms[39m
[32m[Nest] 7872  - [39m08/06/2026, 11:54:21 AM [32m    LOG[39m [38;5;3m[RouterExplorer] [39m[32mMapped {/exam-supervisors/auto-preview, POST} route[39m[38;5;3m +0ms[39m
[32m[Nest] 7872  - [39m08/06/2026, 11:54:21 AM [32m    LOG[39m [38;5;3m[RouterExplorer] [39m[32mMapped {/exam-supervisors/auto-assign, POST} route[39m[38;5;3m +0ms[39m
[32m[Nest] 7872  - [39m08/06/2026, 11:54:21 AM [32m    LOG[39m [38;5;3m[RouterExplorer] [39m[32mMapped {/exam-supervisors, GET} route[39m[38;5;3m +1ms[39m
[32m[Nest] 7872  - [39m08/06/2026, 11:54:21 AM [32m    LOG[39m [38;5;3m[RouterExplorer] [39m[32mMapped {/exam-supervisors/:id/status, PATCH} route[39m[38;5;3m +0ms[39m
[32m[Nest] 7872  - [39m08/06/2026, 11:54:21 AM [32m    LOG[39m [38;5;3m[RouterExplorer] [39m[32mMapped {/exam-supervisors/:id, DELETE} route[39m[38;5;3m +0ms[39m
[32m[Nest] 7872  - [39m08/06/2026, 11:54:21 AM [32m    LOG[39m [38;5;3m[RoutesResolver] [39m[32mQuestionsController {/questions}:[39m[38;5;3m +0ms[39m
[32m[Nest] 7872  - [39m08/06/2026, 11:54:21 AM [32m    LOG[39m [38;5;3m[RouterExplorer] [39m[32mMapped {/questions, GET} route[39m[38;5;3m +1ms[39m
[32m[Nest] 7872  - [39m08/06/2026, 11:54:21 AM [32m    LOG[39m [38;5;3m[RouterExplorer] [39m[32mMapped {/questions/statistics, GET} route[39m[38;5;3m +1ms[39m
[32m[Nest] 7872  - [39m08/06/2026, 11:54:21 AM [32m    LOG[39m [38;5;3m[RouterExplorer] [39m[32mMapped {/questions/filter-options, GET} route[39m[38;5;3m +0ms[39m
[32m[Nest] 7872  - [39m08/06/2026, 11:54:21 AM [32m    LOG[39m [38;5;3m[RouterExplorer] [39m[32mMapped {/questions/import/template, GET} route[39m[38;5;3m +0ms[39m
[32m[Nest] 7872  - [39m08/06/2026, 11:54:21 AM [32m    LOG[39m [38;5;3m[RouterExplorer] [39m[32mMapped {/questions/media/preview, POST} route[39m[38;5;3m +1ms[39m
[32m[Nest] 7872  - [39m08/06/2026, 11:54:21 AM [32m    LOG[39m [38;5;3m[RouterExplorer] [39m[32mMapped {/questions/media/upload, POST} route[39m[38;5;3m +0ms[39m
[32m[Nest] 7872  - [39m08/06/2026, 11:54:21 AM [32m    LOG[39m [38;5;3m[RouterExplorer] [39m[32mMapped {/questions/media/:id, DELETE} route[39m[38;5;3m +0ms[39m
[32m[Nest] 7872  - [39m08/06/2026, 11:54:21 AM [32m    LOG[39m [38;5;3m[RouterExplorer] [39m[32mMapped {/questions/export, POST} route[39m[38;5;3m +0ms[39m
[32m[Nest] 7872  - [39m08/06/2026, 11:54:21 AM [32m    LOG[39m [38;5;3m[RouterExplorer] [39m[32mMapped {/questions/bulk-action, POST} route[39m[38;5;3m +1ms[39m
[32m[Nest] 7872  - [39m08/06/2026, 11:54:21 AM [32m    LOG[39m [38;5;3m[RouterExplorer] [39m[32mMapped {/questions/import/preview, POST} route[39m[38;5;3m +0ms[39m
[32m[Nest] 7872  - [39m08/06/2026, 11:54:21 AM [32m    LOG[39m [38;5;3m[RouterExplorer] [39m[32mMapped {/questions/import/confirm, POST} route[39m[38;5;3m +0ms[39m
[32m[Nest] 7872  - [39m08/06/2026, 11:54:21 AM [32m    LOG[39m [38;5;3m[RouterExplorer] [39m[32mMapped {/questions/ai-generate, POST} route[39m[38;5;3m +0ms[39m
[32m[Nest] 7872  - [39m08/06/2026, 11:54:21 AM [32m    LOG[39m [38;5;3m[RouterExplorer] [39m[32mMapped {/questions/ai-save, POST} route[39m[38;5;3m +0ms[39m
[32m[Nest] 7872  - [39m08/06/2026, 11:54:21 AM [32m    LOG[39m [38;5;3m[RouterExplorer] [39m[32mMapped {/questions/ai-extract-text, POST} route[39m[38;5;3m +1ms[39m
[32m[Nest] 7872  - [39m08/06/2026, 11:54:21 AM [32m    LOG[39m [38;5;3m[RouterExplorer] [39m[32mMapped {/questions, POST} route[39m[38;5;3m +0ms[39m
[32m[Nest] 7872  - [39m08/06/2026, 11:54:21 AM [32m    LOG[39m [38;5;3m[RouterExplorer] [39m[32mMapped {/questions/:id, GET} route[39m[38;5;3m +0ms[39m
[32m[Nest] 7872  - [39m08/06/2026, 11:54:21 AM [32m    LOG[39m [38;5;3m[RouterExplorer] [39m[32mMapped {/questions/:id, PATCH} route[39m[38;5;3m +0ms[39m
[32m[Nest] 7872  - [39m08/06/2026, 11:54:21 AM [32m    LOG[39m [38;5;3m[RouterExplorer] [39m[32mMapped {/questions/:id/duplicate, POST} route[39m[38;5;3m +1ms[39m
[32m[Nest] 7872  - [39m08/06/2026, 11:54:21 AM [32m    LOG[39m [38;5;3m[RouterExplorer] [39m[32mMapped {/questions/:id/submit, POST} route[39m[38;5;3m +0ms[39m
[32m[Nest] 7872  - [39m08/06/2026, 11:54:21 AM [32m    LOG[39m [38;5;3m[RouterExplorer] [39m[32mMapped {/questions/:id/approve, POST} route[39m[38;5;3m +1ms[39m
[32m[Nest] 7872  - [39m08/06/2026, 11:54:21 AM [32m    LOG[39m [38;5;3m[RouterExplorer] [39m[32mMapped {/questions/:id/reject, POST} route[39m[38;5;3m +0ms[39m
[32m[Nest] 7872  - [39m08/06/2026, 11:54:21 AM [32m    LOG[39m [38;5;3m[RouterExplorer] [39m[32mMapped {/questions/:id/archive, POST} route[39m[38;5;3m +0ms[39m
[32m[Nest] 7872  - [39m08/06/2026, 11:54:21 AM [32m    LOG[39m [38;5;3m[RouterExplorer] [39m[32mMapped {/questions/:id/restore, POST} route[39m[38;5;3m +0ms[39m
[32m[Nest] 7872  - [39m08/06/2026, 11:54:21 AM [32m    LOG[39m [38;5;3m[RouterExplorer] [39m[32mMapped {/questions/:id, DELETE} route[39m[38;5;3m +1ms[39m
[32m[Nest] 7872  - [39m08/06/2026, 11:54:21 AM [32m    LOG[39m [38;5;3m[RoutesResolver] [39m[32mExamPapersController {/exam-papers}:[39m[38;5;3m +0ms[39m
[32m[Nest] 7872  - [39m08/06/2026, 11:54:21 AM [32m    LOG[39m [38;5;3m[RouterExplorer] [39m[32mMapped {/exam-papers/create-random, POST} route[39m[38;5;3m +0ms[39m
[32m[Nest] 7872  - [39m08/06/2026, 11:54:21 AM [32m    LOG[39m [38;5;3m[RouterExplorer] [39m[32mMapped {/exam-papers/preview-random, POST} route[39m[38;5;3m +1ms[39m
[32m[Nest] 7872  - [39m08/06/2026, 11:54:21 AM [32m    LOG[39m [38;5;3m[RouterExplorer] [39m[32mMapped {/exam-papers, GET} route[39m[38;5;3m +0ms[39m
[32m[Nest] 7872  - [39m08/06/2026, 11:54:21 AM [32m    LOG[39m [38;5;3m[RouterExplorer] [39m[32mMapped {/exam-papers/:id, GET} route[39m[38;5;3m +0ms[39m
[32m[Nest] 7872  - [39m08/06/2026, 11:54:21 AM [32m    LOG[39m [38;5;3m[RouterExplorer] [39m[32mMapped {/exam-papers/:id/publish, POST} route[39m[38;5;3m +1ms[39m
[32m[Nest] 7872  - [39m08/06/2026, 11:54:21 AM [32m    LOG[39m [38;5;3m[RouterExplorer] [39m[32mMapped {/exam-papers/:id/archive, POST} route[39m[38;5;3m +0ms[39m
[32m[Nest] 7872  - [39m08/06/2026, 11:54:21 AM [32m    LOG[39m [38;5;3m[RouterExplorer] [39m[32mMapped {/exam-papers/:id/restore, POST} route[39m[38;5;3m +0ms[39m
[32m[Nest] 7872  - [39m08/06/2026, 11:54:21 AM [32m    LOG[39m [38;5;3m[RouterExplorer] [39m[32mMapped {/exam-papers/:id, DELETE} route[39m[38;5;3m +0ms[39m
[32m[Nest] 7872  - [39m08/06/2026, 11:54:21 AM [32m    LOG[39m [38;5;3m[RoutesResolver] [39m[32mDashboardController {/dashboard}:[39m[38;5;3m +0ms[39m
[32m[Nest] 7872  - [39m08/06/2026, 11:54:21 AM [32m    LOG[39m [38;5;3m[RouterExplorer] [39m[32mMapped {/dashboard/overview, GET} route[39m[38;5;3m +1ms[39m
[32m[Nest] 7872  - [39m08/06/2026, 11:54:21 AM [32m    LOG[39m [38;5;3m[RoutesResolver] [39m[32mOnlineExamsController {/online-exams}:[39m[38;5;3m +0ms[39m
[32m[Nest] 7872  - [39m08/06/2026, 11:54:21 AM [32m    LOG[39m [38;5;3m[RouterExplorer] [39m[32mMapped {/online-exams/schedule/:scheduleId/check-eligibility, GET} route[39m[38;5;3m +0ms[39m
[32m[Nest] 7872  - [39m08/06/2026, 11:54:21 AM [32m    LOG[39m [38;5;3m[RouterExplorer] [39m[32mMapped {/online-exams/schedule/:scheduleId/start, POST} route[39m[38;5;3m +1ms[39m
[32m[Nest] 7872  - [39m08/06/2026, 11:54:21 AM [32m    LOG[39m [38;5;3m[RouterExplorer] [39m[32mMapped {/online-exams/attempt/:token/questions, GET} route[39m[38;5;3m +0ms[39m
[32m[Nest] 7872  - [39m08/06/2026, 11:54:21 AM [32m    LOG[39m [38;5;3m[RouterExplorer] [39m[32mMapped {/online-exams/attempt/:token/answers/save, POST} route[39m[38;5;3m +0ms[39m
[32m[Nest] 7872  - [39m08/06/2026, 11:54:21 AM [32m    LOG[39m [38;5;3m[RouterExplorer] [39m[32mMapped {/online-exams/attempt/:token/heartbeat, POST} route[39m[38;5;3m +2ms[39m
[32m[Nest] 7872  - [39m08/06/2026, 11:54:21 AM [32m    LOG[39m [38;5;3m[RouterExplorer] [39m[32mMapped {/online-exams/attempt/:token/events, POST} route[39m[38;5;3m +0ms[39m
[32m[Nest] 7872  - [39m08/06/2026, 11:54:21 AM [32m    LOG[39m [38;5;3m[RouterExplorer] [39m[32mMapped {/online-exams/attempt/:token/submit, POST} route[39m[38;5;3m +1ms[39m
[32m[Nest] 7872  - [39m08/06/2026, 11:54:21 AM [32m    LOG[39m [38;5;3m[RouterExplorer] [39m[32mMapped {/online-exams/attempt/:attemptId/result, GET} route[39m[38;5;3m +0ms[39m
[32m[Nest] 7872  - [39m08/06/2026, 11:54:21 AM [32m    LOG[39m [38;5;3m[RouterExplorer] [39m[32mMapped {/online-exams/attempt/:attemptId/appeal, POST} route[39m[38;5;3m +1ms[39m
[32m[Nest] 7872  - [39m08/06/2026, 11:54:21 AM [32m    LOG[39m [38;5;3m[RouterExplorer] [39m[32mMapped {/online-exams/schedule/:scheduleId/grade-report, GET} route[39m[38;5;3m +0ms[39m
[32m[Nest] 7872  - [39m08/06/2026, 11:54:21 AM [32m    LOG[39m [38;5;3m[RoutesResolver] [39m[32mProctorController {/proctor}:[39m[38;5;3m +0ms[39m
[32m[Nest] 7872  - [39m08/06/2026, 11:54:21 AM [32m    LOG[39m [38;5;3m[RouterExplorer] [39m[32mMapped {/proctor/live-dashboard/:scheduleRoomId, GET} route[39m[38;5;3m +1ms[39m
[32m[Nest] 7872  - [39m08/06/2026, 11:54:21 AM [32m    LOG[39m [38;5;3m[RouterExplorer] [39m[32mMapped {/proctor/attempt/:attemptId/extend-time, POST} route[39m[38;5;3m +0ms[39m
[32m[Nest] 7872  - [39m08/06/2026, 11:54:21 AM [32m    LOG[39m [38;5;3m[RouterExplorer] [39m[32mMapped {/proctor/attempt/:attemptId/reopen, POST} route[39m[38;5;3m +1ms[39m
[32m[Nest] 7872  - [39m08/06/2026, 11:54:21 AM [32m    LOG[39m [38;5;3m[RouterExplorer] [39m[32mMapped {/proctor/attempt/:attemptId/flag-incident, POST} route[39m[38;5;3m +0ms[39m
[32m[Nest] 7872  - [39m08/06/2026, 11:54:21 AM [32m    LOG[39m [38;5;3m[RouterExplorer] [39m[32mMapped {/proctor/attempt/:attemptId/resolve-incident, POST} route[39m[38;5;3m +0ms[39m
[32m[Nest] 7872  - [39m08/06/2026, 11:54:21 AM [32m    LOG[39m [38;5;3m[RoutesResolver] [39m[32mEssayController {/essay}:[39m[38;5;3m +1ms[39m
[32m[Nest] 7872  - [39m08/06/2026, 11:54:21 AM [32m    LOG[39m [38;5;3m[RouterExplorer] [39m[32mMapped {/essay/questions/:questionId/rubric, GET} route[39m[38;5;3m +0ms[39m
[32m[Nest] 7872  - [39m08/06/2026, 11:54:21 AM [32m    LOG[39m [38;5;3m[RouterExplorer] [39m[32mMapped {/essay/questions/:questionId/rubric, POST} route[39m[38;5;3m +0ms[39m
[32m[Nest] 7872  - [39m08/06/2026, 11:54:21 AM [32m    LOG[39m [38;5;3m[RouterExplorer] [39m[32mMapped {/essay/grading/assignments, GET} route[39m[38;5;3m +0ms[39m
[32m[Nest] 7872  - [39m08/06/2026, 11:54:21 AM [32m    LOG[39m [38;5;3m[RouterExplorer] [39m[32mMapped {/essay/grading/attempts/:attemptId, GET} route[39m[38;5;3m +0ms[39m
[32m[Nest] 7872  - [39m08/06/2026, 11:54:21 AM [32m    LOG[39m [38;5;3m[RouterExplorer] [39m[32mMapped {/essay/grading/answers/:answerId, PATCH} route[39m[38;5;3m +1ms[39m
[32m[Nest] 7872  - [39m08/06/2026, 11:54:21 AM [32m    LOG[39m [38;5;3m[RouterExplorer] [39m[32mMapped {/essay/grading/attempts/:attemptId/submit, POST} route[39m[38;5;3m +0ms[39m
[32m[Nest] 7872  - [39m08/06/2026, 11:54:21 AM [32m    LOG[39m [38;5;3m[RouterExplorer] [39m[32mMapped {/essay/grading/attempts/:attemptId/approve, POST} route[39m[38;5;3m +1ms[39m
[32m[Nest] 7872  - [39m08/06/2026, 11:54:21 AM [32m    LOG[39m [38;5;3m[RouterExplorer] [39m[32mMapped {/essay/grading/attempts/:attemptId/publish, POST} route[39m[38;5;3m +1ms[39m
[32m[Nest] 7872  - [39m08/06/2026, 11:54:21 AM [32m    LOG[39m [38;5;3m[RouterExplorer] [39m[32mMapped {/essay/grading/attempts/:attemptId/reopen, POST} route[39m[38;5;3m +0ms[39m
[32m[Nest] 7872  - [39m08/06/2026, 11:54:21 AM [32m    LOG[39m [38;5;3m[RouterExplorer] [39m[32mMapped {/essay/grading/attempts/:attemptId/extend-time, POST} route[39m[38;5;3m +0ms[39m
[32m[Nest] 7872  - [39m08/06/2026, 11:54:21 AM [32m    LOG[39m [38;5;3m[RouterExplorer] [39m[32mMapped {/essay/grading/attempts/:attemptId/penalty, POST} route[39m[38;5;3m +1ms[39m
[32m[Nest] 7872  - [39m08/06/2026, 11:54:21 AM [32m    LOG[39m [38;5;3m[RouterExplorer] [39m[32mMapped {/essay/attempt/:token/answers/:questionId/files, POST} route[39m[38;5;3m +0ms[39m
[32m[Nest] 7872  - [39m08/06/2026, 11:54:21 AM [32m    LOG[39m [38;5;3m[RoutesResolver] [39m[32mEssayGradingController {/essay-grading}:[39m[38;5;3m +0ms[39m
[32m[Nest] 7872  - [39m08/06/2026, 11:54:21 AM [32m    LOG[39m [38;5;3m[RouterExplorer] [39m[32mMapped {/essay-grading/assignments, GET} route[39m[38;5;3m +1ms[39m
[32m[Nest] 7872  - [39m08/06/2026, 11:54:21 AM [32m    LOG[39m [38;5;3m[RouterExplorer] [39m[32mMapped {/essay-grading/attempts/:attemptId, GET} route[39m[38;5;3m +0ms[39m
[32m[Nest] 7872  - [39m08/06/2026, 11:54:21 AM [32m    LOG[39m [38;5;3m[RouterExplorer] [39m[32mMapped {/essay-grading/answers/:answerId, PATCH} route[39m[38;5;3m +0ms[39m
[32m[Nest] 7872  - [39m08/06/2026, 11:54:21 AM [32m    LOG[39m [38;5;3m[RouterExplorer] [39m[32mMapped {/essay-grading/answers/:answerId/ai-suggest, POST} route[39m[38;5;3m +1ms[39m
[32m[Nest] 7872  - [39m08/06/2026, 11:54:21 AM [32m    LOG[39m [38;5;3m[RouterExplorer] [39m[32mMapped {/essay-grading/attempts/:attemptId/submit, POST} route[39m[38;5;3m +0ms[39m
[32m[Nest] 7872  - [39m08/06/2026, 11:54:21 AM [32m    LOG[39m [38;5;3m[RouterExplorer] [39m[32mMapped {/essay-grading/attempts/:attemptId/approve, POST} route[39m[38;5;3m +3ms[39m
[32m[Nest] 7872  - [39m08/06/2026, 11:54:21 AM [32m    LOG[39m [38;5;3m[RouterExplorer] [39m[32mMapped {/essay-grading/attempts/:attemptId/publish, POST} route[39m[38;5;3m +0ms[39m
[32m[Nest] 7872  - [39m08/06/2026, 11:54:21 AM [32m    LOG[39m [38;5;3m[RouterExplorer] [39m[32mMapped {/essay-grading/attempts/:attemptId/reopen, POST} route[39m[38;5;3m +1ms[39m
[32m[Nest] 7872  - [39m08/06/2026, 11:54:21 AM [32m    LOG[39m [38;5;3m[RouterExplorer] [39m[32mMapped {/essay-grading/attempts/:attemptId/extend-time, POST} route[39m[38;5;3m +0ms[39m
[32m[Nest] 7872  - [39m08/06/2026, 11:54:21 AM [32m    LOG[39m [38;5;3m[RouterExplorer] [39m[32mMapped {/essay-grading/attempts/:attemptId/penalty, POST} route[39m[38;5;3m +0ms[39m
[32m[Nest] 7872  - [39m08/06/2026, 11:54:21 AM [32m    LOG[39m [38;5;3m[RoutesResolver] [39m[32mEssayConfigController {/online-exam-config}:[39m[38;5;3m +0ms[39m
[32m[Nest] 7872  - [39m08/06/2026, 11:54:21 AM [32m    LOG[39m [38;5;3m[RouterExplorer] [39m[32mMapped {/online-exam-config/:scheduleId/essay, PATCH} route[39m[38;5;3m +2ms[39m
[32m[Nest] 7872  - [39m08/06/2026, 11:54:21 AM [32m    LOG[39m [38;5;3m[RoutesResolver] [39m[32mContactController {/contact}:[39m[38;5;3m +0ms[39m
[32m[Nest] 7872  - [39m08/06/2026, 11:54:21 AM [32m    LOG[39m [38;5;3m[RouterExplorer] [39m[32mMapped {/contact/send, POST} route[39m[38;5;3m +0ms[39m
[32m[Nest] 7872  - [39m08/06/2026, 11:54:21 AM [32m    LOG[39m [38;5;3m[NestApplication] [39m[32mNest application successfully started[39m[38;5;3m +143ms[39m
Backend Application is running on: http://localhost:3001
[2J[3J[H[[90m11:54:28 AM[0m] File change detected. Starting incremental compilation...

[[90m11:54:29 AM[0m] Found 0 errors. Watching for file changes.

[2J[3J[H[[90m11:54:35 AM[0m] File change detected. Starting incremental compilation...

[32m[Nest] 9964  - [39m08/06/2026, 11:54:35 AM [32m    LOG[39m [38;5;3m[NestFactory] [39m[32mStarting Nest application...[39m
[32m[Nest] 9964  - [39m08/06/2026, 11:54:36 AM [32m    LOG[39m [38;5;3m[InstanceLoader] [39m[32mAppModule dependencies initialized[39m[38;5;3m +72ms[39m
[32m[Nest] 9964  - [39m08/06/2026, 11:54:36 AM [32m    LOG[39m [38;5;3m[InstanceLoader] [39m[32mPrismaModule dependencies initialized[39m[38;5;3m +31ms[39m
[32m[Nest] 9964  - [39m08/06/2026, 11:54:36 AM [32m    LOG[39m [38;5;3m[InstanceLoader] [39m[32mPassportModule dependencies initialized[39m[38;5;3m +1ms[39m
[32m[Nest] 9964  - [39m08/06/2026, 11:54:36 AM [32m    LOG[39m [38;5;3m[InstanceLoader] [39m[32mSecurityModule dependencies initialized[39m[38;5;3m +38ms[39m
[32m[Nest] 9964  - [39m08/06/2026, 11:54:36 AM [32m    LOG[39m [38;5;3m[InstanceLoader] [39m[32mAuditModule dependencies initialized[39m[38;5;3m +0ms[39m
[32m[Nest] 9964  - [39m08/06/2026, 11:54:36 AM [32m    LOG[39m [38;5;3m[InstanceLoader] [39m[32mConfigHostModule dependencies initialized[39m[38;5;3m +1ms[39m
[32m[Nest] 9964  - [39m08/06/2026, 11:54:36 AM [32m    LOG[39m [38;5;3m[InstanceLoader] [39m[32mJwtModule dependencies initialized[39m[38;5;3m +1ms[39m
[32m[Nest] 9964  - [39m08/06/2026, 11:54:36 AM [32m    LOG[39m [38;5;3m[InstanceLoader] [39m[32mConfigModule dependencies initialized[39m[38;5;3m +7ms[39m
[32m[Nest] 9964  - [39m08/06/2026, 11:54:36 AM [32m    LOG[39m [38;5;3m[InstanceLoader] [39m[32mUsersModule dependencies initialized[39m[38;5;3m +12ms[39m
[32m[Nest] 9964  - [39m08/06/2026, 11:54:36 AM [32m    LOG[39m [38;5;3m[InstanceLoader] [39m[32mDepartmentsModule dependencies initialized[39m[38;5;3m +0ms[39m
[32m[Nest] 9964  - [39m08/06/2026, 11:54:36 AM [32m    LOG[39m [38;5;3m[InstanceLoader] [39m[32mClassesModule dependencies initialized[39m[38;5;3m +0ms[39m
[32m[Nest] 9964  - [39m08/06/2026, 11:54:36 AM [32m    LOG[39m [38;5;3m[InstanceLoader] [39m[32mStudentsModule dependencies initialized[39m[38;5;3m +0ms[39m
[32m[Nest] 9964  - [39m08/06/2026, 11:54:36 AM [32m    LOG[39m [38;5;3m[InstanceLoader] [39m[32mSubjectsModule dependencies initialized[39m[38;5;3m +0ms[39m
[32m[Nest] 9964  - [39m08/06/2026, 11:54:36 AM [32m    LOG[39m [38;5;3m[InstanceLoader] [39m[32mDashboardModule dependencies initialized[39m[38;5;3m +0ms[39m
[32m[Nest] 9964  - [39m08/06/2026, 11:54:36 AM [32m    LOG[39m [38;5;3m[InstanceLoader] [39m[32mContactModule dependencies initialized[39m[38;5;3m +0ms[39m
[32m[Nest] 9964  - [39m08/06/2026, 11:54:36 AM [32m    LOG[39m [38;5;3m[InstanceLoader] [39m[32mProctorModule dependencies initialized[39m[38;5;3m +2ms[39m
[32m[Nest] 9964  - [39m08/06/2026, 11:54:36 AM [32m    LOG[39m [38;5;3m[InstanceLoader] [39m[32mTeachersModule dependencies initialized[39m[38;5;3m +0ms[39m
[32m[Nest] 9964  - [39m08/06/2026, 11:54:36 AM [32m    LOG[39m [38;5;3m[InstanceLoader] [39m[32mExamRoomsModule dependencies initialized[39m[38;5;3m +1ms[39m
[32m[Nest] 9964  - [39m08/06/2026, 11:54:36 AM [32m    LOG[39m [38;5;3m[InstanceLoader] [39m[32mExamPeriodsModule dependencies initialized[39m[38;5;3m +0ms[39m
[32m[Nest] 9964  - [39m08/06/2026, 11:54:36 AM [32m    LOG[39m [38;5;3m[InstanceLoader] [39m[32mExamSchedulesModule dependencies initialized[39m[38;5;3m +0ms[39m
[32m[Nest] 9964  - [39m08/06/2026, 11:54:36 AM [32m    LOG[39m [38;5;3m[InstanceLoader] [39m[32mExamArrangementModule dependencies initialized[39m[38;5;3m +0ms[39m
[32m[Nest] 9964  - [39m08/06/2026, 11:54:36 AM [32m    LOG[39m [38;5;3m[InstanceLoader] [39m[32mExamSupervisorsModule dependencies initialized[39m[38;5;3m +0ms[39m
[32m[Nest] 9964  - [39m08/06/2026, 11:54:36 AM [32m    LOG[39m [38;5;3m[InstanceLoader] [39m[32mQuestionsModule dependencies initialized[39m[38;5;3m +0ms[39m
[32m[Nest] 9964  - [39m08/06/2026, 11:54:36 AM [32m    LOG[39m [38;5;3m[InstanceLoader] [39m[32mExamPapersModule dependencies initialized[39m[38;5;3m +0ms[39m
[32m[Nest] 9964  - [39m08/06/2026, 11:54:36 AM [32m    LOG[39m [38;5;3m[InstanceLoader] [39m[32mEssayModule dependencies initialized[39m[38;5;3m +0ms[39m
[32m[Nest] 9964  - [39m08/06/2026, 11:54:36 AM [32m    LOG[39m [38;5;3m[InstanceLoader] [39m[32mOnlineExamsModule dependencies initialized[39m[38;5;3m +0ms[39m
[32m[Nest] 9964  - [39m08/06/2026, 11:54:36 AM [32m    LOG[39m [38;5;3m[InstanceLoader] [39m[32mAuthModule dependencies initialized[39m[38;5;3m +0ms[39m
[32m[Nest] 9964  - [39m08/06/2026, 11:54:36 AM [32m    LOG[39m [38;5;3m[RoutesResolver] [39m[32mAuthController {/auth}:[39m[38;5;3m +14ms[39m
[32m[Nest] 9964  - [39m08/06/2026, 11:54:36 AM [32m    LOG[39m [38;5;3m[RouterExplorer] [39m[32mMapped {/auth/login, POST} route[39m[38;5;3m +7ms[39m
[32m[Nest] 9964  - [39m08/06/2026, 11:54:36 AM [32m    LOG[39m [38;5;3m[RouterExplorer] [39m[32mMapped {/auth/profile, GET} route[39m[38;5;3m +1ms[39m
[32m[Nest] 9964  - [39m08/06/2026, 11:54:36 AM [32m    LOG[39m [38;5;3m[RouterExplorer] [39m[32mMapped {/auth/change-password, POST} route[39m[38;5;3m +0ms[39m
[32m[Nest] 9964  - [39m08/06/2026, 11:54:36 AM [32m    LOG[39m [38;5;3m[RouterExplorer] [39m[32mMapped {/auth/profile, POST} route[39m[38;5;3m +0ms[39m
[32m[Nest] 9964  - [39m08/06/2026, 11:54:36 AM [32m    LOG[39m [38;5;3m[RoutesResolver] [39m[32mUsersController {/users}:[39m[38;5;3m +1ms[39m
[32m[Nest] 9964  - [39m08/06/2026, 11:54:36 AM [32m    LOG[39m [38;5;3m[RouterExplorer] [39m[32mMapped {/users/dashboard-stats, GET} route[39m[38;5;3m +0ms[39m
[32m[Nest] 9964  - [39m08/06/2026, 11:54:36 AM [32m    LOG[39m [38;5;3m[RouterExplorer] [39m[32mMapped {/users, GET} route[39m[38;5;3m +1ms[39m
[32m[Nest] 9964  - [39m08/06/2026, 11:54:36 AM [32m    LOG[39m [38;5;3m[RouterExplorer] [39m[32mMapped {/users/:id, GET} route[39m[38;5;3m +1ms[39m
[32m[Nest] 9964  - [39m08/06/2026, 11:54:36 AM [32m    LOG[39m [38;5;3m[RoutesResolver] [39m[32mDepartmentsController {/departments}:[39m[38;5;3m +1ms[39m
[32m[Nest] 9964  - [39m08/06/2026, 11:54:36 AM [32m    LOG[39m [38;5;3m[RouterExplorer] [39m[32mMapped {/departments, GET} route[39m[38;5;3m +0ms[39m
[32m[Nest] 9964  - [39m08/06/2026, 11:54:36 AM [32m    LOG[39m [38;5;3m[RouterExplorer] [39m[32mMapped {/departments/:id/curriculum, GET} route[39m[38;5;3m +1ms[39m
[32m[Nest] 9964  - [39m08/06/2026, 11:54:36 AM [32m    LOG[39m [38;5;3m[RouterExplorer] [39m[32mMapped {/departments/:id, GET} route[39m[38;5;3m +1ms[39m
[32m[Nest] 9964  - [39m08/06/2026, 11:54:36 AM [32m    LOG[39m [38;5;3m[RouterExplorer] [39m[32mMapped {/departments, POST} route[39m[38;5;3m +0ms[39m
[32m[Nest] 9964  - [39m08/06/2026, 11:54:36 AM [32m    LOG[39m [38;5;3m[RouterExplorer] [39m[32mMapped {/departments/:id/curriculum, POST} route[39m[38;5;3m +1ms[39m
[32m[Nest] 9964  - [39m08/06/2026, 11:54:36 AM [32m    LOG[39m [38;5;3m[RouterExplorer] [39m[32mMapped {/departments/:id, PATCH} route[39m[38;5;3m +1ms[39m
[32m[Nest] 9964  - [39m08/06/2026, 11:54:36 AM [32m    LOG[39m [38;5;3m[RouterExplorer] [39m[32mMapped {/departments/:id/curriculum/:subjectId, DELETE} route[39m[38;5;3m +1ms[39m
[32m[Nest] 9964  - [39m08/06/2026, 11:54:36 AM [32m    LOG[39m [38;5;3m[RouterExplorer] [39m[32mMapped {/departments/:id, DELETE} route[39m[38;5;3m +2ms[39m
[32m[Nest] 9964  - [39m08/06/2026, 11:54:36 AM [32m    LOG[39m [38;5;3m[RoutesResolver] [39m[32mClassesController {/classes}:[39m[38;5;3m +0ms[39m
[32m[Nest] 9964  - [39m08/06/2026, 11:54:36 AM [32m    LOG[39m [38;5;3m[RouterExplorer] [39m[32mMapped {/classes, GET} route[39m[38;5;3m +0ms[39m
[32m[Nest] 9964  - [39m08/06/2026, 11:54:36 AM [32m    LOG[39m [38;5;3m[RouterExplorer] [39m[32mMapped {/classes/:id, GET} route[39m[38;5;3m +1ms[39m
[32m[Nest] 9964  - [39m08/06/2026, 11:54:36 AM [32m    LOG[39m [38;5;3m[RouterExplorer] [39m[32mMapped {/classes, POST} route[39m[38;5;3m +1ms[39m
[32m[Nest] 9964  - [39m08/06/2026, 11:54:36 AM [32m    LOG[39m [38;5;3m[RouterExplorer] [39m[32mMapped {/classes/:id, PATCH} route[39m[38;5;3m +0ms[39m
[32m[Nest] 9964  - [39m08/06/2026, 11:54:36 AM [32m    LOG[39m [38;5;3m[RouterExplorer] [39m[32mMapped {/classes/:id, DELETE} route[39m[38;5;3m +0ms[39m
[32m[Nest] 9964  - [39m08/06/2026, 11:54:36 AM [32m    LOG[39m [38;5;3m[RoutesResolver] [39m[32mStudentsController {/students}:[39m[38;5;3m +1ms[39m
[32m[Nest] 9964  - [39m08/06/2026, 11:54:36 AM [32m    LOG[39m [38;5;3m[RouterExplorer] [39m[32mMapped {/students/my-schedule, GET} route[39m[38;5;3m +0ms[39m
[32m[Nest] 9964  - [39m08/06/2026, 11:54:36 AM [32m    LOG[39m [38;5;3m[RouterExplorer] [39m[32mMapped {/students/my-curriculum, GET} route[39m[38;5;3m +0ms[39m
[32m[Nest] 9964  - [39m08/06/2026, 11:54:36 AM [32m    LOG[39m [38;5;3m[RouterExplorer] [39m[32mMapped {/students, GET} route[39m[38;5;3m +0ms[39m
[32m[Nest] 9964  - [39m08/06/2026, 11:54:36 AM [32m    LOG[39m [38;5;3m[RouterExplorer] [39m[32mMapped {/students/:id, GET} route[39m[38;5;3m +1ms[39m
[32m[Nest] 9964  - [39m08/06/2026, 11:54:36 AM [32m    LOG[39m [38;5;3m[RouterExplorer] [39m[32mMapped {/students, POST} route[39m[38;5;3m +1ms[39m
[32m[Nest] 9964  - [39m08/06/2026, 11:54:36 AM [32m    LOG[39m [38;5;3m[RouterExplorer] [39m[32mMapped {/students/:id, PATCH} route[39m[38;5;3m +1ms[39m
[32m[Nest] 9964  - [39m08/06/2026, 11:54:36 AM [32m    LOG[39m [38;5;3m[RouterExplorer] [39m[32mMapped {/students/:id, DELETE} route[39m[38;5;3m +0ms[39m
[32m[Nest] 9964  - [39m08/06/2026, 11:54:36 AM [32m    LOG[39m [38;5;3m[RoutesResolver] [39m[32mTeachersController {/teachers}:[39m[38;5;3m +0ms[39m
[32m[Nest] 9964  - [39m08/06/2026, 11:54:36 AM [32m    LOG[39m [38;5;3m[RouterExplorer] [39m[32mMapped {/teachers/my-assignments, GET} route[39m[38;5;3m +1ms[39m
[32m[Nest] 9964  - [39m08/06/2026, 11:54:36 AM [32m    LOG[39m [38;5;3m[RouterExplorer] [39m[32mMapped {/teachers/my-assignments/:id/status, PATCH} route[39m[38;5;3m +0ms[39m
[32m[Nest] 9964  - [39m08/06/2026, 11:54:36 AM [32m    LOG[39m [38;5;3m[RouterExplorer] [39m[32mMapped {/teachers/my-assignments/:id/attendance-sheet, GET} route[39m[38;5;3m +0ms[39m
[32m[Nest] 9964  - [39m08/06/2026, 11:54:36 AM [32m    LOG[39m [38;5;3m[RouterExplorer] [39m[32mMapped {/teachers, GET} route[39m[38;5;3m +0ms[39m
[32m[Nest] 9964  - [39m08/06/2026, 11:54:36 AM [32m    LOG[39m [38;5;3m[RouterExplorer] [39m[32mMapped {/teachers/:id/lock, POST} route[39m[38;5;3m +1ms[39m
[32m[Nest] 9964  - [39m08/06/2026, 11:54:36 AM [32m    LOG[39m [38;5;3m[RouterExplorer] [39m[32mMapped {/teachers/:id/unlock, POST} route[39m[38;5;3m +0ms[39m
[32m[Nest] 9964  - [39m08/06/2026, 11:54:36 AM [32m    LOG[39m [38;5;3m[RouterExplorer] [39m[32mMapped {/teachers/:id, GET} route[39m[38;5;3m +0ms[39m
[32m[Nest] 9964  - [39m08/06/2026, 11:54:36 AM [32m    LOG[39m [38;5;3m[RouterExplorer] [39m[32mMapped {/teachers, POST} route[39m[38;5;3m +1ms[39m
[32m[Nest] 9964  - [39m08/06/2026, 11:54:36 AM [32m    LOG[39m [38;5;3m[RouterExplorer] [39m[32mMapped {/teachers/:id, PATCH} route[39m[38;5;3m +0ms[39m
[32m[Nest] 9964  - [39m08/06/2026, 11:54:36 AM [32m    LOG[39m [38;5;3m[RouterExplorer] [39m[32mMapped {/teachers/:id, DELETE} route[39m[38;5;3m +0ms[39m
[32m[Nest] 9964  - [39m08/06/2026, 11:54:36 AM [32m    LOG[39m [38;5;3m[RoutesResolver] [39m[32mSubjectsController {/subjects}:[39m[38;5;3m +1ms[39m
[32m[Nest] 9964  - [39m08/06/2026, 11:54:36 AM [32m    LOG[39m [38;5;3m[RouterExplorer] [39m[32mMapped {/subjects, GET} route[39m[38;5;3m +0ms[39m
[32m[Nest] 9964  - [39m08/06/2026, 11:54:36 AM [32m    LOG[39m [38;5;3m[RouterExplorer] [39m[32mMapped {/subjects/:id, GET} route[39m[38;5;3m +1ms[39m
[32m[Nest] 9964  - [39m08/06/2026, 11:54:36 AM [32m    LOG[39m [38;5;3m[RouterExplorer] [39m[32mMapped {/subjects/:id/chapters, GET} route[39m[38;5;3m +0ms[39m
[32m[Nest] 9964  - [39m08/06/2026, 11:54:36 AM [32m    LOG[39m [38;5;3m[RouterExplorer] [39m[32mMapped {/subjects/:id/enrollments, GET} route[39m[38;5;3m +0ms[39m
[32m[Nest] 9964  - [39m08/06/2026, 11:54:36 AM [32m    LOG[39m [38;5;3m[RouterExplorer] [39m[32mMapped {/subjects/:id/enroll-students, POST} route[39m[38;5;3m +1ms[39m
[32m[Nest] 9964  - [39m08/06/2026, 11:54:36 AM [32m    LOG[39m [38;5;3m[RouterExplorer] [39m[32mMapped {/subjects, POST} route[39m[38;5;3m +0ms[39m
[32m[Nest] 9964  - [39m08/06/2026, 11:54:36 AM [32m    LOG[39m [38;5;3m[RouterExplorer] [39m[32mMapped {/subjects/:id, PATCH} route[39m[38;5;3m +0ms[39m
[32m[Nest] 9964  - [39m08/06/2026, 11:54:36 AM [32m    LOG[39m [38;5;3m[RouterExplorer] [39m[32mMapped {/subjects/:id, DELETE} route[39m[38;5;3m +0ms[39m
[32m[Nest] 9964  - [39m08/06/2026, 11:54:36 AM [32m    LOG[39m [38;5;3m[RoutesResolver] [39m[32mExamRoomsController {/exam-rooms}:[39m[38;5;3m +2ms[39m
[32m[Nest] 9964  - [39m08/06/2026, 11:54:36 AM [32m    LOG[39m [38;5;3m[RouterExplorer] [39m[32mMapped {/exam-rooms, GET} route[39m[38;5;3m +1ms[39m
[32m[Nest] 9964  - [39m08/06/2026, 11:54:36 AM [32m    LOG[39m [38;5;3m[RouterExplorer] [39m[32mMapped {/exam-rooms/:id, GET} route[39m[38;5;3m +0ms[39m
[32m[Nest] 9964  - [39m08/06/2026, 11:54:36 AM [32m    LOG[39m [38;5;3m[RouterExplorer] [39m[32mMapped {/exam-rooms/:id/lock, POST} route[39m[38;5;3m +1ms[39m
[32m[Nest] 9964  - [39m08/06/2026, 11:54:36 AM [32m    LOG[39m [38;5;3m[RouterExplorer] [39m[32mMapped {/exam-rooms/:id/unlock, POST} route[39m[38;5;3m +0ms[39m
[32m[Nest] 9964  - [39m08/06/2026, 11:54:36 AM [32m    LOG[39m [38;5;3m[RouterExplorer] [39m[32mMapped {/exam-rooms, POST} route[39m[38;5;3m +1ms[39m
[32m[Nest] 9964  - [39m08/06/2026, 11:54:36 AM [32m    LOG[39m [38;5;3m[RouterExplorer] [39m[32mMapped {/exam-rooms/:id, PATCH} route[39m[38;5;3m +0ms[39m
[32m[Nest] 9964  - [39m08/06/2026, 11:54:36 AM [32m    LOG[39m [38;5;3m[RouterExplorer] [39m[32mMapped {/exam-rooms/:id, DELETE} route[39m[38;5;3m +0ms[39m
[32m[Nest] 9964  - [39m08/06/2026, 11:54:36 AM [32m    LOG[39m [38;5;3m[RoutesResolver] [39m[32mExamPeriodsController {/exam-periods}:[39m[38;5;3m +0ms[39m
[32m[Nest] 9964  - [39m08/06/2026, 11:54:36 AM [32m    LOG[39m [38;5;3m[RouterExplorer] [39m[32mMapped {/exam-periods, GET} route[39m[38;5;3m +1ms[39m
[32m[Nest] 9964  - [39m08/06/2026, 11:54:36 AM [32m    LOG[39m [38;5;3m[RouterExplorer] [39m[32mMapped {/exam-periods/:id, GET} route[39m[38;5;3m +0ms[39m
[32m[Nest] 9964  - [39m08/06/2026, 11:54:36 AM [32m    LOG[39m [38;5;3m[RouterExplorer] [39m[32mMapped {/exam-periods, POST} route[39m[38;5;3m +1ms[39m
[32m[Nest] 9964  - [39m08/06/2026, 11:54:36 AM [32m    LOG[39m [38;5;3m[RouterExplorer] [39m[32mMapped {/exam-periods/:id, PATCH} route[39m[38;5;3m +0ms[39m
[32m[Nest] 9964  - [39m08/06/2026, 11:54:36 AM [32m    LOG[39m [38;5;3m[RouterExplorer] [39m[32mMapped {/exam-periods/:id, DELETE} route[39m[38;5;3m +1ms[39m
[32m[Nest] 9964  - [39m08/06/2026, 11:54:36 AM [32m    LOG[39m [38;5;3m[RouterExplorer] [39m[32mMapped {/exam-periods/:id/lock, POST} route[39m[38;5;3m +0ms[39m
[32m[Nest] 9964  - [39m08/06/2026, 11:54:36 AM [32m    LOG[39m [38;5;3m[RouterExplorer] [39m[32mMapped {/exam-periods/:id/unlock, POST} route[39m[38;5;3m +0ms[39m
[32m[Nest] 9964  - [39m08/06/2026, 11:54:36 AM [32m    LOG[39m [38;5;3m[RoutesResolver] [39m[32mExamSchedulesController {/exam-schedules}:[39m[38;5;3m +0ms[39m
[32m[Nest] 9964  - [39m08/06/2026, 11:54:36 AM [32m    LOG[39m [38;5;3m[RouterExplorer] [39m[32mMapped {/exam-schedules, GET} route[39m[38;5;3m +1ms[39m
[32m[Nest] 9964  - [39m08/06/2026, 11:54:36 AM [32m    LOG[39m [38;5;3m[RouterExplorer] [39m[32mMapped {/exam-schedules/conflicts, GET} route[39m[38;5;3m +0ms[39m
[32m[Nest] 9964  - [39m08/06/2026, 11:54:36 AM [32m    LOG[39m [38;5;3m[RouterExplorer] [39m[32mMapped {/exam-schedules/trash, GET} route[39m[38;5;3m +1ms[39m
[32m[Nest] 9964  - [39m08/06/2026, 11:54:36 AM [32m    LOG[39m [38;5;3m[RouterExplorer] [39m[32mMapped {/exam-schedules/auto-preview, POST} route[39m[38;5;3m +0ms[39m
[32m[Nest] 9964  - [39m08/06/2026, 11:54:36 AM [32m    LOG[39m [38;5;3m[RouterExplorer] [39m[32mMapped {/exam-schedules/auto-apply, POST} route[39m[38;5;3m +0ms[39m
[32m[Nest] 9964  - [39m08/06/2026, 11:54:36 AM [32m    LOG[39m [38;5;3m[RouterExplorer] [39m[32mMapped {/exam-schedules/:id/lock, POST} route[39m[38;5;3m +0ms[39m
[32m[Nest] 9964  - [39m08/06/2026, 11:54:36 AM [32m    LOG[39m [38;5;3m[RouterExplorer] [39m[32mMapped {/exam-schedules/:id/unlock, POST} route[39m[38;5;3m +1ms[39m
[32m[Nest] 9964  - [39m08/06/2026, 11:54:36 AM [32m    LOG[39m [38;5;3m[RouterExplorer] [39m[32mMapped {/exam-schedules/:id, GET} route[39m[38;5;3m +0ms[39m
[32m[Nest] 9964  - [39m08/06/2026, 11:54:36 AM [32m    LOG[39m [38;5;3m[RouterExplorer] [39m[32mMapped {/exam-schedules, POST} route[39m[38;5;3m +0ms[39m
[32m[Nest] 9964  - [39m08/06/2026, 11:54:36 AM [32m    LOG[39m [38;5;3m[RouterExplorer] [39m[32mMapped {/exam-schedules/:id, PATCH} route[39m[38;5;3m +0ms[39m
[32m[Nest] 9964  - [39m08/06/2026, 11:54:36 AM [32m    LOG[39m [38;5;3m[RouterExplorer] [39m[32mMapped {/exam-schedules/:id, DELETE} route[39m[38;5;3m +1ms[39m
[32m[Nest] 9964  - [39m08/06/2026, 11:54:36 AM [32m    LOG[39m [38;5;3m[RouterExplorer] [39m[32mMapped {/exam-schedules/:id/reopen-entry, POST} route[39m[38;5;3m +1ms[39m
[32m[Nest] 9964  - [39m08/06/2026, 11:54:36 AM [32m    LOG[39m [38;5;3m[RouterExplorer] [39m[32mMapped {/exam-schedules/:id/restore, POST} route[39m[38;5;3m +0ms[39m
[32m[Nest] 9964  - [39m08/06/2026, 11:54:36 AM [32m    LOG[39m [38;5;3m[RoutesResolver] [39m[32mExamArrangementController {/exam-arrangement}:[39m[38;5;3m +1ms[39m
[32m[Nest] 9964  - [39m08/06/2026, 11:54:36 AM [32m    LOG[39m [38;5;3m[RouterExplorer] [39m[32mMapped {/exam-arrangement/auto-arrange, POST} route[39m[38;5;3m +0ms[39m
[32m[Nest] 9964  - [39m08/06/2026, 11:54:36 AM [32m    LOG[39m [38;5;3m[RouterExplorer] [39m[32mMapped {/exam-arrangement/preview, POST} route[39m[38;5;3m +1ms[39m
[32m[Nest] 9964  - [39m08/06/2026, 11:54:36 AM [32m    LOG[39m [38;5;3m[RouterExplorer] [39m[32mMapped {/exam-arrangement/result, GET} route[39m[38;5;3m +0ms[39m
[32m[Nest] 9964  - [39m08/06/2026, 11:54:36 AM [32m    LOG[39m [38;5;3m[RouterExplorer] [39m[32mMapped {/exam-arrangement/room-availability, GET} route[39m[38;5;3m +1ms[39m
[32m[Nest] 9964  - [39m08/06/2026, 11:54:36 AM [32m    LOG[39m [38;5;3m[RouterExplorer] [39m[32mMapped {/exam-arrangement/reset/:examScheduleId, DELETE} route[39m[38;5;3m +1ms[39m
[32m[Nest] 9964  - [39m08/06/2026, 11:54:36 AM [32m    LOG[39m [38;5;3m[RouterExplorer] [39m[32mMapped {/exam-arrangement/history, GET} route[39m[38;5;3m +0ms[39m
[32m[Nest] 9964  - [39m08/06/2026, 11:54:36 AM [32m    LOG[39m [38;5;3m[RoutesResolver] [39m[32mExamSupervisorsController {/exam-supervisors}:[39m[38;5;3m +1ms[39m
[32m[Nest] 9964  - [39m08/06/2026, 11:54:36 AM [32m    LOG[39m [38;5;3m[RouterExplorer] [39m[32mMapped {/exam-supervisors/assign, POST} route[39m[38;5;3m +1ms[39m
[32m[Nest] 9964  - [39m08/06/2026, 11:54:36 AM [32m    LOG[39m [38;5;3m[RouterExplorer] [39m[32mMapped {/exam-supervisors/auto-preview, POST} route[39m[38;5;3m +0ms[39m
[32m[Nest] 9964  - [39m08/06/2026, 11:54:36 AM [32m    LOG[39m [38;5;3m[RouterExplorer] [39m[32mMapped {/exam-supervisors/auto-assign, POST} route[39m[38;5;3m +1ms[39m
[32m[Nest] 9964  - [39m08/06/2026, 11:54:36 AM [32m    LOG[39m [38;5;3m[RouterExplorer] [39m[32mMapped {/exam-supervisors, GET} route[39m[38;5;3m +0ms[39m
[32m[Nest] 9964  - [39m08/06/2026, 11:54:36 AM [32m    LOG[39m [38;5;3m[RouterExplorer] [39m[32mMapped {/exam-supervisors/:id/status, PATCH} route[39m[38;5;3m +0ms[39m
[32m[Nest] 9964  - [39m08/06/2026, 11:54:36 AM [32m    LOG[39m [38;5;3m[RouterExplorer] [39m[32mMapped {/exam-supervisors/:id, DELETE} route[39m[38;5;3m +1ms[39m
[32m[Nest] 9964  - [39m08/06/2026, 11:54:36 AM [32m    LOG[39m [38;5;3m[RoutesResolver] [39m[32mQuestionsController {/questions}:[39m[38;5;3m +0ms[39m
[32m[Nest] 9964  - [39m08/06/2026, 11:54:36 AM [32m    LOG[39m [38;5;3m[RouterExplorer] [39m[32mMapped {/questions, GET} route[39m[38;5;3m +1ms[39m
[32m[Nest] 9964  - [39m08/06/2026, 11:54:36 AM [32m    LOG[39m [38;5;3m[RouterExplorer] [39m[32mMapped {/questions/statistics, GET} route[39m[38;5;3m +0ms[39m
[32m[Nest] 9964  - [39m08/06/2026, 11:54:36 AM [32m    LOG[39m [38;5;3m[RouterExplorer] [39m[32mMapped {/questions/filter-options, GET} route[39m[38;5;3m +0ms[39m
[32m[Nest] 9964  - [39m08/06/2026, 11:54:36 AM [32m    LOG[39m [38;5;3m[RouterExplorer] [39m[32mMapped {/questions/import/template, GET} route[39m[38;5;3m +0ms[39m
[32m[Nest] 9964  - [39m08/06/2026, 11:54:36 AM [32m    LOG[39m [38;5;3m[RouterExplorer] [39m[32mMapped {/questions/media/preview, POST} route[39m[38;5;3m +1ms[39m
[32m[Nest] 9964  - [39m08/06/2026, 11:54:36 AM [32m    LOG[39m [38;5;3m[RouterExplorer] [39m[32mMapped {/questions/media/upload, POST} route[39m[38;5;3m +1ms[39m
[32m[Nest] 9964  - [39m08/06/2026, 11:54:36 AM [32m    LOG[39m [38;5;3m[RouterExplorer] [39m[32mMapped {/questions/media/:id, DELETE} route[39m[38;5;3m +0ms[39m
[32m[Nest] 9964  - [39m08/06/2026, 11:54:36 AM [32m    LOG[39m [38;5;3m[RouterExplorer] [39m[32mMapped {/questions/export, POST} route[39m[38;5;3m +1ms[39m
[32m[Nest] 9964  - [39m08/06/2026, 11:54:36 AM [32m    LOG[39m [38;5;3m[RouterExplorer] [39m[32mMapped {/questions/bulk-action, POST} route[39m[38;5;3m +0ms[39m
[32m[Nest] 9964  - [39m08/06/2026, 11:54:36 AM [32m    LOG[39m [38;5;3m[RouterExplorer] [39m[32mMapped {/questions/import/preview, POST} route[39m[38;5;3m +0ms[39m
[32m[Nest] 9964  - [39m08/06/2026, 11:54:36 AM [32m    LOG[39m [38;5;3m[RouterExplorer] [39m[32mMapped {/questions/import/confirm, POST} route[39m[38;5;3m +0ms[39m
[32m[Nest] 9964  - [39m08/06/2026, 11:54:36 AM [32m    LOG[39m [38;5;3m[RouterExplorer] [39m[32mMapped {/questions/ai-generate, POST} route[39m[38;5;3m +1ms[39m
[32m[Nest] 9964  - [39m08/06/2026, 11:54:36 AM [32m    LOG[39m [38;5;3m[RouterExplorer] [39m[32mMapped {/questions/ai-save, POST} route[39m[38;5;3m +0ms[39m
[32m[Nest] 9964  - [39m08/06/2026, 11:54:36 AM [32m    LOG[39m [38;5;3m[RouterExplorer] [39m[32mMapped {/questions/ai-extract-text, POST} route[39m[38;5;3m +1ms[39m
[32m[Nest] 9964  - [39m08/06/2026, 11:54:36 AM [32m    LOG[39m [38;5;3m[RouterExplorer] [39m[32mMapped {/questions, POST} route[39m[38;5;3m +0ms[39m
[32m[Nest] 9964  - [39m08/06/2026, 11:54:36 AM [32m    LOG[39m [38;5;3m[RouterExplorer] [39m[32mMapped {/questions/:id, GET} route[39m[38;5;3m +0ms[39m
[32m[Nest] 9964  - [39m08/06/2026, 11:54:36 AM [32m    LOG[39m [38;5;3m[RouterExplorer] [39m[32mMapped {/questions/:id, PATCH} route[39m[38;5;3m +1ms[39m
[32m[Nest] 9964  - [39m08/06/2026, 11:54:36 AM [32m    LOG[39m [38;5;3m[RouterExplorer] [39m[32mMapped {/questions/:id/duplicate, POST} route[39m[38;5;3m +0ms[39m
[32m[Nest] 9964  - [39m08/06/2026, 11:54:36 AM [32m    LOG[39m [38;5;3m[RouterExplorer] [39m[32mMapped {/questions/:id/submit, POST} route[39m[38;5;3m +0ms[39m
[32m[Nest] 9964  - [39m08/06/2026, 11:54:36 AM [32m    LOG[39m [38;5;3m[RouterExplorer] [39m[32mMapped {/questions/:id/approve, POST} route[39m[38;5;3m +1ms[39m
[32m[Nest] 9964  - [39m08/06/2026, 11:54:36 AM [32m    LOG[39m [38;5;3m[RouterExplorer] [39m[32mMapped {/questions/:id/reject, POST} route[39m[38;5;3m +0ms[39m
[32m[Nest] 9964  - [39m08/06/2026, 11:54:36 AM [32m    LOG[39m [38;5;3m[RouterExplorer] [39m[32mMapped {/questions/:id/archive, POST} route[39m[38;5;3m +0ms[39m
[32m[Nest] 9964  - [39m08/06/2026, 11:54:36 AM [32m    LOG[39m [38;5;3m[RouterExplorer] [39m[32mMapped {/questions/:id/restore, POST} route[39m[38;5;3m +0ms[39m
[32m[Nest] 9964  - [39m08/06/2026, 11:54:36 AM [32m    LOG[39m [38;5;3m[RouterExplorer] [39m[32mMapped {/questions/:id, DELETE} route[39m[38;5;3m +1ms[39m
[32m[Nest] 9964  - [39m08/06/2026, 11:54:36 AM [32m    LOG[39m [38;5;3m[RoutesResolver] [39m[32mExamPapersController {/exam-papers}:[39m[38;5;3m +0ms[39m
[32m[Nest] 9964  - [39m08/06/2026, 11:54:36 AM [32m    LOG[39m [38;5;3m[RouterExplorer] [39m[32mMapped {/exam-papers/create-random, POST} route[39m[38;5;3m +0ms[39m
[32m[Nest] 9964  - [39m08/06/2026, 11:54:36 AM [32m    LOG[39m [38;5;3m[RouterExplorer] [39m[32mMapped {/exam-papers/preview-random, POST} route[39m[38;5;3m +0ms[39m
[32m[Nest] 9964  - [39m08/06/2026, 11:54:36 AM [32m    LOG[39m [38;5;3m[RouterExplorer] [39m[32mMapped {/exam-papers, GET} route[39m[38;5;3m +1ms[39m
[32m[Nest] 9964  - [39m08/06/2026, 11:54:36 AM [32m    LOG[39m [38;5;3m[RouterExplorer] [39m[32mMapped {/exam-papers/:id, GET} route[39m[38;5;3m +0ms[39m
[32m[Nest] 9964  - [39m08/06/2026, 11:54:36 AM [32m    LOG[39m [38;5;3m[RouterExplorer] [39m[32mMapped {/exam-papers/:id/publish, POST} route[39m[38;5;3m +0ms[39m
[32m[Nest] 9964  - [39m08/06/2026, 11:54:36 AM [32m    LOG[39m [38;5;3m[RouterExplorer] [39m[32mMapped {/exam-papers/:id/archive, POST} route[39m[38;5;3m +1ms[39m
[32m[Nest] 9964  - [39m08/06/2026, 11:54:36 AM [32m    LOG[39m [38;5;3m[RouterExplorer] [39m[32mMapped {/exam-papers/:id/restore, POST} route[39m[38;5;3m +0ms[39m
[32m[Nest] 9964  - [39m08/06/2026, 11:54:36 AM [32m    LOG[39m [38;5;3m[RouterExplorer] [39m[32mMapped {/exam-papers/:id, DELETE} route[39m[38;5;3m +1ms[39m
[32m[Nest] 9964  - [39m08/06/2026, 11:54:36 AM [32m    LOG[39m [38;5;3m[RoutesResolver] [39m[32mDashboardController {/dashboard}:[39m[38;5;3m +0ms[39m
[32m[Nest] 9964  - [39m08/06/2026, 11:54:36 AM [32m    LOG[39m [38;5;3m[RouterExplorer] [39m[32mMapped {/dashboard/overview, GET} route[39m[38;5;3m +0ms[39m
[32m[Nest] 9964  - [39m08/06/2026, 11:54:36 AM [32m    LOG[39m [38;5;3m[RoutesResolver] [39m[32mOnlineExamsController {/online-exams}:[39m[38;5;3m +0ms[39m
[32m[Nest] 9964  - [39m08/06/2026, 11:54:36 AM [32m    LOG[39m [38;5;3m[RouterExplorer] [39m[32mMapped {/online-exams/schedule/:scheduleId/check-eligibility, GET} route[39m[38;5;3m +1ms[39m
[32m[Nest] 9964  - [39m08/06/2026, 11:54:36 AM [32m    LOG[39m [38;5;3m[RouterExplorer] [39m[32mMapped {/online-exams/schedule/:scheduleId/start, POST} route[39m[38;5;3m +0ms[39m
[32m[Nest] 9964  - [39m08/06/2026, 11:54:36 AM [32m    LOG[39m [38;5;3m[RouterExplorer] [39m[32mMapped {/online-exams/attempt/:token/questions, GET} route[39m[38;5;3m +1ms[39m
[32m[Nest] 9964  - [39m08/06/2026, 11:54:36 AM [32m    LOG[39m [38;5;3m[RouterExplorer] [39m[32mMapped {/online-exams/attempt/:token/answers/save, POST} route[39m[38;5;3m +0ms[39m
[32m[Nest] 9964  - [39m08/06/2026, 11:54:36 AM [32m    LOG[39m [38;5;3m[RouterExplorer] [39m[32mMapped {/online-exams/attempt/:token/heartbeat, POST} route[39m[38;5;3m +0ms[39m
[32m[Nest] 9964  - [39m08/06/2026, 11:54:36 AM [32m    LOG[39m [38;5;3m[RouterExplorer] [39m[32mMapped {/online-exams/attempt/:token/events, POST} route[39m[38;5;3m +1ms[39m
[32m[Nest] 9964  - [39m08/06/2026, 11:54:36 AM [32m    LOG[39m [38;5;3m[RouterExplorer] [39m[32mMapped {/online-exams/attempt/:token/submit, POST} route[39m[38;5;3m +0ms[39m
[32m[Nest] 9964  - [39m08/06/2026, 11:54:36 AM [32m    LOG[39m [38;5;3m[RouterExplorer] [39m[32mMapped {/online-exams/attempt/:attemptId/result, GET} route[39m[38;5;3m +1ms[39m
[32m[Nest] 9964  - [39m08/06/2026, 11:54:36 AM [32m    LOG[39m [38;5;3m[RouterExplorer] [39m[32mMapped {/online-exams/attempt/:attemptId/appeal, POST} route[39m[38;5;3m +0ms[39m
[32m[Nest] 9964  - [39m08/06/2026, 11:54:36 AM [32m    LOG[39m [38;5;3m[RouterExplorer] [39m[32mMapped {/online-exams/schedule/:scheduleId/grade-report, GET} route[39m[38;5;3m +0ms[39m
[32m[Nest] 9964  - [39m08/06/2026, 11:54:36 AM [32m    LOG[39m [38;5;3m[RoutesResolver] [39m[32mProctorController {/proctor}:[39m[38;5;3m +1ms[39m
[32m[Nest] 9964  - [39m08/06/2026, 11:54:36 AM [32m    LOG[39m [38;5;3m[RouterExplorer] [39m[32mMapped {/proctor/live-dashboard/:scheduleRoomId, GET} route[39m[38;5;3m +1ms[39m
[32m[Nest] 9964  - [39m08/06/2026, 11:54:36 AM [32m    LOG[39m [38;5;3m[RouterExplorer] [39m[32mMapped {/proctor/attempt/:attemptId/extend-time, POST} route[39m[38;5;3m +1ms[39m
[32m[Nest] 9964  - [39m08/06/2026, 11:54:36 AM [32m    LOG[39m [38;5;3m[RouterExplorer] [39m[32mMapped {/proctor/attempt/:attemptId/reopen, POST} route[39m[38;5;3m +0ms[39m
[32m[Nest] 9964  - [39m08/06/2026, 11:54:36 AM [32m    LOG[39m [38;5;3m[RouterExplorer] [39m[32mMapped {/proctor/attempt/:attemptId/flag-incident, POST} route[39m[38;5;3m +0ms[39m
[32m[Nest] 9964  - [39m08/06/2026, 11:54:36 AM [32m    LOG[39m [38;5;3m[RouterExplorer] [39m[32mMapped {/proctor/attempt/:attemptId/resolve-incident, POST} route[39m[38;5;3m +1ms[39m
[32m[Nest] 9964  - [39m08/06/2026, 11:54:36 AM [32m    LOG[39m [38;5;3m[RoutesResolver] [39m[32mEssayController {/essay}:[39m[38;5;3m +0ms[39m
[32m[Nest] 9964  - [39m08/06/2026, 11:54:36 AM [32m    LOG[39m [38;5;3m[RouterExplorer] [39m[32mMapped {/essay/questions/:questionId/rubric, GET} route[39m[38;5;3m +0ms[39m
[32m[Nest] 9964  - [39m08/06/2026, 11:54:36 AM [32m    LOG[39m [38;5;3m[RouterExplorer] [39m[32mMapped {/essay/questions/:questionId/rubric, POST} route[39m[38;5;3m +1ms[39m
[32m[Nest] 9964  - [39m08/06/2026, 11:54:36 AM [32m    LOG[39m [38;5;3m[RouterExplorer] [39m[32mMapped {/essay/grading/assignments, GET} route[39m[38;5;3m +0ms[39m
[32m[Nest] 9964  - [39m08/06/2026, 11:54:36 AM [32m    LOG[39m [38;5;3m[RouterExplorer] [39m[32mMapped {/essay/grading/attempts/:attemptId, GET} route[39m[38;5;3m +1ms[39m
[32m[Nest] 9964  - [39m08/06/2026, 11:54:36 AM [32m    LOG[39m [38;5;3m[RouterExplorer] [39m[32mMapped {/essay/grading/answers/:answerId, PATCH} route[39m[38;5;3m +0ms[39m
[32m[Nest] 9964  - [39m08/06/2026, 11:54:36 AM [32m    LOG[39m [38;5;3m[RouterExplorer] [39m[32mMapped {/essay/grading/attempts/:attemptId/submit, POST} route[39m[38;5;3m +0ms[39m
[32m[Nest] 9964  - [39m08/06/2026, 11:54:36 AM [32m    LOG[39m [38;5;3m[RouterExplorer] [39m[32mMapped {/essay/grading/attempts/:attemptId/approve, POST} route[39m[38;5;3m +0ms[39m
[32m[Nest] 9964  - [39m08/06/2026, 11:54:36 AM [32m    LOG[39m [38;5;3m[RouterExplorer] [39m[32mMapped {/essay/grading/attempts/:attemptId/publish, POST} route[39m[38;5;3m +1ms[39m
[32m[Nest] 9964  - [39m08/06/2026, 11:54:36 AM [32m    LOG[39m [38;5;3m[RouterExplorer] [39m[32mMapped {/essay/grading/attempts/:attemptId/reopen, POST} route[39m[38;5;3m +0ms[39m
[32m[Nest] 9964  - [39m08/06/2026, 11:54:36 AM [32m    LOG[39m [38;5;3m[RouterExplorer] [39m[32mMapped {/essay/grading/attempts/:attemptId/extend-time, POST} route[39m[38;5;3m +0ms[39m
[32m[Nest] 9964  - [39m08/06/2026, 11:54:36 AM [32m    LOG[39m [38;5;3m[RouterExplorer] [39m[32mMapped {/essay/grading/attempts/:attemptId/penalty, POST} route[39m[38;5;3m +1ms[39m
[32m[Nest] 9964  - [39m08/06/2026, 11:54:36 AM [32m    LOG[39m [38;5;3m[RouterExplorer] [39m[32mMapped {/essay/attempt/:token/answers/:questionId/files, POST} route[39m[38;5;3m +0ms[39m
[32m[Nest] 9964  - [39m08/06/2026, 11:54:36 AM [32m    LOG[39m [38;5;3m[RoutesResolver] [39m[32mEssayGradingController {/essay-grading}:[39m[38;5;3m +0ms[39m
[32m[Nest] 9964  - [39m08/06/2026, 11:54:36 AM [32m    LOG[39m [38;5;3m[RouterExplorer] [39m[32mMapped {/essay-grading/assignments, GET} route[39m[38;5;3m +0ms[39m
[32m[Nest] 9964  - [39m08/06/2026, 11:54:36 AM [32m    LOG[39m [38;5;3m[RouterExplorer] [39m[32mMapped {/essay-grading/attempts/:attemptId, GET} route[39m[38;5;3m +1ms[39m
[32m[Nest] 9964  - [39m08/06/2026, 11:54:36 AM [32m    LOG[39m [38;5;3m[RouterExplorer] [39m[32mMapped {/essay-grading/answers/:answerId, PATCH} route[39m[38;5;3m +1ms[39m
[32m[Nest] 9964  - [39m08/06/2026, 11:54:36 AM [32m    LOG[39m [38;5;3m[RouterExplorer] [39m[32mMapped {/essay-grading/answers/:answerId/ai-suggest, POST} route[39m[38;5;3m +0ms[39m
[32m[Nest] 9964  - [39m08/06/2026, 11:54:36 AM [32m    LOG[39m [38;5;3m[RouterExplorer] [39m[32mMapped {/essay-grading/attempts/:attemptId/submit, POST} route[39m[38;5;3m +0ms[39m
[32m[Nest] 9964  - [39m08/06/2026, 11:54:36 AM [32m    LOG[39m [38;5;3m[RouterExplorer] [39m[32mMapped {/essay-grading/attempts/:attemptId/approve, POST} route[39m[38;5;3m +0ms[39m
[32m[Nest] 9964  - [39m08/06/2026, 11:54:36 AM [32m    LOG[39m [38;5;3m[RouterExplorer] [39m[32mMapped {/essay-grading/attempts/:attemptId/publish, POST} route[39m[38;5;3m +1ms[39m
[32m[Nest] 9964  - [39m08/06/2026, 11:54:36 AM [32m    LOG[39m [38;5;3m[RouterExplorer] [39m[32mMapped {/essay-grading/attempts/:attemptId/reopen, POST} route[39m[38;5;3m +0ms[39m
[32m[Nest] 9964  - [39m08/06/2026, 11:54:36 AM [32m    LOG[39m [38;5;3m[RouterExplorer] [39m[32mMapped {/essay-grading/attempts/:attemptId/extend-time, POST} route[39m[38;5;3m +0ms[39m
[32m[Nest] 9964  - [39m08/06/2026, 11:54:36 AM [32m    LOG[39m [38;5;3m[RouterExplorer] [39m[32mMapped {/essay-grading/attempts/:attemptId/penalty, POST} route[39m[38;5;3m +1ms[39m
[32m[Nest] 9964  - [39m08/06/2026, 11:54:36 AM [32m    LOG[39m [38;5;3m[RoutesResolver] [39m[32mEssayConfigController {/online-exam-config}:[39m[38;5;3m +0ms[39m
[32m[Nest] 9964  - [39m08/06/2026, 11:54:36 AM [32m    LOG[39m [38;5;3m[RouterExplorer] [39m[32mMapped {/online-exam-config/:scheduleId/essay, PATCH} route[39m[38;5;3m +0ms[39m
[32m[Nest] 9964  - [39m08/06/2026, 11:54:36 AM [32m    LOG[39m [38;5;3m[RoutesResolver] [39m[32mContactController {/contact}:[39m[38;5;3m +0ms[39m
[32m[Nest] 9964  - [39m08/06/2026, 11:54:36 AM [32m    LOG[39m [38;5;3m[RouterExplorer] [39m[32mMapped {/contact/send, POST} route[39m[38;5;3m +0ms[39m
[32m[Nest] 9964  - [39m08/06/2026, 11:54:36 AM [32m    LOG[39m [38;5;3m[NestApplication] [39m[32mNest application successfully started[39m[38;5;3m +170ms[39m
[31m[Nest] 9964  - [39m08/06/2026, 11:54:36 AM [31m  ERROR[39m [38;5;3m[NestApplication] [39m[31mError: listen EADDRINUSE: address already in use :::3001[39m[38;5;3m +4ms[39m
node:net:2009
    const ex = new UVExceptionWithHostPort(err, 'listen', address, port);
               ^

Error: listen EADDRINUSE: address already in use :::3001
    at Server.setupListenHandle [as _listen2] (node:net:2009:16)
    at listenInCluster (node:net:2066:12)
    at Server.listen (node:net:2171:7)
    at ExpressAdapter.listen (C:\Users\loiho\.gemini\antigravity-ide\scratch\exam-management\backend\node_modules\@nestjs\platform-express\adapters\express-adapter.js:95:32)
    at C:\Users\loiho\.gemini\antigravity-ide\scratch\exam-management\backend\node_modules\@nestjs\core\nest-application.js:183:30
    at new Promise (<anonymous>)
    at NestApplication.listen (C:\Users\loiho\.gemini\antigravity-ide\scratch\exam-management\backend\node_modules\@nestjs\core\nest-application.js:173:16)
    at async bootstrap (C:\Users\loiho\.gemini\antigravity-ide\scratch\exam-management\backend\src\main.ts:32:3) {
  code: 'EADDRINUSE',
  errno: -4091,
  syscall: 'listen',
  address: '::',
  port: 3001
}

Node.js v24.18.1
[[90m11:54:37 AM[0m] Found 0 errors. Watching for file changes.

[32m[Nest] 3936  - [39m08/06/2026, 11:54:42 AM [32m    LOG[39m [38;5;3m[NestFactory] [39m[32mStarting Nest application...[39m
[32m[Nest] 3936  - [39m08/06/2026, 11:54:42 AM [32m    LOG[39m [38;5;3m[InstanceLoader] [39m[32mAppModule dependencies initialized[39m[38;5;3m +33ms[39m
[32m[Nest] 3936  - [39m08/06/2026, 11:54:42 AM [32m    LOG[39m [38;5;3m[InstanceLoader] [39m[32mPrismaModule dependencies initialized[39m[38;5;3m +6ms[39m
[32m[Nest] 3936  - [39m08/06/2026, 11:54:42 AM [32m    LOG[39m [38;5;3m[InstanceLoader] [39m[32mPassportModule dependencies initialized[39m[38;5;3m +1ms[39m
[32m[Nest] 3936  - [39m08/06/2026, 11:54:42 AM [32m    LOG[39m [38;5;3m[InstanceLoader] [39m[32mSecurityModule dependencies initialized[39m[38;5;3m +8ms[39m
[32m[Nest] 3936  - [39m08/06/2026, 11:54:42 AM [32m    LOG[39m [38;5;3m[InstanceLoader] [39m[32mAuditModule dependencies initialized[39m[38;5;3m +0ms[39m
[32m[Nest] 3936  - [39m08/06/2026, 11:54:42 AM [32m    LOG[39m [38;5;3m[InstanceLoader] [39m[32mConfigHostModule dependencies initialized[39m[38;5;3m +1ms[39m
[32m[Nest] 3936  - [39m08/06/2026, 11:54:42 AM [32m    LOG[39m [38;5;3m[InstanceLoader] [39m[32mJwtModule dependencies initialized[39m[38;5;3m +0ms[39m
[32m[Nest] 3936  - [39m08/06/2026, 11:54:42 AM [32m    LOG[39m [38;5;3m[InstanceLoader] [39m[32mConfigModule dependencies initialized[39m[38;5;3m +4ms[39m
[32m[Nest] 3936  - [39m08/06/2026, 11:54:42 AM [32m    LOG[39m [38;5;3m[InstanceLoader] [39m[32mUsersModule dependencies initialized[39m[38;5;3m +5ms[39m
[32m[Nest] 3936  - [39m08/06/2026, 11:54:42 AM [32m    LOG[39m [38;5;3m[InstanceLoader] [39m[32mDepartmentsModule dependencies initialized[39m[38;5;3m +1ms[39m
[32m[Nest] 3936  - [39m08/06/2026, 11:54:42 AM [32m    LOG[39m [38;5;3m[InstanceLoader] [39m[32mClassesModule dependencies initialized[39m[38;5;3m +0ms[39m
[32m[Nest] 3936  - [39m08/06/2026, 11:54:42 AM [32m    LOG[39m [38;5;3m[InstanceLoader] [39m[32mStudentsModule dependencies initialized[39m[38;5;3m +0ms[39m
[32m[Nest] 3936  - [39m08/06/2026, 11:54:42 AM [32m    LOG[39m [38;5;3m[InstanceLoader] [39m[32mSubjectsModule dependencies initialized[39m[38;5;3m +0ms[39m
[32m[Nest] 3936  - [39m08/06/2026, 11:54:42 AM [32m    LOG[39m [38;5;3m[InstanceLoader] [39m[32mDashboardModule dependencies initialized[39m[38;5;3m +0ms[39m
[32m[Nest] 3936  - [39m08/06/2026, 11:54:42 AM [32m    LOG[39m [38;5;3m[InstanceLoader] [39m[32mContactModule dependencies initialized[39m[38;5;3m +0ms[39m
[32m[Nest] 3936  - [39m08/06/2026, 11:54:42 AM [32m    LOG[39m [38;5;3m[InstanceLoader] [39m[32mProctorModule dependencies initialized[39m[38;5;3m +1ms[39m
[32m[Nest] 3936  - [39m08/06/2026, 11:54:42 AM [32m    LOG[39m [38;5;3m[InstanceLoader] [39m[32mTeachersModule dependencies initialized[39m[38;5;3m +0ms[39m
[32m[Nest] 3936  - [39m08/06/2026, 11:54:42 AM [32m    LOG[39m [38;5;3m[InstanceLoader] [39m[32mExamRoomsModule dependencies initialized[39m[38;5;3m +0ms[39m
[32m[Nest] 3936  - [39m08/06/2026, 11:54:42 AM [32m    LOG[39m [38;5;3m[InstanceLoader] [39m[32mExamPeriodsModule dependencies initialized[39m[38;5;3m +0ms[39m
[32m[Nest] 3936  - [39m08/06/2026, 11:54:42 AM [32m    LOG[39m [38;5;3m[InstanceLoader] [39m[32mExamSchedulesModule dependencies initialized[39m[38;5;3m +1ms[39m
[32m[Nest] 3936  - [39m08/06/2026, 11:54:42 AM [32m    LOG[39m [38;5;3m[InstanceLoader] [39m[32mExamArrangementModule dependencies initialized[39m[38;5;3m +0ms[39m
[32m[Nest] 3936  - [39m08/06/2026, 11:54:42 AM [32m    LOG[39m [38;5;3m[InstanceLoader] [39m[32mExamSupervisorsModule dependencies initialized[39m[38;5;3m +0ms[39m
[32m[Nest] 3936  - [39m08/06/2026, 11:54:42 AM [32m    LOG[39m [38;5;3m[InstanceLoader] [39m[32mQuestionsModule dependencies initialized[39m[38;5;3m +0ms[39m
[32m[Nest] 3936  - [39m08/06/2026, 11:54:42 AM [32m    LOG[39m [38;5;3m[InstanceLoader] [39m[32mExamPapersModule dependencies initialized[39m[38;5;3m +0ms[39m
[32m[Nest] 3936  - [39m08/06/2026, 11:54:42 AM [32m    LOG[39m [38;5;3m[InstanceLoader] [39m[32mEssayModule dependencies initialized[39m[38;5;3m +0ms[39m
[32m[Nest] 3936  - [39m08/06/2026, 11:54:42 AM [32m    LOG[39m [38;5;3m[InstanceLoader] [39m[32mOnlineExamsModule dependencies initialized[39m[38;5;3m +0ms[39m
[32m[Nest] 3936  - [39m08/06/2026, 11:54:42 AM [32m    LOG[39m [38;5;3m[InstanceLoader] [39m[32mAuthModule dependencies initialized[39m[38;5;3m +0ms[39m
[32m[Nest] 3936  - [39m08/06/2026, 11:54:42 AM [32m    LOG[39m [38;5;3m[RoutesResolver] [39m[32mAuthController {/auth}:[39m[38;5;3m +11ms[39m
[32m[Nest] 3936  - [39m08/06/2026, 11:54:42 AM [32m    LOG[39m [38;5;3m[RouterExplorer] [39m[32mMapped {/auth/login, POST} route[39m[38;5;3m +5ms[39m
[32m[Nest] 3936  - [39m08/06/2026, 11:54:42 AM [32m    LOG[39m [38;5;3m[RouterExplorer] [39m[32mMapped {/auth/profile, GET} route[39m[38;5;3m +2ms[39m
[32m[Nest] 3936  - [39m08/06/2026, 11:54:42 AM [32m    LOG[39m [38;5;3m[RouterExplorer] [39m[32mMapped {/auth/change-password, POST} route[39m[38;5;3m +1ms[39m
[32m[Nest] 3936  - [39m08/06/2026, 11:54:42 AM [32m    LOG[39m [38;5;3m[RouterExplorer] [39m[32mMapped {/auth/profile, POST} route[39m[38;5;3m +1ms[39m
[32m[Nest] 3936  - [39m08/06/2026, 11:54:42 AM [32m    LOG[39m [38;5;3m[RoutesResolver] [39m[32mUsersController {/users}:[39m[38;5;3m +0ms[39m
[32m[Nest] 3936  - [39m08/06/2026, 11:54:42 AM [32m    LOG[39m [38;5;3m[RouterExplorer] [39m[32mMapped {/users/dashboard-stats, GET} route[39m[38;5;3m +1ms[39m
[32m[Nest] 3936  - [39m08/06/2026, 11:54:42 AM [32m    LOG[39m [38;5;3m[RouterExplorer] [39m[32mMapped {/users, GET} route[39m[38;5;3m +0ms[39m
[32m[Nest] 3936  - [39m08/06/2026, 11:54:42 AM [32m    LOG[39m [38;5;3m[RouterExplorer] [39m[32mMapped {/users/:id, GET} route[39m[38;5;3m +2ms[39m
[32m[Nest] 3936  - [39m08/06/2026, 11:54:42 AM [32m    LOG[39m [38;5;3m[RoutesResolver] [39m[32mDepartmentsController {/departments}:[39m[38;5;3m +0ms[39m
[32m[Nest] 3936  - [39m08/06/2026, 11:54:42 AM [32m    LOG[39m [38;5;3m[RouterExplorer] [39m[32mMapped {/departments, GET} route[39m[38;5;3m +1ms[39m
[32m[Nest] 3936  - [39m08/06/2026, 11:54:42 AM [32m    LOG[39m [38;5;3m[RouterExplorer] [39m[32mMapped {/departments/:id/curriculum, GET} route[39m[38;5;3m +0ms[39m
[32m[Nest] 3936  - [39m08/06/2026, 11:54:42 AM [32m    LOG[39m [38;5;3m[RouterExplorer] [39m[32mMapped {/departments/:id, GET} route[39m[38;5;3m +1ms[39m
[32m[Nest] 3936  - [39m08/06/2026, 11:54:42 AM [32m    LOG[39m [38;5;3m[RouterExplorer] [39m[32mMapped {/departments, POST} route[39m[38;5;3m +1ms[39m
[32m[Nest] 3936  - [39m08/06/2026, 11:54:42 AM [32m    LOG[39m [38;5;3m[RouterExplorer] [39m[32mMapped {/departments/:id/curriculum, POST} route[39m[38;5;3m +0ms[39m
[32m[Nest] 3936  - [39m08/06/2026, 11:54:42 AM [32m    LOG[39m [38;5;3m[RouterExplorer] [39m[32mMapped {/departments/:id, PATCH} route[39m[38;5;3m +1ms[39m
[32m[Nest] 3936  - [39m08/06/2026, 11:54:42 AM [32m    LOG[39m [38;5;3m[RouterExplorer] [39m[32mMapped {/departments/:id/curriculum/:subjectId, DELETE} route[39m[38;5;3m +0ms[39m
[32m[Nest] 3936  - [39m08/06/2026, 11:54:42 AM [32m    LOG[39m [38;5;3m[RouterExplorer] [39m[32mMapped {/departments/:id, DELETE} route[39m[38;5;3m +0ms[39m
[32m[Nest] 3936  - [39m08/06/2026, 11:54:42 AM [32m    LOG[39m [38;5;3m[RoutesResolver] [39m[32mClassesController {/classes}:[39m[38;5;3m +0ms[39m
[32m[Nest] 3936  - [39m08/06/2026, 11:54:42 AM [32m    LOG[39m [38;5;3m[RouterExplorer] [39m[32mMapped {/classes, GET} route[39m[38;5;3m +1ms[39m
[32m[Nest] 3936  - [39m08/06/2026, 11:54:42 AM [32m    LOG[39m [38;5;3m[RouterExplorer] [39m[32mMapped {/classes/:id, GET} route[39m[38;5;3m +0ms[39m
[32m[Nest] 3936  - [39m08/06/2026, 11:54:42 AM [32m    LOG[39m [38;5;3m[RouterExplorer] [39m[32mMapped {/classes, POST} route[39m[38;5;3m +0ms[39m
[32m[Nest] 3936  - [39m08/06/2026, 11:54:42 AM [32m    LOG[39m [38;5;3m[RouterExplorer] [39m[32mMapped {/classes/:id, PATCH} route[39m[38;5;3m +1ms[39m
[32m[Nest] 3936  - [39m08/06/2026, 11:54:42 AM [32m    LOG[39m [38;5;3m[RouterExplorer] [39m[32mMapped {/classes/:id, DELETE} route[39m[38;5;3m +0ms[39m
[32m[Nest] 3936  - [39m08/06/2026, 11:54:42 AM [32m    LOG[39m [38;5;3m[RoutesResolver] [39m[32mStudentsController {/students}:[39m[38;5;3m +0ms[39m
[32m[Nest] 3936  - [39m08/06/2026, 11:54:42 AM [32m    LOG[39m [38;5;3m[RouterExplorer] [39m[32mMapped {/students/my-schedule, GET} route[39m[38;5;3m +1ms[39m
[32m[Nest] 3936  - [39m08/06/2026, 11:54:42 AM [32m    LOG[39m [38;5;3m[RouterExplorer] [39m[32mMapped {/students/my-curriculum, GET} route[39m[38;5;3m +0ms[39m
[32m[Nest] 3936  - [39m08/06/2026, 11:54:42 AM [32m    LOG[39m [38;5;3m[RouterExplorer] [39m[32mMapped {/students, GET} route[39m[38;5;3m +0ms[39m
[32m[Nest] 3936  - [39m08/06/2026, 11:54:42 AM [32m    LOG[39m [38;5;3m[RouterExplorer] [39m[32mMapped {/students/:id, GET} route[39m[38;5;3m +1ms[39m
[32m[Nest] 3936  - [39m08/06/2026, 11:54:42 AM [32m    LOG[39m [38;5;3m[RouterExplorer] [39m[32mMapped {/students, POST} route[39m[38;5;3m +0ms[39m
[32m[Nest] 3936  - [39m08/06/2026, 11:54:42 AM [32m    LOG[39m [38;5;3m[RouterExplorer] [39m[32mMapped {/students/:id, PATCH} route[39m[38;5;3m +1ms[39m
[32m[Nest] 3936  - [39m08/06/2026, 11:54:42 AM [32m    LOG[39m [38;5;3m[RouterExplorer] [39m[32mMapped {/students/:id, DELETE} route[39m[38;5;3m +0ms[39m
[32m[Nest] 3936  - [39m08/06/2026, 11:54:42 AM [32m    LOG[39m [38;5;3m[RoutesResolver] [39m[32mTeachersController {/teachers}:[39m[38;5;3m +0ms[39m
[32m[Nest] 3936  - [39m08/06/2026, 11:54:42 AM [32m    LOG[39m [38;5;3m[RouterExplorer] [39m[32mMapped {/teachers/my-assignments, GET} route[39m[38;5;3m +1ms[39m
[32m[Nest] 3936  - [39m08/06/2026, 11:54:42 AM [32m    LOG[39m [38;5;3m[RouterExplorer] [39m[32mMapped {/teachers/my-assignments/:id/status, PATCH} route[39m[38;5;3m +0ms[39m
[32m[Nest] 3936  - [39m08/06/2026, 11:54:42 AM [32m    LOG[39m [38;5;3m[RouterExplorer] [39m[32mMapped {/teachers/my-assignments/:id/attendance-sheet, GET} route[39m[38;5;3m +0ms[39m
[32m[Nest] 3936  - [39m08/06/2026, 11:54:42 AM [32m    LOG[39m [38;5;3m[RouterExplorer] [39m[32mMapped {/teachers, GET} route[39m[38;5;3m +1ms[39m
[32m[Nest] 3936  - [39m08/06/2026, 11:54:42 AM [32m    LOG[39m [38;5;3m[RouterExplorer] [39m[32mMapped {/teachers/:id/lock, POST} route[39m[38;5;3m +0ms[39m
[32m[Nest] 3936  - [39m08/06/2026, 11:54:42 AM [32m    LOG[39m [38;5;3m[RouterExplorer] [39m[32mMapped {/teachers/:id/unlock, POST} route[39m[38;5;3m +0ms[39m
[32m[Nest] 3936  - [39m08/06/2026, 11:54:42 AM [32m    LOG[39m [38;5;3m[RouterExplorer] [39m[32mMapped {/teachers/:id, GET} route[39m[38;5;3m +1ms[39m
[32m[Nest] 3936  - [39m08/06/2026, 11:54:42 AM [32m    LOG[39m [38;5;3m[RouterExplorer] [39m[32mMapped {/teachers, POST} route[39m[38;5;3m +0ms[39m
[32m[Nest] 3936  - [39m08/06/2026, 11:54:42 AM [32m    LOG[39m [38;5;3m[RouterExplorer] [39m[32mMapped {/teachers/:id, PATCH} route[39m[38;5;3m +1ms[39m
[32m[Nest] 3936  - [39m08/06/2026, 11:54:42 AM [32m    LOG[39m [38;5;3m[RouterExplorer] [39m[32mMapped {/teachers/:id, DELETE} route[39m[38;5;3m +1ms[39m
[32m[Nest] 3936  - [39m08/06/2026, 11:54:42 AM [32m    LOG[39m [38;5;3m[RoutesResolver] [39m[32mSubjectsController {/subjects}:[39m[38;5;3m +0ms[39m
[32m[Nest] 3936  - [39m08/06/2026, 11:54:42 AM [32m    LOG[39m [38;5;3m[RouterExplorer] [39m[32mMapped {/subjects, GET} route[39m[38;5;3m +1ms[39m
[32m[Nest] 3936  - [39m08/06/2026, 11:54:42 AM [32m    LOG[39m [38;5;3m[RouterExplorer] [39m[32mMapped {/subjects/:id, GET} route[39m[38;5;3m +0ms[39m
[32m[Nest] 3936  - [39m08/06/2026, 11:54:42 AM [32m    LOG[39m [38;5;3m[RouterExplorer] [39m[32mMapped {/subjects/:id/chapters, GET} route[39m[38;5;3m +1ms[39m
[32m[Nest] 3936  - [39m08/06/2026, 11:54:42 AM [32m    LOG[39m [38;5;3m[RouterExplorer] [39m[32mMapped {/subjects/:id/enrollments, GET} route[39m[38;5;3m +1ms[39m
[32m[Nest] 3936  - [39m08/06/2026, 11:54:42 AM [32m    LOG[39m [38;5;3m[RouterExplorer] [39m[32mMapped {/subjects/:id/enroll-students, POST} route[39m[38;5;3m +0ms[39m
[32m[Nest] 3936  - [39m08/06/2026, 11:54:42 AM [32m    LOG[39m [38;5;3m[RouterExplorer] [39m[32mMapped {/subjects, POST} route[39m[38;5;3m +1ms[39m
[32m[Nest] 3936  - [39m08/06/2026, 11:54:42 AM [32m    LOG[39m [38;5;3m[RouterExplorer] [39m[32mMapped {/subjects/:id, PATCH} route[39m[38;5;3m +0ms[39m
[32m[Nest] 3936  - [39m08/06/2026, 11:54:42 AM [32m    LOG[39m [38;5;3m[RouterExplorer] [39m[32mMapped {/subjects/:id, DELETE} route[39m[38;5;3m +0ms[39m
[32m[Nest] 3936  - [39m08/06/2026, 11:54:42 AM [32m    LOG[39m [38;5;3m[RoutesResolver] [39m[32mExamRoomsController {/exam-rooms}:[39m[38;5;3m +1ms[39m
[32m[Nest] 3936  - [39m08/06/2026, 11:54:42 AM [32m    LOG[39m [38;5;3m[RouterExplorer] [39m[32mMapped {/exam-rooms, GET} route[39m[38;5;3m +0ms[39m
[32m[Nest] 3936  - [39m08/06/2026, 11:54:42 AM [32m    LOG[39m [38;5;3m[RouterExplorer] [39m[32mMapped {/exam-rooms/:id, GET} route[39m[38;5;3m +1ms[39m
[32m[Nest] 3936  - [39m08/06/2026, 11:54:42 AM [32m    LOG[39m [38;5;3m[RouterExplorer] [39m[32mMapped {/exam-rooms/:id/lock, POST} route[39m[38;5;3m +0ms[39m
[32m[Nest] 3936  - [39m08/06/2026, 11:54:42 AM [32m    LOG[39m [38;5;3m[RouterExplorer] [39m[32mMapped {/exam-rooms/:id/unlock, POST} route[39m[38;5;3m +2ms[39m
[32m[Nest] 3936  - [39m08/06/2026, 11:54:42 AM [32m    LOG[39m [38;5;3m[RouterExplorer] [39m[32mMapped {/exam-rooms, POST} route[39m[38;5;3m +1ms[39m
[32m[Nest] 3936  - [39m08/06/2026, 11:54:42 AM [32m    LOG[39m [38;5;3m[RouterExplorer] [39m[32mMapped {/exam-rooms/:id, PATCH} route[39m[38;5;3m +0ms[39m
[32m[Nest] 3936  - [39m08/06/2026, 11:54:42 AM [32m    LOG[39m [38;5;3m[RouterExplorer] [39m[32mMapped {/exam-rooms/:id, DELETE} route[39m[38;5;3m +0ms[39m
[32m[Nest] 3936  - [39m08/06/2026, 11:54:42 AM [32m    LOG[39m [38;5;3m[RoutesResolver] [39m[32mExamPeriodsController {/exam-periods}:[39m[38;5;3m +1ms[39m
[32m[Nest] 3936  - [39m08/06/2026, 11:54:42 AM [32m    LOG[39m [38;5;3m[RouterExplorer] [39m[32mMapped {/exam-periods, GET} route[39m[38;5;3m +0ms[39m
[32m[Nest] 3936  - [39m08/06/2026, 11:54:42 AM [32m    LOG[39m [38;5;3m[RouterExplorer] [39m[32mMapped {/exam-periods/:id, GET} route[39m[38;5;3m +1ms[39m
[32m[Nest] 3936  - [39m08/06/2026, 11:54:42 AM [32m    LOG[39m [38;5;3m[RouterExplorer] [39m[32mMapped {/exam-periods, POST} route[39m[38;5;3m +0ms[39m
[32m[Nest] 3936  - [39m08/06/2026, 11:54:42 AM [32m    LOG[39m [38;5;3m[RouterExplorer] [39m[32mMapped {/exam-periods/:id, PATCH} route[39m[38;5;3m +0ms[39m
[32m[Nest] 3936  - [39m08/06/2026, 11:54:42 AM [32m    LOG[39m [38;5;3m[RouterExplorer] [39m[32mMapped {/exam-periods/:id, DELETE} route[39m[38;5;3m +0ms[39m
[32m[Nest] 3936  - [39m08/06/2026, 11:54:42 AM [32m    LOG[39m [38;5;3m[RouterExplorer] [39m[32mMapped {/exam-periods/:id/lock, POST} route[39m[38;5;3m +1ms[39m
[32m[Nest] 3936  - [39m08/06/2026, 11:54:42 AM [32m    LOG[39m [38;5;3m[RouterExplorer] [39m[32mMapped {/exam-periods/:id/unlock, POST} route[39m[38;5;3m +0ms[39m
[32m[Nest] 3936  - [39m08/06/2026, 11:54:42 AM [32m    LOG[39m [38;5;3m[RoutesResolver] [39m[32mExamSchedulesController {/exam-schedules}:[39m[38;5;3m +0ms[39m
[32m[Nest] 3936  - [39m08/06/2026, 11:54:42 AM [32m    LOG[39m [38;5;3m[RouterExplorer] [39m[32mMapped {/exam-schedules, GET} route[39m[38;5;3m +1ms[39m
[32m[Nest] 3936  - [39m08/06/2026, 11:54:42 AM [32m    LOG[39m [38;5;3m[RouterExplorer] [39m[32mMapped {/exam-schedules/conflicts, GET} route[39m[38;5;3m +0ms[39m
[32m[Nest] 3936  - [39m08/06/2026, 11:54:42 AM [32m    LOG[39m [38;5;3m[RouterExplorer] [39m[32mMapped {/exam-schedules/trash, GET} route[39m[38;5;3m +0ms[39m
[32m[Nest] 3936  - [39m08/06/2026, 11:54:42 AM [32m    LOG[39m [38;5;3m[RouterExplorer] [39m[32mMapped {/exam-schedules/auto-preview, POST} route[39m[38;5;3m +1ms[39m
[32m[Nest] 3936  - [39m08/06/2026, 11:54:42 AM [32m    LOG[39m [38;5;3m[RouterExplorer] [39m[32mMapped {/exam-schedules/auto-apply, POST} route[39m[38;5;3m +0ms[39m
[32m[Nest] 3936  - [39m08/06/2026, 11:54:42 AM [32m    LOG[39m [38;5;3m[RouterExplorer] [39m[32mMapped {/exam-schedules/:id/lock, POST} route[39m[38;5;3m +0ms[39m
[32m[Nest] 3936  - [39m08/06/2026, 11:54:42 AM [32m    LOG[39m [38;5;3m[RouterExplorer] [39m[32mMapped {/exam-schedules/:id/unlock, POST} route[39m[38;5;3m +1ms[39m
[32m[Nest] 3936  - [39m08/06/2026, 11:54:42 AM [32m    LOG[39m [38;5;3m[RouterExplorer] [39m[32mMapped {/exam-schedules/:id, GET} route[39m[38;5;3m +0ms[39m
[32m[Nest] 3936  - [39m08/06/2026, 11:54:42 AM [32m    LOG[39m [38;5;3m[RouterExplorer] [39m[32mMapped {/exam-schedules, POST} route[39m[38;5;3m +0ms[39m
[32m[Nest] 3936  - [39m08/06/2026, 11:54:42 AM [32m    LOG[39m [38;5;3m[RouterExplorer] [39m[32mMapped {/exam-schedules/:id, PATCH} route[39m[38;5;3m +0ms[39m
[32m[Nest] 3936  - [39m08/06/2026, 11:54:42 AM [32m    LOG[39m [38;5;3m[RouterExplorer] [39m[32mMapped {/exam-schedules/:id, DELETE} route[39m[38;5;3m +1ms[39m
[32m[Nest] 3936  - [39m08/06/2026, 11:54:42 AM [32m    LOG[39m [38;5;3m[RouterExplorer] [39m[32mMapped {/exam-schedules/:id/reopen-entry, POST} route[39m[38;5;3m +0ms[39m
[32m[Nest] 3936  - [39m08/06/2026, 11:54:42 AM [32m    LOG[39m [38;5;3m[RouterExplorer] [39m[32mMapped {/exam-schedules/:id/restore, POST} route[39m[38;5;3m +1ms[39m
[32m[Nest] 3936  - [39m08/06/2026, 11:54:42 AM [32m    LOG[39m [38;5;3m[RoutesResolver] [39m[32mExamArrangementController {/exam-arrangement}:[39m[38;5;3m +0ms[39m
[32m[Nest] 3936  - [39m08/06/2026, 11:54:42 AM [32m    LOG[39m [38;5;3m[RouterExplorer] [39m[32mMapped {/exam-arrangement/auto-arrange, POST} route[39m[38;5;3m +1ms[39m
[32m[Nest] 3936  - [39m08/06/2026, 11:54:42 AM [32m    LOG[39m [38;5;3m[RouterExplorer] [39m[32mMapped {/exam-arrangement/preview, POST} route[39m[38;5;3m +1ms[39m
[32m[Nest] 3936  - [39m08/06/2026, 11:54:42 AM [32m    LOG[39m [38;5;3m[RouterExplorer] [39m[32mMapped {/exam-arrangement/result, GET} route[39m[38;5;3m +0ms[39m
[32m[Nest] 3936  - [39m08/06/2026, 11:54:42 AM [32m    LOG[39m [38;5;3m[RouterExplorer] [39m[32mMapped {/exam-arrangement/room-availability, GET} route[39m[38;5;3m +0ms[39m
[32m[Nest] 3936  - [39m08/06/2026, 11:54:42 AM [32m    LOG[39m [38;5;3m[RouterExplorer] [39m[32mMapped {/exam-arrangement/reset/:examScheduleId, DELETE} route[39m[38;5;3m +1ms[39m
[32m[Nest] 3936  - [39m08/06/2026, 11:54:42 AM [32m    LOG[39m [38;5;3m[RouterExplorer] [39m[32mMapped {/exam-arrangement/history, GET} route[39m[38;5;3m +0ms[39m
[32m[Nest] 3936  - [39m08/06/2026, 11:54:42 AM [32m    LOG[39m [38;5;3m[RoutesResolver] [39m[32mExamSupervisorsController {/exam-supervisors}:[39m[38;5;3m +0ms[39m
[32m[Nest] 3936  - [39m08/06/2026, 11:54:42 AM [32m    LOG[39m [38;5;3m[RouterExplorer] [39m[32mMapped {/exam-supervisors/assign, POST} route[39m[38;5;3m +1ms[39m
[32m[Nest] 3936  - [39m08/06/2026, 11:54:42 AM [32m    LOG[39m [38;5;3m[RouterExplorer] [39m[32mMapped {/exam-supervisors/auto-preview, POST} route[39m[38;5;3m +0ms[39m
[32m[Nest] 3936  - [39m08/06/2026, 11:54:42 AM [32m    LOG[39m [38;5;3m[RouterExplorer] [39m[32mMapped {/exam-supervisors/auto-assign, POST} route[39m[38;5;3m +0ms[39m
[32m[Nest] 3936  - [39m08/06/2026, 11:54:42 AM [32m    LOG[39m [38;5;3m[RouterExplorer] [39m[32mMapped {/exam-supervisors, GET} route[39m[38;5;3m +0ms[39m
[32m[Nest] 3936  - [39m08/06/2026, 11:54:42 AM [32m    LOG[39m [38;5;3m[RouterExplorer] [39m[32mMapped {/exam-supervisors/:id/status, PATCH} route[39m[38;5;3m +1ms[39m
[32m[Nest] 3936  - [39m08/06/2026, 11:54:42 AM [32m    LOG[39m [38;5;3m[RouterExplorer] [39m[32mMapped {/exam-supervisors/:id, DELETE} route[39m[38;5;3m +1ms[39m
[32m[Nest] 3936  - [39m08/06/2026, 11:54:42 AM [32m    LOG[39m [38;5;3m[RoutesResolver] [39m[32mQuestionsController {/questions}:[39m[38;5;3m +0ms[39m
[32m[Nest] 3936  - [39m08/06/2026, 11:54:42 AM [32m    LOG[39m [38;5;3m[RouterExplorer] [39m[32mMapped {/questions, GET} route[39m[38;5;3m +1ms[39m
[32m[Nest] 3936  - [39m08/06/2026, 11:54:42 AM [32m    LOG[39m [38;5;3m[RouterExplorer] [39m[32mMapped {/questions/statistics, GET} route[39m[38;5;3m +0ms[39m
[32m[Nest] 3936  - [39m08/06/2026, 11:54:42 AM [32m    LOG[39m [38;5;3m[RouterExplorer] [39m[32mMapped {/questions/filter-options, GET} route[39m[38;5;3m +0ms[39m
[32m[Nest] 3936  - [39m08/06/2026, 11:54:42 AM [32m    LOG[39m [38;5;3m[RouterExplorer] [39m[32mMapped {/questions/import/template, GET} route[39m[38;5;3m +2ms[39m
[32m[Nest] 3936  - [39m08/06/2026, 11:54:42 AM [32m    LOG[39m [38;5;3m[RouterExplorer] [39m[32mMapped {/questions/media/preview, POST} route[39m[38;5;3m +1ms[39m
[32m[Nest] 3936  - [39m08/06/2026, 11:54:42 AM [32m    LOG[39m [38;5;3m[RouterExplorer] [39m[32mMapped {/questions/media/upload, POST} route[39m[38;5;3m +0ms[39m
[32m[Nest] 3936  - [39m08/06/2026, 11:54:42 AM [32m    LOG[39m [38;5;3m[RouterExplorer] [39m[32mMapped {/questions/media/:id, DELETE} route[39m[38;5;3m +0ms[39m
[32m[Nest] 3936  - [39m08/06/2026, 11:54:42 AM [32m    LOG[39m [38;5;3m[RouterExplorer] [39m[32mMapped {/questions/export, POST} route[39m[38;5;3m +1ms[39m
[32m[Nest] 3936  - [39m08/06/2026, 11:54:42 AM [32m    LOG[39m [38;5;3m[RouterExplorer] [39m[32mMapped {/questions/bulk-action, POST} route[39m[38;5;3m +0ms[39m
[32m[Nest] 3936  - [39m08/06/2026, 11:54:42 AM [32m    LOG[39m [38;5;3m[RouterExplorer] [39m[32mMapped {/questions/import/preview, POST} route[39m[38;5;3m +0ms[39m
[32m[Nest] 3936  - [39m08/06/2026, 11:54:42 AM [32m    LOG[39m [38;5;3m[RouterExplorer] [39m[32mMapped {/questions/import/confirm, POST} route[39m[38;5;3m +1ms[39m
[32m[Nest] 3936  - [39m08/06/2026, 11:54:42 AM [32m    LOG[39m [38;5;3m[RouterExplorer] [39m[32mMapped {/questions/ai-generate, POST} route[39m[38;5;3m +0ms[39m
[32m[Nest] 3936  - [39m08/06/2026, 11:54:42 AM [32m    LOG[39m [38;5;3m[RouterExplorer] [39m[32mMapped {/questions/ai-save, POST} route[39m[38;5;3m +0ms[39m
[32m[Nest] 3936  - [39m08/06/2026, 11:54:42 AM [32m    LOG[39m [38;5;3m[RouterExplorer] [39m[32mMapped {/questions/ai-extract-text, POST} route[39m[38;5;3m +1ms[39m
[32m[Nest] 3936  - [39m08/06/2026, 11:54:42 AM [32m    LOG[39m [38;5;3m[RouterExplorer] [39m[32mMapped {/questions, POST} route[39m[38;5;3m +0ms[39m
[32m[Nest] 3936  - [39m08/06/2026, 11:54:42 AM [32m    LOG[39m [38;5;3m[RouterExplorer] [39m[32mMapped {/questions/:id, GET} route[39m[38;5;3m +0ms[39m
[32m[Nest] 3936  - [39m08/06/2026, 11:54:42 AM [32m    LOG[39m [38;5;3m[RouterExplorer] [39m[32mMapped {/questions/:id, PATCH} route[39m[38;5;3m +1ms[39m
[32m[Nest] 3936  - [39m08/06/2026, 11:54:42 AM [32m    LOG[39m [38;5;3m[RouterExplorer] [39m[32mMapped {/questions/:id/duplicate, POST} route[39m[38;5;3m +0ms[39m
[32m[Nest] 3936  - [39m08/06/2026, 11:54:42 AM [32m    LOG[39m [38;5;3m[RouterExplorer] [39m[32mMapped {/questions/:id/submit, POST} route[39m[38;5;3m +0ms[39m
[32m[Nest] 3936  - [39m08/06/2026, 11:54:42 AM [32m    LOG[39m [38;5;3m[RouterExplorer] [39m[32mMapped {/questions/:id/approve, POST} route[39m[38;5;3m +0ms[39m
[32m[Nest] 3936  - [39m08/06/2026, 11:54:42 AM [32m    LOG[39m [38;5;3m[RouterExplorer] [39m[32mMapped {/questions/:id/reject, POST} route[39m[38;5;3m +1ms[39m
[32m[Nest] 3936  - [39m08/06/2026, 11:54:42 AM [32m    LOG[39m [38;5;3m[RouterExplorer] [39m[32mMapped {/questions/:id/archive, POST} route[39m[38;5;3m +0ms[39m
[32m[Nest] 3936  - [39m08/06/2026, 11:54:42 AM [32m    LOG[39m [38;5;3m[RouterExplorer] [39m[32mMapped {/questions/:id/restore, POST} route[39m[38;5;3m +0ms[39m
[32m[Nest] 3936  - [39m08/06/2026, 11:54:42 AM [32m    LOG[39m [38;5;3m[RouterExplorer] [39m[32mMapped {/questions/:id, DELETE} route[39m[38;5;3m +0ms[39m
[32m[Nest] 3936  - [39m08/06/2026, 11:54:42 AM [32m    LOG[39m [38;5;3m[RoutesResolver] [39m[32mExamPapersController {/exam-papers}:[39m[38;5;3m +0ms[39m
[32m[Nest] 3936  - [39m08/06/2026, 11:54:42 AM [32m    LOG[39m [38;5;3m[RouterExplorer] [39m[32mMapped {/exam-papers/create-random, POST} route[39m[38;5;3m +0ms[39m
[32m[Nest] 3936  - [39m08/06/2026, 11:54:42 AM [32m    LOG[39m [38;5;3m[RouterExplorer] [39m[32mMapped {/exam-papers/preview-random, POST} route[39m[38;5;3m +1ms[39m
[32m[Nest] 3936  - [39m08/06/2026, 11:54:42 AM [32m    LOG[39m [38;5;3m[RouterExplorer] [39m[32mMapped {/exam-papers, GET} route[39m[38;5;3m +0ms[39m
[32m[Nest] 3936  - [39m08/06/2026, 11:54:42 AM [32m    LOG[39m [38;5;3m[RouterExplorer] [39m[32mMapped {/exam-papers/:id, GET} route[39m[38;5;3m +0ms[39m
[32m[Nest] 3936  - [39m08/06/2026, 11:54:42 AM [32m    LOG[39m [38;5;3m[RouterExplorer] [39m[32mMapped {/exam-papers/:id/publish, POST} route[39m[38;5;3m +0ms[39m
[32m[Nest] 3936  - [39m08/06/2026, 11:54:42 AM [32m    LOG[39m [38;5;3m[RouterExplorer] [39m[32mMapped {/exam-papers/:id/archive, POST} route[39m[38;5;3m +1ms[39m
[32m[Nest] 3936  - [39m08/06/2026, 11:54:42 AM [32m    LOG[39m [38;5;3m[RouterExplorer] [39m[32mMapped {/exam-papers/:id/restore, POST} route[39m[38;5;3m +0ms[39m
[32m[Nest] 3936  - [39m08/06/2026, 11:54:42 AM [32m    LOG[39m [38;5;3m[RouterExplorer] [39m[32mMapped {/exam-papers/:id, DELETE} route[39m[38;5;3m +0ms[39m
[32m[Nest] 3936  - [39m08/06/2026, 11:54:42 AM [32m    LOG[39m [38;5;3m[RoutesResolver] [39m[32mDashboardController {/dashboard}:[39m[38;5;3m +0ms[39m
[32m[Nest] 3936  - [39m08/06/2026, 11:54:42 AM [32m    LOG[39m [38;5;3m[RouterExplorer] [39m[32mMapped {/dashboard/overview, GET} route[39m[38;5;3m +0ms[39m
[32m[Nest] 3936  - [39m08/06/2026, 11:54:42 AM [32m    LOG[39m [38;5;3m[RoutesResolver] [39m[32mOnlineExamsController {/online-exams}:[39m[38;5;3m +0ms[39m
[32m[Nest] 3936  - [39m08/06/2026, 11:54:42 AM [32m    LOG[39m [38;5;3m[RouterExplorer] [39m[32mMapped {/online-exams/schedule/:scheduleId/check-eligibility, GET} route[39m[38;5;3m +1ms[39m
[32m[Nest] 3936  - [39m08/06/2026, 11:54:42 AM [32m    LOG[39m [38;5;3m[RouterExplorer] [39m[32mMapped {/online-exams/schedule/:scheduleId/start, POST} route[39m[38;5;3m +0ms[39m
[32m[Nest] 3936  - [39m08/06/2026, 11:54:42 AM [32m    LOG[39m [38;5;3m[RouterExplorer] [39m[32mMapped {/online-exams/attempt/:token/questions, GET} route[39m[38;5;3m +0ms[39m
[32m[Nest] 3936  - [39m08/06/2026, 11:54:42 AM [32m    LOG[39m [38;5;3m[RouterExplorer] [39m[32mMapped {/online-exams/attempt/:token/answers/save, POST} route[39m[38;5;3m +0ms[39m
[32m[Nest] 3936  - [39m08/06/2026, 11:54:42 AM [32m    LOG[39m [38;5;3m[RouterExplorer] [39m[32mMapped {/online-exams/attempt/:token/heartbeat, POST} route[39m[38;5;3m +0ms[39m
[32m[Nest] 3936  - [39m08/06/2026, 11:54:42 AM [32m    LOG[39m [38;5;3m[RouterExplorer] [39m[32mMapped {/online-exams/attempt/:token/events, POST} route[39m[38;5;3m +1ms[39m
[32m[Nest] 3936  - [39m08/06/2026, 11:54:42 AM [32m    LOG[39m [38;5;3m[RouterExplorer] [39m[32mMapped {/online-exams/attempt/:token/submit, POST} route[39m[38;5;3m +0ms[39m
[32m[Nest] 3936  - [39m08/06/2026, 11:54:42 AM [32m    LOG[39m [38;5;3m[RouterExplorer] [39m[32mMapped {/online-exams/attempt/:attemptId/result, GET} route[39m[38;5;3m +1ms[39m
[32m[Nest] 3936  - [39m08/06/2026, 11:54:42 AM [32m    LOG[39m [38;5;3m[RouterExplorer] [39m[32mMapped {/online-exams/attempt/:attemptId/appeal, POST} route[39m[38;5;3m +1ms[39m
[32m[Nest] 3936  - [39m08/06/2026, 11:54:42 AM [32m    LOG[39m [38;5;3m[RouterExplorer] [39m[32mMapped {/online-exams/schedule/:scheduleId/grade-report, GET} route[39m[38;5;3m +0ms[39m
[32m[Nest] 3936  - [39m08/06/2026, 11:54:42 AM [32m    LOG[39m [38;5;3m[RoutesResolver] [39m[32mProctorController {/proctor}:[39m[38;5;3m +1ms[39m
[32m[Nest] 3936  - [39m08/06/2026, 11:54:42 AM [32m    LOG[39m [38;5;3m[RouterExplorer] [39m[32mMapped {/proctor/live-dashboard/:scheduleRoomId, GET} route[39m[38;5;3m +0ms[39m
[32m[Nest] 3936  - [39m08/06/2026, 11:54:42 AM [32m    LOG[39m [38;5;3m[RouterExplorer] [39m[32mMapped {/proctor/attempt/:attemptId/extend-time, POST} route[39m[38;5;3m +0ms[39m
[32m[Nest] 3936  - [39m08/06/2026, 11:54:42 AM [32m    LOG[39m [38;5;3m[RouterExplorer] [39m[32mMapped {/proctor/attempt/:attemptId/reopen, POST} route[39m[38;5;3m +1ms[39m
[32m[Nest] 3936  - [39m08/06/2026, 11:54:42 AM [32m    LOG[39m [38;5;3m[RouterExplorer] [39m[32mMapped {/proctor/attempt/:attemptId/flag-incident, POST} route[39m[38;5;3m +0ms[39m
[32m[Nest] 3936  - [39m08/06/2026, 11:54:42 AM [32m    LOG[39m [38;5;3m[RouterExplorer] [39m[32mMapped {/proctor/attempt/:attemptId/resolve-incident, POST} route[39m[38;5;3m +1ms[39m
[32m[Nest] 3936  - [39m08/06/2026, 11:54:42 AM [32m    LOG[39m [38;5;3m[RoutesResolver] [39m[32mEssayController {/essay}:[39m[38;5;3m +0ms[39m
[32m[Nest] 3936  - [39m08/06/2026, 11:54:42 AM [32m    LOG[39m [38;5;3m[RouterExplorer] [39m[32mMapped {/essay/questions/:questionId/rubric, GET} route[39m[38;5;3m +0ms[39m
[32m[Nest] 3936  - [39m08/06/2026, 11:54:42 AM [32m    LOG[39m [38;5;3m[RouterExplorer] [39m[32mMapped {/essay/questions/:questionId/rubric, POST} route[39m[38;5;3m +1ms[39m
[32m[Nest] 3936  - [39m08/06/2026, 11:54:42 AM [32m    LOG[39m [38;5;3m[RouterExplorer] [39m[32mMapped {/essay/grading/assignments, GET} route[39m[38;5;3m +0ms[39m
[32m[Nest] 3936  - [39m08/06/2026, 11:54:42 AM [32m    LOG[39m [38;5;3m[RouterExplorer] [39m[32mMapped {/essay/grading/attempts/:attemptId, GET} route[39m[38;5;3m +0ms[39m
[32m[Nest] 3936  - [39m08/06/2026, 11:54:42 AM [32m    LOG[39m [38;5;3m[RouterExplorer] [39m[32mMapped {/essay/grading/answers/:answerId, PATCH} route[39m[38;5;3m +1ms[39m
[32m[Nest] 3936  - [39m08/06/2026, 11:54:42 AM [32m    LOG[39m [38;5;3m[RouterExplorer] [39m[32mMapped {/essay/grading/attempts/:attemptId/submit, POST} route[39m[38;5;3m +0ms[39m
[32m[Nest] 3936  - [39m08/06/2026, 11:54:42 AM [32m    LOG[39m [38;5;3m[RouterExplorer] [39m[32mMapped {/essay/grading/attempts/:attemptId/approve, POST} route[39m[38;5;3m +0ms[39m
[32m[Nest] 3936  - [39m08/06/2026, 11:54:42 AM [32m    LOG[39m [38;5;3m[RouterExplorer] [39m[32mMapped {/essay/grading/attempts/:attemptId/publish, POST} route[39m[38;5;3m +0ms[39m
[32m[Nest] 3936  - [39m08/06/2026, 11:54:42 AM [32m    LOG[39m [38;5;3m[RouterExplorer] [39m[32mMapped {/essay/grading/attempts/:attemptId/reopen, POST} route[39m[38;5;3m +1ms[39m
[32m[Nest] 3936  - [39m08/06/2026, 11:54:42 AM [32m    LOG[39m [38;5;3m[RouterExplorer] [39m[32mMapped {/essay/grading/attempts/:attemptId/extend-time, POST} route[39m[38;5;3m +1ms[39m
[32m[Nest] 3936  - [39m08/06/2026, 11:54:42 AM [32m    LOG[39m [38;5;3m[RouterExplorer] [39m[32mMapped {/essay/grading/attempts/:attemptId/penalty, POST} route[39m[38;5;3m +0ms[39m
[32m[Nest] 3936  - [39m08/06/2026, 11:54:42 AM [32m    LOG[39m [38;5;3m[RouterExplorer] [39m[32mMapped {/essay/attempt/:token/answers/:questionId/files, POST} route[39m[38;5;3m +1ms[39m
[32m[Nest] 3936  - [39m08/06/2026, 11:54:42 AM [32m    LOG[39m [38;5;3m[RoutesResolver] [39m[32mEssayGradingController {/essay-grading}:[39m[38;5;3m +0ms[39m
[32m[Nest] 3936  - [39m08/06/2026, 11:54:42 AM [32m    LOG[39m [38;5;3m[RouterExplorer] [39m[32mMapped {/essay-grading/assignments, GET} route[39m[38;5;3m +0ms[39m
[32m[Nest] 3936  - [39m08/06/2026, 11:54:42 AM [32m    LOG[39m [38;5;3m[RouterExplorer] [39m[32mMapped {/essay-grading/attempts/:attemptId, GET} route[39m[38;5;3m +1ms[39m
[32m[Nest] 3936  - [39m08/06/2026, 11:54:42 AM [32m    LOG[39m [38;5;3m[RouterExplorer] [39m[32mMapped {/essay-grading/answers/:answerId, PATCH} route[39m[38;5;3m +3ms[39m
[32m[Nest] 3936  - [39m08/06/2026, 11:54:42 AM [32m    LOG[39m [38;5;3m[RouterExplorer] [39m[32mMapped {/essay-grading/answers/:answerId/ai-suggest, POST} route[39m[38;5;3m +0ms[39m
[32m[Nest] 3936  - [39m08/06/2026, 11:54:42 AM [32m    LOG[39m [38;5;3m[RouterExplorer] [39m[32mMapped {/essay-grading/attempts/:attemptId/submit, POST} route[39m[38;5;3m +1ms[39m
[32m[Nest] 3936  - [39m08/06/2026, 11:54:42 AM [32m    LOG[39m [38;5;3m[RouterExplorer] [39m[32mMapped {/essay-grading/attempts/:attemptId/approve, POST} route[39m[38;5;3m +0ms[39m
[32m[Nest] 3936  - [39m08/06/2026, 11:54:42 AM [32m    LOG[39m [38;5;3m[RouterExplorer] [39m[32mMapped {/essay-grading/attempts/:attemptId/publish, POST} route[39m[38;5;3m +0ms[39m
[32m[Nest] 3936  - [39m08/06/2026, 11:54:42 AM [32m    LOG[39m [38;5;3m[RouterExplorer] [39m[32mMapped {/essay-grading/attempts/:attemptId/reopen, POST} route[39m[38;5;3m +0ms[39m
[32m[Nest] 3936  - [39m08/06/2026, 11:54:42 AM [32m    LOG[39m [38;5;3m[RouterExplorer] [39m[32mMapped {/essay-grading/attempts/:attemptId/extend-time, POST} route[39m[38;5;3m +0ms[39m
[32m[Nest] 3936  - [39m08/06/2026, 11:54:42 AM [32m    LOG[39m [38;5;3m[RouterExplorer] [39m[32mMapped {/essay-grading/attempts/:attemptId/penalty, POST} route[39m[38;5;3m +0ms[39m
[32m[Nest] 3936  - [39m08/06/2026, 11:54:42 AM [32m    LOG[39m [38;5;3m[RoutesResolver] [39m[32mEssayConfigController {/online-exam-config}:[39m[38;5;3m +0ms[39m
[32m[Nest] 3936  - [39m08/06/2026, 11:54:42 AM [32m    LOG[39m [38;5;3m[RouterExplorer] [39m[32mMapped {/online-exam-config/:scheduleId/essay, PATCH} route[39m[38;5;3m +0ms[39m
[32m[Nest] 3936  - [39m08/06/2026, 11:54:42 AM [32m    LOG[39m [38;5;3m[RoutesResolver] [39m[32mContactController {/contact}:[39m[38;5;3m +0ms[39m
[32m[Nest] 3936  - [39m08/06/2026, 11:54:42 AM [32m    LOG[39m [38;5;3m[RouterExplorer] [39m[32mMapped {/contact/send, POST} route[39m[38;5;3m +1ms[39m
[32m[Nest] 3936  - [39m08/06/2026, 11:54:42 AM [32m    LOG[39m [38;5;3m[NestApplication] [39m[32mNest application successfully started[39m[38;5;3m +71ms[39m
[31m[Nest] 3936  - [39m08/06/2026, 11:54:42 AM [31m  ERROR[39m [38;5;3m[NestApplication] [39m[31mError: listen EADDRINUSE: address already in use :::3001[39m[38;5;3m +2ms[39m
node:net:2009
    const ex = new UVExceptionWithHostPort(err, 'listen', address, port);
               ^

Error: listen EADDRINUSE: address already in use :::3001
    at Server.setupListenHandle [as _listen2] (node:net:2009:16)
    at listenInCluster (node:net:2066:12)
    at Server.listen (node:net:2171:7)
    at ExpressAdapter.listen (C:\Users\loiho\.gemini\antigravity-ide\scratch\exam-management\backend\node_modules\@nestjs\platform-express\adapters\express-adapter.js:95:32)
    at C:\Users\loiho\.gemini\antigravity-ide\scratch\exam-management\backend\node_modules\@nestjs\core\nest-application.js:183:30
    at new Promise (<anonymous>)
    at NestApplication.listen (C:\Users\loiho\.gemini\antigravity-ide\scratch\exam-management\backend\node_modules\@nestjs\core\nest-application.js:173:16)
    at async bootstrap (C:\Users\loiho\.gemini\antigravity-ide\scratch\exam-management\backend\src\main.ts:32:3) {
  code: 'EADDRINUSE',
  errno: -4091,
  syscall: 'listen',
  address: '::',
  port: 3001
}

Node.js v24.18.1
[2J[3J[H[[90m11:54:54 AM[0m] File change detected. Starting incremental compilation...

[[90m11:54:55 AM[0m] Found 0 errors. Watching for file changes.

[32m[Nest] 14764  - [39m08/06/2026, 11:55:00 AM [32m    LOG[39m [38;5;3m[NestFactory] [39m[32mStarting Nest application...[39m
[32m[Nest] 14764  - [39m08/06/2026, 11:55:00 AM [32m    LOG[39m [38;5;3m[InstanceLoader] [39m[32mAppModule dependencies initialized[39m[38;5;3m +38ms[39m
[32m[Nest] 14764  - [39m08/06/2026, 11:55:00 AM [32m    LOG[39m [38;5;3m[InstanceLoader] [39m[32mPrismaModule dependencies initialized[39m[38;5;3m +7ms[39m
[32m[Nest] 14764  - [39m08/06/2026, 11:55:00 AM [32m    LOG[39m [38;5;3m[InstanceLoader] [39m[32mPassportModule dependencies initialized[39m[38;5;3m +1ms[39m
[32m[Nest] 14764  - [39m08/06/2026, 11:55:00 AM [32m    LOG[39m [38;5;3m[InstanceLoader] [39m[32mSecurityModule dependencies initialized[39m[38;5;3m +10ms[39m
[32m[Nest] 14764  - [39m08/06/2026, 11:55:00 AM [32m    LOG[39m [38;5;3m[InstanceLoader] [39m[32mAuditModule dependencies initialized[39m[38;5;3m +0ms[39m
[32m[Nest] 14764  - [39m08/06/2026, 11:55:00 AM [32m    LOG[39m [38;5;3m[InstanceLoader] [39m[32mConfigHostModule dependencies initialized[39m[38;5;3m +0ms[39m
[32m[Nest] 14764  - [39m08/06/2026, 11:55:00 AM [32m    LOG[39m [38;5;3m[InstanceLoader] [39m[32mJwtModule dependencies initialized[39m[38;5;3m +0ms[39m
[32m[Nest] 14764  - [39m08/06/2026, 11:55:00 AM [32m    LOG[39m [38;5;3m[InstanceLoader] [39m[32mConfigModule dependencies initialized[39m[38;5;3m +4ms[39m
[32m[Nest] 14764  - [39m08/06/2026, 11:55:00 AM [32m    LOG[39m [38;5;3m[InstanceLoader] [39m[32mUsersModule dependencies initialized[39m[38;5;3m +6ms[39m
[32m[Nest] 14764  - [39m08/06/2026, 11:55:00 AM [32m    LOG[39m [38;5;3m[InstanceLoader] [39m[32mDepartmentsModule dependencies initialized[39m[38;5;3m +0ms[39m
[32m[Nest] 14764  - [39m08/06/2026, 11:55:00 AM [32m    LOG[39m [38;5;3m[InstanceLoader] [39m[32mClassesModule dependencies initialized[39m[38;5;3m +0ms[39m
[32m[Nest] 14764  - [39m08/06/2026, 11:55:00 AM [32m    LOG[39m [38;5;3m[InstanceLoader] [39m[32mStudentsModule dependencies initialized[39m[38;5;3m +0ms[39m
[32m[Nest] 14764  - [39m08/06/2026, 11:55:00 AM [32m    LOG[39m [38;5;3m[InstanceLoader] [39m[32mSubjectsModule dependencies initialized[39m[38;5;3m +0ms[39m
[32m[Nest] 14764  - [39m08/06/2026, 11:55:00 AM [32m    LOG[39m [38;5;3m[InstanceLoader] [39m[32mDashboardModule dependencies initialized[39m[38;5;3m +0ms[39m
[32m[Nest] 14764  - [39m08/06/2026, 11:55:00 AM [32m    LOG[39m [38;5;3m[InstanceLoader] [39m[32mContactModule dependencies initialized[39m[38;5;3m +0ms[39m
[32m[Nest] 14764  - [39m08/06/2026, 11:55:00 AM [32m    LOG[39m [38;5;3m[InstanceLoader] [39m[32mProctorModule dependencies initialized[39m[38;5;3m +1ms[39m
[32m[Nest] 14764  - [39m08/06/2026, 11:55:00 AM [32m    LOG[39m [38;5;3m[InstanceLoader] [39m[32mTeachersModule dependencies initialized[39m[38;5;3m +0ms[39m
[32m[Nest] 14764  - [39m08/06/2026, 11:55:00 AM [32m    LOG[39m [38;5;3m[InstanceLoader] [39m[32mExamRoomsModule dependencies initialized[39m[38;5;3m +0ms[39m
[32m[Nest] 14764  - [39m08/06/2026, 11:55:00 AM [32m    LOG[39m [38;5;3m[InstanceLoader] [39m[32mExamPeriodsModule dependencies initialized[39m[38;5;3m +0ms[39m
[32m[Nest] 14764  - [39m08/06/2026, 11:55:00 AM [32m    LOG[39m [38;5;3m[InstanceLoader] [39m[32mExamSchedulesModule dependencies initialized[39m[38;5;3m +0ms[39m
[32m[Nest] 14764  - [39m08/06/2026, 11:55:00 AM [32m    LOG[39m [38;5;3m[InstanceLoader] [39m[32mExamArrangementModule dependencies initialized[39m[38;5;3m +0ms[39m
[32m[Nest] 14764  - [39m08/06/2026, 11:55:00 AM [32m    LOG[39m [38;5;3m[InstanceLoader] [39m[32mExamSupervisorsModule dependencies initialized[39m[38;5;3m +0ms[39m
[32m[Nest] 14764  - [39m08/06/2026, 11:55:00 AM [32m    LOG[39m [38;5;3m[InstanceLoader] [39m[32mQuestionsModule dependencies initialized[39m[38;5;3m +1ms[39m
[32m[Nest] 14764  - [39m08/06/2026, 11:55:00 AM [32m    LOG[39m [38;5;3m[InstanceLoader] [39m[32mExamPapersModule dependencies initialized[39m[38;5;3m +0ms[39m
[32m[Nest] 14764  - [39m08/06/2026, 11:55:00 AM [32m    LOG[39m [38;5;3m[InstanceLoader] [39m[32mEssayModule dependencies initialized[39m[38;5;3m +0ms[39m
[32m[Nest] 14764  - [39m08/06/2026, 11:55:00 AM [32m    LOG[39m [38;5;3m[InstanceLoader] [39m[32mOnlineExamsModule dependencies initialized[39m[38;5;3m +0ms[39m
[32m[Nest] 14764  - [39m08/06/2026, 11:55:00 AM [32m    LOG[39m [38;5;3m[InstanceLoader] [39m[32mAuthModule dependencies initialized[39m[38;5;3m +0ms[39m
[32m[Nest] 14764  - [39m08/06/2026, 11:55:00 AM [32m    LOG[39m [38;5;3m[RoutesResolver] [39m[32mAuthController {/auth}:[39m[38;5;3m +8ms[39m
[32m[Nest] 14764  - [39m08/06/2026, 11:55:00 AM [32m    LOG[39m [38;5;3m[RouterExplorer] [39m[32mMapped {/auth/login, POST} route[39m[38;5;3m +3ms[39m
[32m[Nest] 14764  - [39m08/06/2026, 11:55:00 AM [32m    LOG[39m [38;5;3m[RouterExplorer] [39m[32mMapped {/auth/profile, GET} route[39m[38;5;3m +1ms[39m
[32m[Nest] 14764  - [39m08/06/2026, 11:55:00 AM [32m    LOG[39m [38;5;3m[RouterExplorer] [39m[32mMapped {/auth/change-password, POST} route[39m[38;5;3m +0ms[39m
[32m[Nest] 14764  - [39m08/06/2026, 11:55:00 AM [32m    LOG[39m [38;5;3m[RouterExplorer] [39m[32mMapped {/auth/profile, POST} route[39m[38;5;3m +1ms[39m
[32m[Nest] 14764  - [39m08/06/2026, 11:55:00 AM [32m    LOG[39m [38;5;3m[RoutesResolver] [39m[32mUsersController {/users}:[39m[38;5;3m +0ms[39m
[32m[Nest] 14764  - [39m08/06/2026, 11:55:00 AM [32m    LOG[39m [38;5;3m[RouterExplorer] [39m[32mMapped {/users/dashboard-stats, GET} route[39m[38;5;3m +1ms[39m
[32m[Nest] 14764  - [39m08/06/2026, 11:55:00 AM [32m    LOG[39m [38;5;3m[RouterExplorer] [39m[32mMapped {/users, GET} route[39m[38;5;3m +0ms[39m
[32m[Nest] 14764  - [39m08/06/2026, 11:55:00 AM [32m    LOG[39m [38;5;3m[RouterExplorer] [39m[32mMapped {/users/:id, GET} route[39m[38;5;3m +1ms[39m
[32m[Nest] 14764  - [39m08/06/2026, 11:55:00 AM [32m    LOG[39m [38;5;3m[RoutesResolver] [39m[32mDepartmentsController {/departments}:[39m[38;5;3m +0ms[39m
[32m[Nest] 14764  - [39m08/06/2026, 11:55:00 AM [32m    LOG[39m [38;5;3m[RouterExplorer] [39m[32mMapped {/departments, GET} route[39m[38;5;3m +0ms[39m
[32m[Nest] 14764  - [39m08/06/2026, 11:55:00 AM [32m    LOG[39m [38;5;3m[RouterExplorer] [39m[32mMapped {/departments/:id/curriculum, GET} route[39m[38;5;3m +1ms[39m
[32m[Nest] 14764  - [39m08/06/2026, 11:55:00 AM [32m    LOG[39m [38;5;3m[RouterExplorer] [39m[32mMapped {/departments/:id, GET} route[39m[38;5;3m +0ms[39m
[32m[Nest] 14764  - [39m08/06/2026, 11:55:00 AM [32m    LOG[39m [38;5;3m[RouterExplorer] [39m[32mMapped {/departments, POST} route[39m[38;5;3m +1ms[39m
[32m[Nest] 14764  - [39m08/06/2026, 11:55:00 AM [32m    LOG[39m [38;5;3m[RouterExplorer] [39m[32mMapped {/departments/:id/curriculum, POST} route[39m[38;5;3m +0ms[39m
[32m[Nest] 14764  - [39m08/06/2026, 11:55:00 AM [32m    LOG[39m [38;5;3m[RouterExplorer] [39m[32mMapped {/departments/:id, PATCH} route[39m[38;5;3m +0ms[39m
[32m[Nest] 14764  - [39m08/06/2026, 11:55:00 AM [32m    LOG[39m [38;5;3m[RouterExplorer] [39m[32mMapped {/departments/:id/curriculum/:subjectId, DELETE} route[39m[38;5;3m +1ms[39m
[32m[Nest] 14764  - [39m08/06/2026, 11:55:00 AM [32m    LOG[39m [38;5;3m[RouterExplorer] [39m[32mMapped {/departments/:id, DELETE} route[39m[38;5;3m +0ms[39m
[32m[Nest] 14764  - [39m08/06/2026, 11:55:00 AM [32m    LOG[39m [38;5;3m[RoutesResolver] [39m[32mClassesController {/classes}:[39m[38;5;3m +0ms[39m
[32m[Nest] 14764  - [39m08/06/2026, 11:55:00 AM [32m    LOG[39m [38;5;3m[RouterExplorer] [39m[32mMapped {/classes, GET} route[39m[38;5;3m +0ms[39m
[32m[Nest] 14764  - [39m08/06/2026, 11:55:00 AM [32m    LOG[39m [38;5;3m[RouterExplorer] [39m[32mMapped {/classes/:id, GET} route[39m[38;5;3m +0ms[39m
[32m[Nest] 14764  - [39m08/06/2026, 11:55:00 AM [32m    LOG[39m [38;5;3m[RouterExplorer] [39m[32mMapped {/classes, POST} route[39m[38;5;3m +0ms[39m
[32m[Nest] 14764  - [39m08/06/2026, 11:55:00 AM [32m    LOG[39m [38;5;3m[RouterExplorer] [39m[32mMapped {/classes/:id, PATCH} route[39m[38;5;3m +0ms[39m
[32m[Nest] 14764  - [39m08/06/2026, 11:55:00 AM [32m    LOG[39m [38;5;3m[RouterExplorer] [39m[32mMapped {/classes/:id, DELETE} route[39m[38;5;3m +0ms[39m
[32m[Nest] 14764  - [39m08/06/2026, 11:55:00 AM [32m    LOG[39m [38;5;3m[RoutesResolver] [39m[32mStudentsController {/students}:[39m[38;5;3m +0ms[39m
[32m[Nest] 14764  - [39m08/06/2026, 11:55:00 AM [32m    LOG[39m [38;5;3m[RouterExplorer] [39m[32mMapped {/students/my-schedule, GET} route[39m[38;5;3m +1ms[39m
[32m[Nest] 14764  - [39m08/06/2026, 11:55:00 AM [32m    LOG[39m [38;5;3m[RouterExplorer] [39m[32mMapped {/students/my-curriculum, GET} route[39m[38;5;3m +0ms[39m
[32m[Nest] 14764  - [39m08/06/2026, 11:55:00 AM [32m    LOG[39m [38;5;3m[RouterExplorer] [39m[32mMapped {/students, GET} route[39m[38;5;3m +0ms[39m
[32m[Nest] 14764  - [39m08/06/2026, 11:55:00 AM [32m    LOG[39m [38;5;3m[RouterExplorer] [39m[32mMapped {/students/:id, GET} route[39m[38;5;3m +0ms[39m
[32m[Nest] 14764  - [39m08/06/2026, 11:55:00 AM [32m    LOG[39m [38;5;3m[RouterExplorer] [39m[32mMapped {/students, POST} route[39m[38;5;3m +0ms[39m
[32m[Nest] 14764  - [39m08/06/2026, 11:55:00 AM [32m    LOG[39m [38;5;3m[RouterExplorer] [39m[32mMapped {/students/:id, PATCH} route[39m[38;5;3m +1ms[39m
[32m[Nest] 14764  - [39m08/06/2026, 11:55:00 AM [32m    LOG[39m [38;5;3m[RouterExplorer] [39m[32mMapped {/students/:id, DELETE} route[39m[38;5;3m +0ms[39m
[32m[Nest] 14764  - [39m08/06/2026, 11:55:00 AM [32m    LOG[39m [38;5;3m[RoutesResolver] [39m[32mTeachersController {/teachers}:[39m[38;5;3m +0ms[39m
[32m[Nest] 14764  - [39m08/06/2026, 11:55:00 AM [32m    LOG[39m [38;5;3m[RouterExplorer] [39m[32mMapped {/teachers/my-assignments, GET} route[39m[38;5;3m +0ms[39m
[32m[Nest] 14764  - [39m08/06/2026, 11:55:00 AM [32m    LOG[39m [38;5;3m[RouterExplorer] [39m[32mMapped {/teachers/my-assignments/:id/status, PATCH} route[39m[38;5;3m +0ms[39m
[32m[Nest] 14764  - [39m08/06/2026, 11:55:00 AM [32m    LOG[39m [38;5;3m[RouterExplorer] [39m[32mMapped {/teachers/my-assignments/:id/attendance-sheet, GET} route[39m[38;5;3m +1ms[39m
[32m[Nest] 14764  - [39m08/06/2026, 11:55:00 AM [32m    LOG[39m [38;5;3m[RouterExplorer] [39m[32mMapped {/teachers, GET} route[39m[38;5;3m +0ms[39m
[32m[Nest] 14764  - [39m08/06/2026, 11:55:00 AM [32m    LOG[39m [38;5;3m[RouterExplorer] [39m[32mMapped {/teachers/:id/lock, POST} route[39m[38;5;3m +0ms[39m
[32m[Nest] 14764  - [39m08/06/2026, 11:55:00 AM [32m    LOG[39m [38;5;3m[RouterExplorer] [39m[32mMapped {/teachers/:id/unlock, POST} route[39m[38;5;3m +0ms[39m
[32m[Nest] 14764  - [39m08/06/2026, 11:55:00 AM [32m    LOG[39m [38;5;3m[RouterExplorer] [39m[32mMapped {/teachers/:id, GET} route[39m[38;5;3m +0ms[39m
[32m[Nest] 14764  - [39m08/06/2026, 11:55:00 AM [32m    LOG[39m [38;5;3m[RouterExplorer] [39m[32mMapped {/teachers, POST} route[39m[38;5;3m +0ms[39m
[32m[Nest] 14764  - [39m08/06/2026, 11:55:00 AM [32m    LOG[39m [38;5;3m[RouterExplorer] [39m[32mMapped {/teachers/:id, PATCH} route[39m[38;5;3m +1ms[39m
[32m[Nest] 14764  - [39m08/06/2026, 11:55:00 AM [32m    LOG[39m [38;5;3m[RouterExplorer] [39m[32mMapped {/teachers/:id, DELETE} route[39m[38;5;3m +0ms[39m
[32m[Nest] 14764  - [39m08/06/2026, 11:55:00 AM [32m    LOG[39m [38;5;3m[RoutesResolver] [39m[32mSubjectsController {/subjects}:[39m[38;5;3m +0ms[39m
[32m[Nest] 14764  - [39m08/06/2026, 11:55:00 AM [32m    LOG[39m [38;5;3m[RouterExplorer] [39m[32mMapped {/subjects, GET} route[39m[38;5;3m +0ms[39m
[32m[Nest] 14764  - [39m08/06/2026, 11:55:00 AM [32m    LOG[39m [38;5;3m[RouterExplorer] [39m[32mMapped {/subjects/:id, GET} route[39m[38;5;3m +0ms[39m
[32m[Nest] 14764  - [39m08/06/2026, 11:55:00 AM [32m    LOG[39m [38;5;3m[RouterExplorer] [39m[32mMapped {/subjects/:id/chapters, GET} route[39m[38;5;3m +0ms[39m
[32m[Nest] 14764  - [39m08/06/2026, 11:55:00 AM [32m    LOG[39m [38;5;3m[RouterExplorer] [39m[32mMapped {/subjects/:id/enrollments, GET} route[39m[38;5;3m +1ms[39m
[32m[Nest] 14764  - [39m08/06/2026, 11:55:00 AM [32m    LOG[39m [38;5;3m[RouterExplorer] [39m[32mMapped {/subjects/:id/enroll-students, POST} route[39m[38;5;3m +0ms[39m
[32m[Nest] 14764  - [39m08/06/2026, 11:55:00 AM [32m    LOG[39m [38;5;3m[RouterExplorer] [39m[32mMapped {/subjects, POST} route[39m[38;5;3m +0ms[39m
[32m[Nest] 14764  - [39m08/06/2026, 11:55:00 AM [32m    LOG[39m [38;5;3m[RouterExplorer] [39m[32mMapped {/subjects/:id, PATCH} route[39m[38;5;3m +0ms[39m
[32m[Nest] 14764  - [39m08/06/2026, 11:55:00 AM [32m    LOG[39m [38;5;3m[RouterExplorer] [39m[32mMapped {/subjects/:id, DELETE} route[39m[38;5;3m +0ms[39m
[32m[Nest] 14764  - [39m08/06/2026, 11:55:00 AM [32m    LOG[39m [38;5;3m[RoutesResolver] [39m[32mExamRoomsController {/exam-rooms}:[39m[38;5;3m +0ms[39m
[32m[Nest] 14764  - [39m08/06/2026, 11:55:00 AM [32m    LOG[39m [38;5;3m[RouterExplorer] [39m[32mMapped {/exam-rooms, GET} route[39m[38;5;3m +0ms[39m
[32m[Nest] 14764  - [39m08/06/2026, 11:55:00 AM [32m    LOG[39m [38;5;3m[RouterExplorer] [39m[32mMapped {/exam-rooms/:id, GET} route[39m[38;5;3m +1ms[39m
[32m[Nest] 14764  - [39m08/06/2026, 11:55:00 AM [32m    LOG[39m [38;5;3m[RouterExplorer] [39m[32mMapped {/exam-rooms/:id/lock, POST} route[39m[38;5;3m +0ms[39m
[32m[Nest] 14764  - [39m08/06/2026, 11:55:00 AM [32m    LOG[39m [38;5;3m[RouterExplorer] [39m[32mMapped {/exam-rooms/:id/unlock, POST} route[39m[38;5;3m +0ms[39m
[32m[Nest] 14764  - [39m08/06/2026, 11:55:00 AM [32m    LOG[39m [38;5;3m[RouterExplorer] [39m[32mMapped {/exam-rooms, POST} route[39m[38;5;3m +0ms[39m
[32m[Nest] 14764  - [39m08/06/2026, 11:55:00 AM [32m    LOG[39m [38;5;3m[RouterExplorer] [39m[32mMapped {/exam-rooms/:id, PATCH} route[39m[38;5;3m +0ms[39m
[32m[Nest] 14764  - [39m08/06/2026, 11:55:00 AM [32m    LOG[39m [38;5;3m[RouterExplorer] [39m[32mMapped {/exam-rooms/:id, DELETE} route[39m[38;5;3m +1ms[39m
[32m[Nest] 14764  - [39m08/06/2026, 11:55:00 AM [32m    LOG[39m [38;5;3m[RoutesResolver] [39m[32mExamPeriodsController {/exam-periods}:[39m[38;5;3m +0ms[39m
[32m[Nest] 14764  - [39m08/06/2026, 11:55:00 AM [32m    LOG[39m [38;5;3m[RouterExplorer] [39m[32mMapped {/exam-periods, GET} route[39m[38;5;3m +0ms[39m
[32m[Nest] 14764  - [39m08/06/2026, 11:55:00 AM [32m    LOG[39m [38;5;3m[RouterExplorer] [39m[32mMapped {/exam-periods/:id, GET} route[39m[38;5;3m +0ms[39m
[32m[Nest] 14764  - [39m08/06/2026, 11:55:00 AM [32m    LOG[39m [38;5;3m[RouterExplorer] [39m[32mMapped {/exam-periods, POST} route[39m[38;5;3m +0ms[39m
[32m[Nest] 14764  - [39m08/06/2026, 11:55:00 AM [32m    LOG[39m [38;5;3m[RouterExplorer] [39m[32mMapped {/exam-periods/:id, PATCH} route[39m[38;5;3m +0ms[39m
[32m[Nest] 14764  - [39m08/06/2026, 11:55:00 AM [32m    LOG[39m [38;5;3m[RouterExplorer] [39m[32mMapped {/exam-periods/:id, DELETE} route[39m[38;5;3m +0ms[39m
[32m[Nest] 14764  - [39m08/06/2026, 11:55:00 AM [32m    LOG[39m [38;5;3m[RouterExplorer] [39m[32mMapped {/exam-periods/:id/lock, POST} route[39m[38;5;3m +1ms[39m
[32m[Nest] 14764  - [39m08/06/2026, 11:55:00 AM [32m    LOG[39m [38;5;3m[RouterExplorer] [39m[32mMapped {/exam-periods/:id/unlock, POST} route[39m[38;5;3m +0ms[39m
[32m[Nest] 14764  - [39m08/06/2026, 11:55:00 AM [32m    LOG[39m [38;5;3m[RoutesResolver] [39m[32mExamSchedulesController {/exam-schedules}:[39m[38;5;3m +0ms[39m
[32m[Nest] 14764  - [39m08/06/2026, 11:55:00 AM [32m    LOG[39m [38;5;3m[RouterExplorer] [39m[32mMapped {/exam-schedules, GET} route[39m[38;5;3m +0ms[39m
[32m[Nest] 14764  - [39m08/06/2026, 11:55:00 AM [32m    LOG[39m [38;5;3m[RouterExplorer] [39m[32mMapped {/exam-schedules/conflicts, GET} route[39m[38;5;3m +0ms[39m
[32m[Nest] 14764  - [39m08/06/2026, 11:55:00 AM [32m    LOG[39m [38;5;3m[RouterExplorer] [39m[32mMapped {/exam-schedules/trash, GET} route[39m[38;5;3m +0ms[39m
[32m[Nest] 14764  - [39m08/06/2026, 11:55:00 AM [32m    LOG[39m [38;5;3m[RouterExplorer] [39m[32mMapped {/exam-schedules/auto-preview, POST} route[39m[38;5;3m +1ms[39m
[32m[Nest] 14764  - [39m08/06/2026, 11:55:00 AM [32m    LOG[39m [38;5;3m[RouterExplorer] [39m[32mMapped {/exam-schedules/auto-apply, POST} route[39m[38;5;3m +0ms[39m
[32m[Nest] 14764  - [39m08/06/2026, 11:55:00 AM [32m    LOG[39m [38;5;3m[RouterExplorer] [39m[32mMapped {/exam-schedules/:id/lock, POST} route[39m[38;5;3m +0ms[39m
[32m[Nest] 14764  - [39m08/06/2026, 11:55:00 AM [32m    LOG[39m [38;5;3m[RouterExplorer] [39m[32mMapped {/exam-schedules/:id/unlock, POST} route[39m[38;5;3m +0ms[39m
[32m[Nest] 14764  - [39m08/06/2026, 11:55:00 AM [32m    LOG[39m [38;5;3m[RouterExplorer] [39m[32mMapped {/exam-schedules/:id, GET} route[39m[38;5;3m +0ms[39m
[32m[Nest] 14764  - [39m08/06/2026, 11:55:00 AM [32m    LOG[39m [38;5;3m[RouterExplorer] [39m[32mMapped {/exam-schedules, POST} route[39m[38;5;3m +0ms[39m
[32m[Nest] 14764  - [39m08/06/2026, 11:55:00 AM [32m    LOG[39m [38;5;3m[RouterExplorer] [39m[32mMapped {/exam-schedules/:id, PATCH} route[39m[38;5;3m +0ms[39m
[32m[Nest] 14764  - [39m08/06/2026, 11:55:00 AM [32m    LOG[39m [38;5;3m[RouterExplorer] [39m[32mMapped {/exam-schedules/:id, DELETE} route[39m[38;5;3m +0ms[39m
[32m[Nest] 14764  - [39m08/06/2026, 11:55:00 AM [32m    LOG[39m [38;5;3m[RouterExplorer] [39m[32mMapped {/exam-schedules/:id/reopen-entry, POST} route[39m[38;5;3m +1ms[39m
[32m[Nest] 14764  - [39m08/06/2026, 11:55:00 AM [32m    LOG[39m [38;5;3m[RouterExplorer] [39m[32mMapped {/exam-schedules/:id/restore, POST} route[39m[38;5;3m +0ms[39m
[32m[Nest] 14764  - [39m08/06/2026, 11:55:00 AM [32m    LOG[39m [38;5;3m[RoutesResolver] [39m[32mExamArrangementController {/exam-arrangement}:[39m[38;5;3m +0ms[39m
[32m[Nest] 14764  - [39m08/06/2026, 11:55:00 AM [32m    LOG[39m [38;5;3m[RouterExplorer] [39m[32mMapped {/exam-arrangement/auto-arrange, POST} route[39m[38;5;3m +0ms[39m
[32m[Nest] 14764  - [39m08/06/2026, 11:55:00 AM [32m    LOG[39m [38;5;3m[RouterExplorer] [39m[32mMapped {/exam-arrangement/preview, POST} route[39m[38;5;3m +0ms[39m
[32m[Nest] 14764  - [39m08/06/2026, 11:55:00 AM [32m    LOG[39m [38;5;3m[RouterExplorer] [39m[32mMapped {/exam-arrangement/result, GET} route[39m[38;5;3m +1ms[39m
[32m[Nest] 14764  - [39m08/06/2026, 11:55:00 AM [32m    LOG[39m [38;5;3m[RouterExplorer] [39m[32mMapped {/exam-arrangement/room-availability, GET} route[39m[38;5;3m +0ms[39m
[32m[Nest] 14764  - [39m08/06/2026, 11:55:00 AM [32m    LOG[39m [38;5;3m[RouterExplorer] [39m[32mMapped {/exam-arrangement/reset/:examScheduleId, DELETE} route[39m[38;5;3m +0ms[39m
[32m[Nest] 14764  - [39m08/06/2026, 11:55:00 AM [32m    LOG[39m [38;5;3m[RouterExplorer] [39m[32mMapped {/exam-arrangement/history, GET} route[39m[38;5;3m +0ms[39m
[32m[Nest] 14764  - [39m08/06/2026, 11:55:00 AM [32m    LOG[39m [38;5;3m[RoutesResolver] [39m[32mExamSupervisorsController {/exam-supervisors}:[39m[38;5;3m +0ms[39m
[32m[Nest] 14764  - [39m08/06/2026, 11:55:00 AM [32m    LOG[39m [38;5;3m[RouterExplorer] [39m[32mMapped {/exam-supervisors/assign, POST} route[39m[38;5;3m +0ms[39m
[32m[Nest] 14764  - [39m08/06/2026, 11:55:00 AM [32m    LOG[39m [38;5;3m[RouterExplorer] [39m[32mMapped {/exam-supervisors/auto-preview, POST} route[39m[38;5;3m +0ms[39m
[32m[Nest] 14764  - [39m08/06/2026, 11:55:00 AM [32m    LOG[39m [38;5;3m[RouterExplorer] [39m[32mMapped {/exam-supervisors/auto-assign, POST} route[39m[38;5;3m +1ms[39m
[32m[Nest] 14764  - [39m08/06/2026, 11:55:00 AM [32m    LOG[39m [38;5;3m[RouterExplorer] [39m[32mMapped {/exam-supervisors, GET} route[39m[38;5;3m +0ms[39m
[32m[Nest] 14764  - [39m08/06/2026, 11:55:00 AM [32m    LOG[39m [38;5;3m[RouterExplorer] [39m[32mMapped {/exam-supervisors/:id/status, PATCH} route[39m[38;5;3m +0ms[39m
[32m[Nest] 14764  - [39m08/06/2026, 11:55:00 AM [32m    LOG[39m [38;5;3m[RouterExplorer] [39m[32mMapped {/exam-supervisors/:id, DELETE} route[39m[38;5;3m +0ms[39m
[32m[Nest] 14764  - [39m08/06/2026, 11:55:00 AM [32m    LOG[39m [38;5;3m[RoutesResolver] [39m[32mQuestionsController {/questions}:[39m[38;5;3m +0ms[39m
[32m[Nest] 14764  - [39m08/06/2026, 11:55:00 AM [32m    LOG[39m [38;5;3m[RouterExplorer] [39m[32mMapped {/questions, GET} route[39m[38;5;3m +1ms[39m
[32m[Nest] 14764  - [39m08/06/2026, 11:55:00 AM [32m    LOG[39m [38;5;3m[RouterExplorer] [39m[32mMapped {/questions/statistics, GET} route[39m[38;5;3m +0ms[39m
[32m[Nest] 14764  - [39m08/06/2026, 11:55:00 AM [32m    LOG[39m [38;5;3m[RouterExplorer] [39m[32mMapped {/questions/filter-options, GET} route[39m[38;5;3m +0ms[39m
[32m[Nest] 14764  - [39m08/06/2026, 11:55:00 AM [32m    LOG[39m [38;5;3m[RouterExplorer] [39m[32mMapped {/questions/import/template, GET} route[39m[38;5;3m +1ms[39m
[32m[Nest] 14764  - [39m08/06/2026, 11:55:00 AM [32m    LOG[39m [38;5;3m[RouterExplorer] [39m[32mMapped {/questions/media/preview, POST} route[39m[38;5;3m +0ms[39m
[32m[Nest] 14764  - [39m08/06/2026, 11:55:00 AM [32m    LOG[39m [38;5;3m[RouterExplorer] [39m[32mMapped {/questions/media/upload, POST} route[39m[38;5;3m +1ms[39m
[32m[Nest] 14764  - [39m08/06/2026, 11:55:00 AM [32m    LOG[39m [38;5;3m[RouterExplorer] [39m[32mMapped {/questions/media/:id, DELETE} route[39m[38;5;3m +0ms[39m
[32m[Nest] 14764  - [39m08/06/2026, 11:55:00 AM [32m    LOG[39m [38;5;3m[RouterExplorer] [39m[32mMapped {/questions/export, POST} route[39m[38;5;3m +0ms[39m
[32m[Nest] 14764  - [39m08/06/2026, 11:55:00 AM [32m    LOG[39m [38;5;3m[RouterExplorer] [39m[32mMapped {/questions/bulk-action, POST} route[39m[38;5;3m +0ms[39m
[32m[Nest] 14764  - [39m08/06/2026, 11:55:00 AM [32m    LOG[39m [38;5;3m[RouterExplorer] [39m[32mMapped {/questions/import/preview, POST} route[39m[38;5;3m +1ms[39m
[32m[Nest] 14764  - [39m08/06/2026, 11:55:00 AM [32m    LOG[39m [38;5;3m[RouterExplorer] [39m[32mMapped {/questions/import/confirm, POST} route[39m[38;5;3m +0ms[39m
[32m[Nest] 14764  - [39m08/06/2026, 11:55:00 AM [32m    LOG[39m [38;5;3m[RouterExplorer] [39m[32mMapped {/questions/ai-generate, POST} route[39m[38;5;3m +0ms[39m
[32m[Nest] 14764  - [39m08/06/2026, 11:55:00 AM [32m    LOG[39m [38;5;3m[RouterExplorer] [39m[32mMapped {/questions/ai-save, POST} route[39m[38;5;3m +0ms[39m
[32m[Nest] 14764  - [39m08/06/2026, 11:55:00 AM [32m    LOG[39m [38;5;3m[RouterExplorer] [39m[32mMapped {/questions/ai-extract-text, POST} route[39m[38;5;3m +0ms[39m
[32m[Nest] 14764  - [39m08/06/2026, 11:55:00 AM [32m    LOG[39m [38;5;3m[RouterExplorer] [39m[32mMapped {/questions, POST} route[39m[38;5;3m +1ms[39m
[32m[Nest] 14764  - [39m08/06/2026, 11:55:00 AM [32m    LOG[39m [38;5;3m[RouterExplorer] [39m[32mMapped {/questions/:id, GET} route[39m[38;5;3m +0ms[39m
[32m[Nest] 14764  - [39m08/06/2026, 11:55:00 AM [32m    LOG[39m [38;5;3m[RouterExplorer] [39m[32mMapped {/questions/:id, PATCH} route[39m[38;5;3m +0ms[39m
[32m[Nest] 14764  - [39m08/06/2026, 11:55:00 AM [32m    LOG[39m [38;5;3m[RouterExplorer] [39m[32mMapped {/questions/:id/duplicate, POST} route[39m[38;5;3m +0ms[39m
[32m[Nest] 14764  - [39m08/06/2026, 11:55:00 AM [32m    LOG[39m [38;5;3m[RouterExplorer] [39m[32mMapped {/questions/:id/submit, POST} route[39m[38;5;3m +0ms[39m
[32m[Nest] 14764  - [39m08/06/2026, 11:55:00 AM [32m    LOG[39m [38;5;3m[RouterExplorer] [39m[32mMapped {/questions/:id/approve, POST} route[39m[38;5;3m +0ms[39m
[32m[Nest] 14764  - [39m08/06/2026, 11:55:00 AM [32m    LOG[39m [38;5;3m[RouterExplorer] [39m[32mMapped {/questions/:id/reject, POST} route[39m[38;5;3m +1ms[39m
[32m[Nest] 14764  - [39m08/06/2026, 11:55:00 AM [32m    LOG[39m [38;5;3m[RouterExplorer] [39m[32mMapped {/questions/:id/archive, POST} route[39m[38;5;3m +0ms[39m
[32m[Nest] 14764  - [39m08/06/2026, 11:55:00 AM [32m    LOG[39m [38;5;3m[RouterExplorer] [39m[32mMapped {/questions/:id/restore, POST} route[39m[38;5;3m +0ms[39m
[32m[Nest] 14764  - [39m08/06/2026, 11:55:00 AM [32m    LOG[39m [38;5;3m[RouterExplorer] [39m[32mMapped {/questions/:id, DELETE} route[39m[38;5;3m +0ms[39m
[32m[Nest] 14764  - [39m08/06/2026, 11:55:00 AM [32m    LOG[39m [38;5;3m[RoutesResolver] [39m[32mExamPapersController {/exam-papers}:[39m[38;5;3m +0ms[39m
[32m[Nest] 14764  - [39m08/06/2026, 11:55:00 AM [32m    LOG[39m [38;5;3m[RouterExplorer] [39m[32mMapped {/exam-papers/create-random, POST} route[39m[38;5;3m +0ms[39m
[32m[Nest] 14764  - [39m08/06/2026, 11:55:00 AM [32m    LOG[39m [38;5;3m[RouterExplorer] [39m[32mMapped {/exam-papers/preview-random, POST} route[39m[38;5;3m +0ms[39m
[32m[Nest] 14764  - [39m08/06/2026, 11:55:00 AM [32m    LOG[39m [38;5;3m[RouterExplorer] [39m[32mMapped {/exam-papers, GET} route[39m[38;5;3m +0ms[39m
[32m[Nest] 14764  - [39m08/06/2026, 11:55:00 AM [32m    LOG[39m [38;5;3m[RouterExplorer] [39m[32mMapped {/exam-papers/:id, GET} route[39m[38;5;3m +1ms[39m
[32m[Nest] 14764  - [39m08/06/2026, 11:55:00 AM [32m    LOG[39m [38;5;3m[RouterExplorer] [39m[32mMapped {/exam-papers/:id/publish, POST} route[39m[38;5;3m +0ms[39m
[32m[Nest] 14764  - [39m08/06/2026, 11:55:00 AM [32m    LOG[39m [38;5;3m[RouterExplorer] [39m[32mMapped {/exam-papers/:id/archive, POST} route[39m[38;5;3m +0ms[39m
[32m[Nest] 14764  - [39m08/06/2026, 11:55:00 AM [32m    LOG[39m [38;5;3m[RouterExplorer] [39m[32mMapped {/exam-papers/:id/restore, POST} route[39m[38;5;3m +0ms[39m
[32m[Nest] 14764  - [39m08/06/2026, 11:55:00 AM [32m    LOG[39m [38;5;3m[RouterExplorer] [39m[32mMapped {/exam-papers/:id, DELETE} route[39m[38;5;3m +0ms[39m
[32m[Nest] 14764  - [39m08/06/2026, 11:55:00 AM [32m    LOG[39m [38;5;3m[RoutesResolver] [39m[32mDashboardController {/dashboard}:[39m[38;5;3m +0ms[39m
[32m[Nest] 14764  - [39m08/06/2026, 11:55:00 AM [32m    LOG[39m [38;5;3m[RouterExplorer] [39m[32mMapped {/dashboard/overview, GET} route[39m[38;5;3m +1ms[39m
[32m[Nest] 14764  - [39m08/06/2026, 11:55:00 AM [32m    LOG[39m [38;5;3m[RoutesResolver] [39m[32mOnlineExamsController {/online-exams}:[39m[38;5;3m +0ms[39m
[32m[Nest] 14764  - [39m08/06/2026, 11:55:00 AM [32m    LOG[39m [38;5;3m[RouterExplorer] [39m[32mMapped {/online-exams/schedule/:scheduleId/check-eligibility, GET} route[39m[38;5;3m +0ms[39m
[32m[Nest] 14764  - [39m08/06/2026, 11:55:00 AM [32m    LOG[39m [38;5;3m[RouterExplorer] [39m[32mMapped {/online-exams/schedule/:scheduleId/start, POST} route[39m[38;5;3m +0ms[39m
[32m[Nest] 14764  - [39m08/06/2026, 11:55:00 AM [32m    LOG[39m [38;5;3m[RouterExplorer] [39m[32mMapped {/online-exams/attempt/:token/questions, GET} route[39m[38;5;3m +0ms[39m
[32m[Nest] 14764  - [39m08/06/2026, 11:55:00 AM [32m    LOG[39m [38;5;3m[RouterExplorer] [39m[32mMapped {/online-exams/attempt/:token/answers/save, POST} route[39m[38;5;3m +0ms[39m
[32m[Nest] 14764  - [39m08/06/2026, 11:55:00 AM [32m    LOG[39m [38;5;3m[RouterExplorer] [39m[32mMapped {/online-exams/attempt/:token/heartbeat, POST} route[39m[38;5;3m +0ms[39m
[32m[Nest] 14764  - [39m08/06/2026, 11:55:00 AM [32m    LOG[39m [38;5;3m[RouterExplorer] [39m[32mMapped {/online-exams/attempt/:token/events, POST} route[39m[38;5;3m +1ms[39m
[32m[Nest] 14764  - [39m08/06/2026, 11:55:00 AM [32m    LOG[39m [38;5;3m[RouterExplorer] [39m[32mMapped {/online-exams/attempt/:token/submit, POST} route[39m[38;5;3m +0ms[39m
[32m[Nest] 14764  - [39m08/06/2026, 11:55:00 AM [32m    LOG[39m [38;5;3m[RouterExplorer] [39m[32mMapped {/online-exams/attempt/:attemptId/result, GET} route[39m[38;5;3m +0ms[39m
[32m[Nest] 14764  - [39m08/06/2026, 11:55:00 AM [32m    LOG[39m [38;5;3m[RouterExplorer] [39m[32mMapped {/online-exams/attempt/:attemptId/appeal, POST} route[39m[38;5;3m +0ms[39m
[32m[Nest] 14764  - [39m08/06/2026, 11:55:00 AM [32m    LOG[39m [38;5;3m[RouterExplorer] [39m[32mMapped {/online-exams/schedule/:scheduleId/grade-report, GET} route[39m[38;5;3m +1ms[39m
[32m[Nest] 14764  - [39m08/06/2026, 11:55:00 AM [32m    LOG[39m [38;5;3m[RoutesResolver] [39m[32mProctorController {/proctor}:[39m[38;5;3m +0ms[39m
[32m[Nest] 14764  - [39m08/06/2026, 11:55:00 AM [32m    LOG[39m [38;5;3m[RouterExplorer] [39m[32mMapped {/proctor/live-dashboard/:scheduleRoomId, GET} route[39m[38;5;3m +0ms[39m
[32m[Nest] 14764  - [39m08/06/2026, 11:55:00 AM [32m    LOG[39m [38;5;3m[RouterExplorer] [39m[32mMapped {/proctor/attempt/:attemptId/extend-time, POST} route[39m[38;5;3m +0ms[39m
[32m[Nest] 14764  - [39m08/06/2026, 11:55:00 AM [32m    LOG[39m [38;5;3m[RouterExplorer] [39m[32mMapped {/proctor/attempt/:attemptId/reopen, POST} route[39m[38;5;3m +1ms[39m
[32m[Nest] 14764  - [39m08/06/2026, 11:55:00 AM [32m    LOG[39m [38;5;3m[RouterExplorer] [39m[32mMapped {/proctor/attempt/:attemptId/flag-incident, POST} route[39m[38;5;3m +0ms[39m
[32m[Nest] 14764  - [39m08/06/2026, 11:55:00 AM [32m    LOG[39m [38;5;3m[RouterExplorer] [39m[32mMapped {/proctor/attempt/:attemptId/resolve-incident, POST} route[39m[38;5;3m +0ms[39m
[32m[Nest] 14764  - [39m08/06/2026, 11:55:00 AM [32m    LOG[39m [38;5;3m[RoutesResolver] [39m[32mEssayController {/essay}:[39m[38;5;3m +0ms[39m
[32m[Nest] 14764  - [39m08/06/2026, 11:55:00 AM [32m    LOG[39m [38;5;3m[RouterExplorer] [39m[32mMapped {/essay/questions/:questionId/rubric, GET} route[39m[38;5;3m +0ms[39m
[32m[Nest] 14764  - [39m08/06/2026, 11:55:00 AM [32m    LOG[39m [38;5;3m[RouterExplorer] [39m[32mMapped {/essay/questions/:questionId/rubric, POST} route[39m[38;5;3m +0ms[39m
[32m[Nest] 14764  - [39m08/06/2026, 11:55:00 AM [32m    LOG[39m [38;5;3m[RouterExplorer] [39m[32mMapped {/essay/grading/assignments, GET} route[39m[38;5;3m +1ms[39m
[32m[Nest] 14764  - [39m08/06/2026, 11:55:00 AM [32m    LOG[39m [38;5;3m[RouterExplorer] [39m[32mMapped {/essay/grading/attempts/:attemptId, GET} route[39m[38;5;3m +0ms[39m
[32m[Nest] 14764  - [39m08/06/2026, 11:55:00 AM [32m    LOG[39m [38;5;3m[RouterExplorer] [39m[32mMapped {/essay/grading/answers/:answerId, PATCH} route[39m[38;5;3m +0ms[39m
[32m[Nest] 14764  - [39m08/06/2026, 11:55:00 AM [32m    LOG[39m [38;5;3m[RouterExplorer] [39m[32mMapped {/essay/grading/attempts/:attemptId/submit, POST} route[39m[38;5;3m +0ms[39m
[32m[Nest] 14764  - [39m08/06/2026, 11:55:00 AM [32m    LOG[39m [38;5;3m[RouterExplorer] [39m[32mMapped {/essay/grading/attempts/:attemptId/approve, POST} route[39m[38;5;3m +0ms[39m
[32m[Nest] 14764  - [39m08/06/2026, 11:55:00 AM [32m    LOG[39m [38;5;3m[RouterExplorer] [39m[32mMapped {/essay/grading/attempts/:attemptId/publish, POST} route[39m[38;5;3m +1ms[39m
[32m[Nest] 14764  - [39m08/06/2026, 11:55:00 AM [32m    LOG[39m [38;5;3m[RouterExplorer] [39m[32mMapped {/essay/grading/attempts/:attemptId/reopen, POST} route[39m[38;5;3m +0ms[39m
[32m[Nest] 14764  - [39m08/06/2026, 11:55:00 AM [32m    LOG[39m [38;5;3m[RouterExplorer] [39m[32mMapped {/essay/grading/attempts/:attemptId/extend-time, POST} route[39m[38;5;3m +0ms[39m
[32m[Nest] 14764  - [39m08/06/2026, 11:55:00 AM [32m    LOG[39m [38;5;3m[RouterExplorer] [39m[32mMapped {/essay/grading/attempts/:attemptId/penalty, POST} route[39m[38;5;3m +0ms[39m
[32m[Nest] 14764  - [39m08/06/2026, 11:55:00 AM [32m    LOG[39m [38;5;3m[RouterExplorer] [39m[32mMapped {/essay/attempt/:token/answers/:questionId/files, POST} route[39m[38;5;3m +1ms[39m
[32m[Nest] 14764  - [39m08/06/2026, 11:55:00 AM [32m    LOG[39m [38;5;3m[RoutesResolver] [39m[32mEssayGradingController {/essay-grading}:[39m[38;5;3m +0ms[39m
[32m[Nest] 14764  - [39m08/06/2026, 11:55:00 AM [32m    LOG[39m [38;5;3m[RouterExplorer] [39m[32mMapped {/essay-grading/assignments, GET} route[39m[38;5;3m +0ms[39m
[32m[Nest] 14764  - [39m08/06/2026, 11:55:00 AM [32m    LOG[39m [38;5;3m[RouterExplorer] [39m[32mMapped {/essay-grading/attempts/:attemptId, GET} route[39m[38;5;3m +0ms[39m
[32m[Nest] 14764  - [39m08/06/2026, 11:55:00 AM [32m    LOG[39m [38;5;3m[RouterExplorer] [39m[32mMapped {/essay-grading/answers/:answerId, PATCH} route[39m[38;5;3m +0ms[39m
[32m[Nest] 14764  - [39m08/06/2026, 11:55:00 AM [32m    LOG[39m [38;5;3m[RouterExplorer] [39m[32mMapped {/essay-grading/answers/:answerId/ai-suggest, POST} route[39m[38;5;3m +0ms[39m
[32m[Nest] 14764  - [39m08/06/2026, 11:55:00 AM [32m    LOG[39m [38;5;3m[RouterExplorer] [39m[32mMapped {/essay-grading/attempts/:attemptId/submit, POST} route[39m[38;5;3m +1ms[39m
[32m[Nest] 14764  - [39m08/06/2026, 11:55:00 AM [32m    LOG[39m [38;5;3m[RouterExplorer] [39m[32mMapped {/essay-grading/attempts/:attemptId/approve, POST} route[39m[38;5;3m +0ms[39m
[32m[Nest] 14764  - [39m08/06/2026, 11:55:00 AM [32m    LOG[39m [38;5;3m[RouterExplorer] [39m[32mMapped {/essay-grading/attempts/:attemptId/publish, POST} route[39m[38;5;3m +0ms[39m
[32m[Nest] 14764  - [39m08/06/2026, 11:55:00 AM [32m    LOG[39m [38;5;3m[RouterExplorer] [39m[32mMapped {/essay-grading/attempts/:attemptId/reopen, POST} route[39m[38;5;3m +0ms[39m
[32m[Nest] 14764  - [39m08/06/2026, 11:55:00 AM [32m    LOG[39m [38;5;3m[RouterExplorer] [39m[32mMapped {/essay-grading/attempts/:attemptId/extend-time, POST} route[39m[38;5;3m +0ms[39m
[32m[Nest] 14764  - [39m08/06/2026, 11:55:00 AM [32m    LOG[39m [38;5;3m[RouterExplorer] [39m[32mMapped {/essay-grading/attempts/:attemptId/penalty, POST} route[39m[38;5;3m +0ms[39m
[32m[Nest] 14764  - [39m08/06/2026, 11:55:00 AM [32m    LOG[39m [38;5;3m[RoutesResolver] [39m[32mEssayConfigController {/online-exam-config}:[39m[38;5;3m +1ms[39m
[32m[Nest] 14764  - [39m08/06/2026, 11:55:00 AM [32m    LOG[39m [38;5;3m[RouterExplorer] [39m[32mMapped {/online-exam-config/:scheduleId/essay, PATCH} route[39m[38;5;3m +0ms[39m
[32m[Nest] 14764  - [39m08/06/2026, 11:55:00 AM [32m    LOG[39m [38;5;3m[RoutesResolver] [39m[32mContactController {/contact}:[39m[38;5;3m +0ms[39m
[32m[Nest] 14764  - [39m08/06/2026, 11:55:00 AM [32m    LOG[39m [38;5;3m[RouterExplorer] [39m[32mMapped {/contact/send, POST} route[39m[38;5;3m +0ms[39m
[32m[Nest] 14764  - [39m08/06/2026, 11:55:00 AM [32m    LOG[39m [38;5;3m[NestApplication] [39m[32mNest application successfully started[39m[38;5;3m +88ms[39m
Backend Application is running on: http://localhost:3001
[2J[3J[H[[90m11:55:06 AM[0m] File change detected. Starting incremental compilation...

[96msrc/essay/essay.service.ts[0m:[93m140[0m:[93m103[0m - [91merror[0m[90m TS2345: [0mArgument of type 'AttemptStatus' is not assignable to parameter of type '"SUBMITTED" | "AUTO_SUBMITTED" | "UNDER_REVIEW"'.
  Type '"NOT_STARTED"' is not assignable to type '"SUBMITTED" | "AUTO_SUBMITTED" | "UNDER_REVIEW"'.

[7m140[0m     if (![AttemptStatus.SUBMITTED, AttemptStatus.AUTO_SUBMITTED, AttemptStatus.UNDER_REVIEW].includes(attempt.status as AttemptStatus)) {
[7m   [0m [91m                                                                                                      ~~~~~~~~~~~~~~~~~~~~~~~~~~~~~~~[0m

[[90m11:55:06 AM[0m] Found 1 error. Watching for file changes.

[2J[3J[H[[90m11:57:12 AM[0m] File change detected. Starting incremental compilation...

[[90m11:57:15 AM[0m] Found 0 errors. Watching for file changes.

node:internal/modules/cjs/loader:1520
  throw err;
  ^

Error: Cannot find module './question-validation'
Require stack:
- C:\Users\loiho\.gemini\antigravity-ide\scratch\exam-management\backend\dist\questions\ai.service.js
- C:\Users\loiho\.gemini\antigravity-ide\scratch\exam-management\backend\dist\questions\questions.module.js
- C:\Users\loiho\.gemini\antigravity-ide\scratch\exam-management\backend\dist\app.module.js
- C:\Users\loiho\.gemini\antigravity-ide\scratch\exam-management\backend\dist\main.js
    at Module._resolveFilename (node:internal/modules/cjs/loader:1517:15)
    at wrapResolveFilename (node:internal/modules/cjs/loader:1071:27)
    at defaultResolveImplForCJSLoading (node:internal/modules/cjs/loader:1095:10)
    at resolveForCJSWithHooks (node:internal/modules/cjs/loader:1122:12)
    at Module._load (node:internal/modules/cjs/loader:1294:5)
    at wrapModuleLoad (node:internal/modules/cjs/loader:255:19)
    at Module.require (node:internal/modules/cjs/loader:1617:12)
    at require (node:internal/modules/helpers:153:16)
    at Object.<anonymous> (C:\Users\loiho\.gemini\antigravity-ide\scratch\exam-management\backend\src\questions\ai.service.ts:6:1)
    at Module._compile (node:internal/modules/cjs/loader:1871:14)
    at Object..js (node:internal/modules/cjs/loader:2002:10)
    at Module.load (node:internal/modules/cjs/loader:1594:32)
    at Module._load (node:internal/modules/cjs/loader:1396:12)
    at wrapModuleLoad (node:internal/modules/cjs/loader:255:19)
    at Module.require (node:internal/modules/cjs/loader:1617:12)
    at require (node:internal/modules/helpers:153:16) {
  code: 'MODULE_NOT_FOUND',
  requireStack: [
    'C:\\Users\\loiho\\.gemini\\antigravity-ide\\scratch\\exam-management\\backend\\dist\\questions\\ai.service.js',
    'C:\\Users\\loiho\\.gemini\\antigravity-ide\\scratch\\exam-management\\backend\\dist\\questions\\questions.module.js',
    'C:\\Users\\loiho\\.gemini\\antigravity-ide\\scratch\\exam-management\\backend\\dist\\app.module.js',
    'C:\\Users\\loiho\\.gemini\\antigravity-ide\\scratch\\exam-management\\backend\\dist\\main.js'
  ]
}

Node.js v24.18.1
[2J[3J[H[[90m12:02:35 PM[0m] File change detected. Starting incremental compilation...

[[90m12:02:37 PM[0m] Found 0 errors. Watching for file changes.

node:internal/modules/cjs/loader:1520
  throw err;
  ^

Error: Cannot find module './contact.controller'
Require stack:
- C:\Users\loiho\.gemini\antigravity-ide\scratch\exam-management\backend\dist\contact\contact.module.js
- C:\Users\loiho\.gemini\antigravity-ide\scratch\exam-management\backend\dist\app.module.js
- C:\Users\loiho\.gemini\antigravity-ide\scratch\exam-management\backend\dist\main.js
    at Module._resolveFilename (node:internal/modules/cjs/loader:1517:15)
    at wrapResolveFilename (node:internal/modules/cjs/loader:1071:27)
    at defaultResolveImplForCJSLoading (node:internal/modules/cjs/loader:1095:10)
    at resolveForCJSWithHooks (node:internal/modules/cjs/loader:1122:12)
    at Module._load (node:internal/modules/cjs/loader:1294:5)
    at wrapModuleLoad (node:internal/modules/cjs/loader:255:19)
    at Module.require (node:internal/modules/cjs/loader:1617:12)
    at require (node:internal/modules/helpers:153:16)
    at Object.<anonymous> (C:\Users\loiho\.gemini\antigravity-ide\scratch\exam-management\backend\src\contact\contact.module.ts:3:1)
    at Module._compile (node:internal/modules/cjs/loader:1871:14)
    at Object..js (node:internal/modules/cjs/loader:2002:10)
    at Module.load (node:internal/modules/cjs/loader:1594:32)
    at Module._load (node:internal/modules/cjs/loader:1396:12)
    at wrapModuleLoad (node:internal/modules/cjs/loader:255:19)
    at Module.require (node:internal/modules/cjs/loader:1617:12)
    at require (node:internal/modules/helpers:153:16) {
  code: 'MODULE_NOT_FOUND',
  requireStack: [
    'C:\\Users\\loiho\\.gemini\\antigravity-ide\\scratch\\exam-management\\backend\\dist\\contact\\contact.module.js',
    'C:\\Users\\loiho\\.gemini\\antigravity-ide\\scratch\\exam-management\\backend\\dist\\app.module.js',
    'C:\\Users\\loiho\\.gemini\\antigravity-ide\\scratch\\exam-management\\backend\\dist\\main.js'
  ]
}

Node.js v24.18.1
