
> exam-management-backend@1.0.0 start:dev
> nest start --watch

[2J[3J[H[[90m1:17:47 PM[0m] Starting compilation in watch mode...

[[90m1:18:07 PM[0m] Found 0 errors. Watching for file changes.

(node:12548) [DEP0190] DeprecationWarning: Passing args to a child process with shell option true can lead to security vulnerabilities, as the arguments are not escaped, only concatenated.
(Use `node --trace-deprecation ...` to show where the warning was created)
[32m[Nest] 14348  - [39m08/06/2026, 1:18:14 PM [32m    LOG[39m [38;5;3m[NestFactory] [39m[32mStarting Nest application...[39m
[32m[Nest] 14348  - [39m08/06/2026, 1:18:14 PM [32m    LOG[39m [38;5;3m[InstanceLoader] [39m[32mAppModule dependencies initialized[39m[38;5;3m +29ms[39m
[32m[Nest] 14348  - [39m08/06/2026, 1:18:14 PM [32m    LOG[39m [38;5;3m[InstanceLoader] [39m[32mPrismaModule dependencies initialized[39m[38;5;3m +25ms[39m
[32m[Nest] 14348  - [39m08/06/2026, 1:18:14 PM [32m    LOG[39m [38;5;3m[InstanceLoader] [39m[32mPassportModule dependencies initialized[39m[38;5;3m +0ms[39m
[32m[Nest] 14348  - [39m08/06/2026, 1:18:14 PM [32m    LOG[39m [38;5;3m[InstanceLoader] [39m[32mSecurityModule dependencies initialized[39m[38;5;3m +32ms[39m
[32m[Nest] 14348  - [39m08/06/2026, 1:18:14 PM [32m    LOG[39m [38;5;3m[InstanceLoader] [39m[32mAuditModule dependencies initialized[39m[38;5;3m +0ms[39m
[32m[Nest] 14348  - [39m08/06/2026, 1:18:14 PM [32m    LOG[39m [38;5;3m[InstanceLoader] [39m[32mConfigHostModule dependencies initialized[39m[38;5;3m +1ms[39m
[32m[Nest] 14348  - [39m08/06/2026, 1:18:14 PM [32m    LOG[39m [38;5;3m[InstanceLoader] [39m[32mJwtModule dependencies initialized[39m[38;5;3m +0ms[39m
[32m[Nest] 14348  - [39m08/06/2026, 1:18:14 PM [32m    LOG[39m [38;5;3m[InstanceLoader] [39m[32mConfigModule dependencies initialized[39m[38;5;3m +4ms[39m
[32m[Nest] 14348  - [39m08/06/2026, 1:18:14 PM [32m    LOG[39m [38;5;3m[InstanceLoader] [39m[32mUsersModule dependencies initialized[39m[38;5;3m +7ms[39m
[32m[Nest] 14348  - [39m08/06/2026, 1:18:14 PM [32m    LOG[39m [38;5;3m[InstanceLoader] [39m[32mDepartmentsModule dependencies initialized[39m[38;5;3m +0ms[39m
[32m[Nest] 14348  - [39m08/06/2026, 1:18:14 PM [32m    LOG[39m [38;5;3m[InstanceLoader] [39m[32mClassesModule dependencies initialized[39m[38;5;3m +0ms[39m
[32m[Nest] 14348  - [39m08/06/2026, 1:18:14 PM [32m    LOG[39m [38;5;3m[InstanceLoader] [39m[32mStudentsModule dependencies initialized[39m[38;5;3m +0ms[39m
[32m[Nest] 14348  - [39m08/06/2026, 1:18:14 PM [32m    LOG[39m [38;5;3m[InstanceLoader] [39m[32mSubjectsModule dependencies initialized[39m[38;5;3m +0ms[39m
[32m[Nest] 14348  - [39m08/06/2026, 1:18:14 PM [32m    LOG[39m [38;5;3m[InstanceLoader] [39m[32mDashboardModule dependencies initialized[39m[38;5;3m +0ms[39m
[32m[Nest] 14348  - [39m08/06/2026, 1:18:14 PM [32m    LOG[39m [38;5;3m[InstanceLoader] [39m[32mContactModule dependencies initialized[39m[38;5;3m +0ms[39m
[32m[Nest] 14348  - [39m08/06/2026, 1:18:14 PM [32m    LOG[39m [38;5;3m[InstanceLoader] [39m[32mProctorModule dependencies initialized[39m[38;5;3m +1ms[39m
[32m[Nest] 14348  - [39m08/06/2026, 1:18:14 PM [32m    LOG[39m [38;5;3m[InstanceLoader] [39m[32mTeachersModule dependencies initialized[39m[38;5;3m +1ms[39m
[32m[Nest] 14348  - [39m08/06/2026, 1:18:14 PM [32m    LOG[39m [38;5;3m[InstanceLoader] [39m[32mExamRoomsModule dependencies initialized[39m[38;5;3m +0ms[39m
[32m[Nest] 14348  - [39m08/06/2026, 1:18:14 PM [32m    LOG[39m [38;5;3m[InstanceLoader] [39m[32mExamPeriodsModule dependencies initialized[39m[38;5;3m +0ms[39m
[32m[Nest] 14348  - [39m08/06/2026, 1:18:14 PM [32m    LOG[39m [38;5;3m[InstanceLoader] [39m[32mExamSchedulesModule dependencies initialized[39m[38;5;3m +0ms[39m
[32m[Nest] 14348  - [39m08/06/2026, 1:18:14 PM [32m    LOG[39m [38;5;3m[InstanceLoader] [39m[32mExamArrangementModule dependencies initialized[39m[38;5;3m +0ms[39m
[32m[Nest] 14348  - [39m08/06/2026, 1:18:14 PM [32m    LOG[39m [38;5;3m[InstanceLoader] [39m[32mExamSupervisorsModule dependencies initialized[39m[38;5;3m +0ms[39m
[32m[Nest] 14348  - [39m08/06/2026, 1:18:14 PM [32m    LOG[39m [38;5;3m[InstanceLoader] [39m[32mQuestionsModule dependencies initialized[39m[38;5;3m +0ms[39m
[32m[Nest] 14348  - [39m08/06/2026, 1:18:14 PM [32m    LOG[39m [38;5;3m[InstanceLoader] [39m[32mExamPapersModule dependencies initialized[39m[38;5;3m +0ms[39m
[32m[Nest] 14348  - [39m08/06/2026, 1:18:14 PM [32m    LOG[39m [38;5;3m[InstanceLoader] [39m[32mEssayModule dependencies initialized[39m[38;5;3m +0ms[39m
[32m[Nest] 14348  - [39m08/06/2026, 1:18:14 PM [32m    LOG[39m [38;5;3m[InstanceLoader] [39m[32mOnlineExamsModule dependencies initialized[39m[38;5;3m +0ms[39m
[32m[Nest] 14348  - [39m08/06/2026, 1:18:14 PM [32m    LOG[39m [38;5;3m[InstanceLoader] [39m[32mAuthModule dependencies initialized[39m[38;5;3m +0ms[39m
[32m[Nest] 14348  - [39m08/06/2026, 1:18:14 PM [32m    LOG[39m [38;5;3m[RoutesResolver] [39m[32mAuthController {/auth}:[39m[38;5;3m +12ms[39m
[32m[Nest] 14348  - [39m08/06/2026, 1:18:14 PM [32m    LOG[39m [38;5;3m[RouterExplorer] [39m[32mMapped {/auth/login, POST} route[39m[38;5;3m +6ms[39m
[32m[Nest] 14348  - [39m08/06/2026, 1:18:14 PM [32m    LOG[39m [38;5;3m[RouterExplorer] [39m[32mMapped {/auth/profile, GET} route[39m[38;5;3m +1ms[39m
[32m[Nest] 14348  - [39m08/06/2026, 1:18:14 PM [32m    LOG[39m [38;5;3m[RouterExplorer] [39m[32mMapped {/auth/change-password, POST} route[39m[38;5;3m +0ms[39m
[32m[Nest] 14348  - [39m08/06/2026, 1:18:14 PM [32m    LOG[39m [38;5;3m[RouterExplorer] [39m[32mMapped {/auth/profile, POST} route[39m[38;5;3m +1ms[39m
[32m[Nest] 14348  - [39m08/06/2026, 1:18:14 PM [32m    LOG[39m [38;5;3m[RoutesResolver] [39m[32mUsersController {/users}:[39m[38;5;3m +0ms[39m
[32m[Nest] 14348  - [39m08/06/2026, 1:18:14 PM [32m    LOG[39m [38;5;3m[RouterExplorer] [39m[32mMapped {/users/dashboard-stats, GET} route[39m[38;5;3m +0ms[39m
[32m[Nest] 14348  - [39m08/06/2026, 1:18:14 PM [32m    LOG[39m [38;5;3m[RouterExplorer] [39m[32mMapped {/users, GET} route[39m[38;5;3m +1ms[39m
[32m[Nest] 14348  - [39m08/06/2026, 1:18:14 PM [32m    LOG[39m [38;5;3m[RouterExplorer] [39m[32mMapped {/users/:id, GET} route[39m[38;5;3m +0ms[39m
[32m[Nest] 14348  - [39m08/06/2026, 1:18:14 PM [32m    LOG[39m [38;5;3m[RoutesResolver] [39m[32mDepartmentsController {/departments}:[39m[38;5;3m +0ms[39m
[32m[Nest] 14348  - [39m08/06/2026, 1:18:14 PM [32m    LOG[39m [38;5;3m[RouterExplorer] [39m[32mMapped {/departments, GET} route[39m[38;5;3m +1ms[39m
[32m[Nest] 14348  - [39m08/06/2026, 1:18:14 PM [32m    LOG[39m [38;5;3m[RouterExplorer] [39m[32mMapped {/departments/:id/curriculum, GET} route[39m[38;5;3m +0ms[39m
[32m[Nest] 14348  - [39m08/06/2026, 1:18:14 PM [32m    LOG[39m [38;5;3m[RouterExplorer] [39m[32mMapped {/departments/:id, GET} route[39m[38;5;3m +0ms[39m
[32m[Nest] 14348  - [39m08/06/2026, 1:18:14 PM [32m    LOG[39m [38;5;3m[RouterExplorer] [39m[32mMapped {/departments, POST} route[39m[38;5;3m +1ms[39m
[32m[Nest] 14348  - [39m08/06/2026, 1:18:14 PM [32m    LOG[39m [38;5;3m[RouterExplorer] [39m[32mMapped {/departments/:id/curriculum, POST} route[39m[38;5;3m +0ms[39m
[32m[Nest] 14348  - [39m08/06/2026, 1:18:14 PM [32m    LOG[39m [38;5;3m[RouterExplorer] [39m[32mMapped {/departments/:id, PATCH} route[39m[38;5;3m +0ms[39m
[32m[Nest] 14348  - [39m08/06/2026, 1:18:14 PM [32m    LOG[39m [38;5;3m[RouterExplorer] [39m[32mMapped {/departments/:id/curriculum/:subjectId, DELETE} route[39m[38;5;3m +0ms[39m
[32m[Nest] 14348  - [39m08/06/2026, 1:18:14 PM [32m    LOG[39m [38;5;3m[RouterExplorer] [39m[32mMapped {/departments/:id, DELETE} route[39m[38;5;3m +1ms[39m
[32m[Nest] 14348  - [39m08/06/2026, 1:18:14 PM [32m    LOG[39m [38;5;3m[RoutesResolver] [39m[32mClassesController {/classes}:[39m[38;5;3m +0ms[39m
[32m[Nest] 14348  - [39m08/06/2026, 1:18:14 PM [32m    LOG[39m [38;5;3m[RouterExplorer] [39m[32mMapped {/classes, GET} route[39m[38;5;3m +0ms[39m
[32m[Nest] 14348  - [39m08/06/2026, 1:18:14 PM [32m    LOG[39m [38;5;3m[RouterExplorer] [39m[32mMapped {/classes/:id, GET} route[39m[38;5;3m +0ms[39m
[32m[Nest] 14348  - [39m08/06/2026, 1:18:14 PM [32m    LOG[39m [38;5;3m[RouterExplorer] [39m[32mMapped {/classes, POST} route[39m[38;5;3m +1ms[39m
[32m[Nest] 14348  - [39m08/06/2026, 1:18:14 PM [32m    LOG[39m [38;5;3m[RouterExplorer] [39m[32mMapped {/classes/:id, PATCH} route[39m[38;5;3m +0ms[39m
[32m[Nest] 14348  - [39m08/06/2026, 1:18:14 PM [32m    LOG[39m [38;5;3m[RouterExplorer] [39m[32mMapped {/classes/:id, DELETE} route[39m[38;5;3m +0ms[39m
[32m[Nest] 14348  - [39m08/06/2026, 1:18:14 PM [32m    LOG[39m [38;5;3m[RoutesResolver] [39m[32mStudentsController {/students}:[39m[38;5;3m +0ms[39m
[32m[Nest] 14348  - [39m08/06/2026, 1:18:14 PM [32m    LOG[39m [38;5;3m[RouterExplorer] [39m[32mMapped {/students/my-schedule, GET} route[39m[38;5;3m +0ms[39m
[32m[Nest] 14348  - [39m08/06/2026, 1:18:14 PM [32m    LOG[39m [38;5;3m[RouterExplorer] [39m[32mMapped {/students/my-curriculum, GET} route[39m[38;5;3m +0ms[39m
[32m[Nest] 14348  - [39m08/06/2026, 1:18:14 PM [32m    LOG[39m [38;5;3m[RouterExplorer] [39m[32mMapped {/students, GET} route[39m[38;5;3m +0ms[39m
[32m[Nest] 14348  - [39m08/06/2026, 1:18:14 PM [32m    LOG[39m [38;5;3m[RouterExplorer] [39m[32mMapped {/students/:id, GET} route[39m[38;5;3m +1ms[39m
[32m[Nest] 14348  - [39m08/06/2026, 1:18:14 PM [32m    LOG[39m [38;5;3m[RouterExplorer] [39m[32mMapped {/students, POST} route[39m[38;5;3m +0ms[39m
[32m[Nest] 14348  - [39m08/06/2026, 1:18:14 PM [32m    LOG[39m [38;5;3m[RouterExplorer] [39m[32mMapped {/students/:id, PATCH} route[39m[38;5;3m +0ms[39m
[32m[Nest] 14348  - [39m08/06/2026, 1:18:14 PM [32m    LOG[39m [38;5;3m[RouterExplorer] [39m[32mMapped {/students/:id, DELETE} route[39m[38;5;3m +0ms[39m
[32m[Nest] 14348  - [39m08/06/2026, 1:18:14 PM [32m    LOG[39m [38;5;3m[RoutesResolver] [39m[32mTeachersController {/teachers}:[39m[38;5;3m +0ms[39m
[32m[Nest] 14348  - [39m08/06/2026, 1:18:14 PM [32m    LOG[39m [38;5;3m[RouterExplorer] [39m[32mMapped {/teachers/my-assignments, GET} route[39m[38;5;3m +0ms[39m
[32m[Nest] 14348  - [39m08/06/2026, 1:18:14 PM [32m    LOG[39m [38;5;3m[RouterExplorer] [39m[32mMapped {/teachers/my-assignments/:id/status, PATCH} route[39m[38;5;3m +1ms[39m
[32m[Nest] 14348  - [39m08/06/2026, 1:18:14 PM [32m    LOG[39m [38;5;3m[RouterExplorer] [39m[32mMapped {/teachers/my-assignments/:id/attendance-sheet, GET} route[39m[38;5;3m +0ms[39m
[32m[Nest] 14348  - [39m08/06/2026, 1:18:14 PM [32m    LOG[39m [38;5;3m[RouterExplorer] [39m[32mMapped {/teachers, GET} route[39m[38;5;3m +0ms[39m
[32m[Nest] 14348  - [39m08/06/2026, 1:18:14 PM [32m    LOG[39m [38;5;3m[RouterExplorer] [39m[32mMapped {/teachers/:id/lock, POST} route[39m[38;5;3m +0ms[39m
[32m[Nest] 14348  - [39m08/06/2026, 1:18:14 PM [32m    LOG[39m [38;5;3m[RouterExplorer] [39m[32mMapped {/teachers/:id/unlock, POST} route[39m[38;5;3m +0ms[39m
[32m[Nest] 14348  - [39m08/06/2026, 1:18:14 PM [32m    LOG[39m [38;5;3m[RouterExplorer] [39m[32mMapped {/teachers/:id, GET} route[39m[38;5;3m +0ms[39m
[32m[Nest] 14348  - [39m08/06/2026, 1:18:14 PM [32m    LOG[39m [38;5;3m[RouterExplorer] [39m[32mMapped {/teachers, POST} route[39m[38;5;3m +0ms[39m
[32m[Nest] 14348  - [39m08/06/2026, 1:18:14 PM [32m    LOG[39m [38;5;3m[RouterExplorer] [39m[32mMapped {/teachers/:id, PATCH} route[39m[38;5;3m +1ms[39m
[32m[Nest] 14348  - [39m08/06/2026, 1:18:14 PM [32m    LOG[39m [38;5;3m[RouterExplorer] [39m[32mMapped {/teachers/:id, DELETE} route[39m[38;5;3m +0ms[39m
[32m[Nest] 14348  - [39m08/06/2026, 1:18:14 PM [32m    LOG[39m [38;5;3m[RoutesResolver] [39m[32mSubjectsController {/subjects}:[39m[38;5;3m +0ms[39m
[32m[Nest] 14348  - [39m08/06/2026, 1:18:14 PM [32m    LOG[39m [38;5;3m[RouterExplorer] [39m[32mMapped {/subjects, GET} route[39m[38;5;3m +0ms[39m
[32m[Nest] 14348  - [39m08/06/2026, 1:18:14 PM [32m    LOG[39m [38;5;3m[RouterExplorer] [39m[32mMapped {/subjects/:id, GET} route[39m[38;5;3m +0ms[39m
[32m[Nest] 14348  - [39m08/06/2026, 1:18:14 PM [32m    LOG[39m [38;5;3m[RouterExplorer] [39m[32mMapped {/subjects/:id/chapters, GET} route[39m[38;5;3m +1ms[39m
[32m[Nest] 14348  - [39m08/06/2026, 1:18:14 PM [32m    LOG[39m [38;5;3m[RouterExplorer] [39m[32mMapped {/subjects/:id/enrollments, GET} route[39m[38;5;3m +0ms[39m
[32m[Nest] 14348  - [39m08/06/2026, 1:18:14 PM [32m    LOG[39m [38;5;3m[RouterExplorer] [39m[32mMapped {/subjects/:id/enroll-students, POST} route[39m[38;5;3m +0ms[39m
[32m[Nest] 14348  - [39m08/06/2026, 1:18:14 PM [32m    LOG[39m [38;5;3m[RouterExplorer] [39m[32mMapped {/subjects, POST} route[39m[38;5;3m +0ms[39m
[32m[Nest] 14348  - [39m08/06/2026, 1:18:14 PM [32m    LOG[39m [38;5;3m[RouterExplorer] [39m[32mMapped {/subjects/:id, PATCH} route[39m[38;5;3m +0ms[39m
[32m[Nest] 14348  - [39m08/06/2026, 1:18:14 PM [32m    LOG[39m [38;5;3m[RouterExplorer] [39m[32mMapped {/subjects/:id, DELETE} route[39m[38;5;3m +0ms[39m
[32m[Nest] 14348  - [39m08/06/2026, 1:18:14 PM [32m    LOG[39m [38;5;3m[RoutesResolver] [39m[32mExamRoomsController {/exam-rooms}:[39m[38;5;3m +0ms[39m
[32m[Nest] 14348  - [39m08/06/2026, 1:18:14 PM [32m    LOG[39m [38;5;3m[RouterExplorer] [39m[32mMapped {/exam-rooms, GET} route[39m[38;5;3m +1ms[39m
[32m[Nest] 14348  - [39m08/06/2026, 1:18:14 PM [32m    LOG[39m [38;5;3m[RouterExplorer] [39m[32mMapped {/exam-rooms/:id, GET} route[39m[38;5;3m +0ms[39m
[32m[Nest] 14348  - [39m08/06/2026, 1:18:14 PM [32m    LOG[39m [38;5;3m[RouterExplorer] [39m[32mMapped {/exam-rooms/:id/lock, POST} route[39m[38;5;3m +0ms[39m
[32m[Nest] 14348  - [39m08/06/2026, 1:18:14 PM [32m    LOG[39m [38;5;3m[RouterExplorer] [39m[32mMapped {/exam-rooms/:id/unlock, POST} route[39m[38;5;3m +0ms[39m
[32m[Nest] 14348  - [39m08/06/2026, 1:18:14 PM [32m    LOG[39m [38;5;3m[RouterExplorer] [39m[32mMapped {/exam-rooms, POST} route[39m[38;5;3m +0ms[39m
[32m[Nest] 14348  - [39m08/06/2026, 1:18:14 PM [32m    LOG[39m [38;5;3m[RouterExplorer] [39m[32mMapped {/exam-rooms/:id, PATCH} route[39m[38;5;3m +0ms[39m
[32m[Nest] 14348  - [39m08/06/2026, 1:18:14 PM [32m    LOG[39m [38;5;3m[RouterExplorer] [39m[32mMapped {/exam-rooms/:id, DELETE} route[39m[38;5;3m +0ms[39m
[32m[Nest] 14348  - [39m08/06/2026, 1:18:14 PM [32m    LOG[39m [38;5;3m[RoutesResolver] [39m[32mExamPeriodsController {/exam-periods}:[39m[38;5;3m +0ms[39m
[32m[Nest] 14348  - [39m08/06/2026, 1:18:14 PM [32m    LOG[39m [38;5;3m[RouterExplorer] [39m[32mMapped {/exam-periods, GET} route[39m[38;5;3m +1ms[39m
[32m[Nest] 14348  - [39m08/06/2026, 1:18:14 PM [32m    LOG[39m [38;5;3m[RouterExplorer] [39m[32mMapped {/exam-periods/:id, GET} route[39m[38;5;3m +0ms[39m
[32m[Nest] 14348  - [39m08/06/2026, 1:18:14 PM [32m    LOG[39m [38;5;3m[RouterExplorer] [39m[32mMapped {/exam-periods, POST} route[39m[38;5;3m +0ms[39m
[32m[Nest] 14348  - [39m08/06/2026, 1:18:14 PM [32m    LOG[39m [38;5;3m[RouterExplorer] [39m[32mMapped {/exam-periods/:id, PATCH} route[39m[38;5;3m +0ms[39m
[32m[Nest] 14348  - [39m08/06/2026, 1:18:14 PM [32m    LOG[39m [38;5;3m[RouterExplorer] [39m[32mMapped {/exam-periods/:id, DELETE} route[39m[38;5;3m +0ms[39m
[32m[Nest] 14348  - [39m08/06/2026, 1:18:14 PM [32m    LOG[39m [38;5;3m[RouterExplorer] [39m[32mMapped {/exam-periods/:id/lock, POST} route[39m[38;5;3m +1ms[39m
[32m[Nest] 14348  - [39m08/06/2026, 1:18:14 PM [32m    LOG[39m [38;5;3m[RouterExplorer] [39m[32mMapped {/exam-periods/:id/unlock, POST} route[39m[38;5;3m +0ms[39m
[32m[Nest] 14348  - [39m08/06/2026, 1:18:14 PM [32m    LOG[39m [38;5;3m[RoutesResolver] [39m[32mExamSchedulesController {/exam-schedules}:[39m[38;5;3m +0ms[39m
[32m[Nest] 14348  - [39m08/06/2026, 1:18:14 PM [32m    LOG[39m [38;5;3m[RouterExplorer] [39m[32mMapped {/exam-schedules, GET} route[39m[38;5;3m +2ms[39m
[32m[Nest] 14348  - [39m08/06/2026, 1:18:14 PM [32m    LOG[39m [38;5;3m[RouterExplorer] [39m[32mMapped {/exam-schedules/conflicts, GET} route[39m[38;5;3m +0ms[39m
[32m[Nest] 14348  - [39m08/06/2026, 1:18:14 PM [32m    LOG[39m [38;5;3m[RouterExplorer] [39m[32mMapped {/exam-schedules/trash, GET} route[39m[38;5;3m +0ms[39m
[32m[Nest] 14348  - [39m08/06/2026, 1:18:14 PM [32m    LOG[39m [38;5;3m[RouterExplorer] [39m[32mMapped {/exam-schedules/auto-preview, POST} route[39m[38;5;3m +1ms[39m
[32m[Nest] 14348  - [39m08/06/2026, 1:18:14 PM [32m    LOG[39m [38;5;3m[RouterExplorer] [39m[32mMapped {/exam-schedules/auto-apply, POST} route[39m[38;5;3m +0ms[39m
[32m[Nest] 14348  - [39m08/06/2026, 1:18:14 PM [32m    LOG[39m [38;5;3m[RouterExplorer] [39m[32mMapped {/exam-schedules/:id/lock, POST} route[39m[38;5;3m +0ms[39m
[32m[Nest] 14348  - [39m08/06/2026, 1:18:14 PM [32m    LOG[39m [38;5;3m[RouterExplorer] [39m[32mMapped {/exam-schedules/:id/unlock, POST} route[39m[38;5;3m +0ms[39m
[32m[Nest] 14348  - [39m08/06/2026, 1:18:14 PM [32m    LOG[39m [38;5;3m[RouterExplorer] [39m[32mMapped {/exam-schedules/:id, GET} route[39m[38;5;3m +0ms[39m
[32m[Nest] 14348  - [39m08/06/2026, 1:18:14 PM [32m    LOG[39m [38;5;3m[RouterExplorer] [39m[32mMapped {/exam-schedules, POST} route[39m[38;5;3m +0ms[39m
[32m[Nest] 14348  - [39m08/06/2026, 1:18:14 PM [32m    LOG[39m [38;5;3m[RouterExplorer] [39m[32mMapped {/exam-schedules/:id, PATCH} route[39m[38;5;3m +0ms[39m
[32m[Nest] 14348  - [39m08/06/2026, 1:18:14 PM [32m    LOG[39m [38;5;3m[RouterExplorer] [39m[32mMapped {/exam-schedules/:id, DELETE} route[39m[38;5;3m +1ms[39m
[32m[Nest] 14348  - [39m08/06/2026, 1:18:14 PM [32m    LOG[39m [38;5;3m[RouterExplorer] [39m[32mMapped {/exam-schedules/:id/reopen-entry, POST} route[39m[38;5;3m +0ms[39m
[32m[Nest] 14348  - [39m08/06/2026, 1:18:14 PM [32m    LOG[39m [38;5;3m[RouterExplorer] [39m[32mMapped {/exam-schedules/:id/restore, POST} route[39m[38;5;3m +0ms[39m
[32m[Nest] 14348  - [39m08/06/2026, 1:18:14 PM [32m    LOG[39m [38;5;3m[RoutesResolver] [39m[32mExamArrangementController {/exam-arrangement}:[39m[38;5;3m +0ms[39m
[32m[Nest] 14348  - [39m08/06/2026, 1:18:14 PM [32m    LOG[39m [38;5;3m[RouterExplorer] [39m[32mMapped {/exam-arrangement/auto-arrange, POST} route[39m[38;5;3m +1ms[39m
[32m[Nest] 14348  - [39m08/06/2026, 1:18:14 PM [32m    LOG[39m [38;5;3m[RouterExplorer] [39m[32mMapped {/exam-arrangement/preview, POST} route[39m[38;5;3m +0ms[39m
[32m[Nest] 14348  - [39m08/06/2026, 1:18:14 PM [32m    LOG[39m [38;5;3m[RouterExplorer] [39m[32mMapped {/exam-arrangement/result, GET} route[39m[38;5;3m +0ms[39m
[32m[Nest] 14348  - [39m08/06/2026, 1:18:14 PM [32m    LOG[39m [38;5;3m[RouterExplorer] [39m[32mMapped {/exam-arrangement/room-availability, GET} route[39m[38;5;3m +0ms[39m
[32m[Nest] 14348  - [39m08/06/2026, 1:18:14 PM [32m    LOG[39m [38;5;3m[RouterExplorer] [39m[32mMapped {/exam-arrangement/reset/:examScheduleId, DELETE} route[39m[38;5;3m +0ms[39m
[32m[Nest] 14348  - [39m08/06/2026, 1:18:14 PM [32m    LOG[39m [38;5;3m[RouterExplorer] [39m[32mMapped {/exam-arrangement/history, GET} route[39m[38;5;3m +1ms[39m
[32m[Nest] 14348  - [39m08/06/2026, 1:18:14 PM [32m    LOG[39m [38;5;3m[RoutesResolver] [39m[32mExamSupervisorsController {/exam-supervisors}:[39m[38;5;3m +0ms[39m
[32m[Nest] 14348  - [39m08/06/2026, 1:18:14 PM [32m    LOG[39m [38;5;3m[RouterExplorer] [39m[32mMapped {/exam-supervisors/assign, POST} route[39m[38;5;3m +0ms[39m
[32m[Nest] 14348  - [39m08/06/2026, 1:18:14 PM [32m    LOG[39m [38;5;3m[RouterExplorer] [39m[32mMapped {/exam-supervisors/auto-preview, POST} route[39m[38;5;3m +0ms[39m
[32m[Nest] 14348  - [39m08/06/2026, 1:18:14 PM [32m    LOG[39m [38;5;3m[RouterExplorer] [39m[32mMapped {/exam-supervisors/auto-assign, POST} route[39m[38;5;3m +0ms[39m
[32m[Nest] 14348  - [39m08/06/2026, 1:18:14 PM [32m    LOG[39m [38;5;3m[RouterExplorer] [39m[32mMapped {/exam-supervisors, GET} route[39m[38;5;3m +0ms[39m
[32m[Nest] 14348  - [39m08/06/2026, 1:18:14 PM [32m    LOG[39m [38;5;3m[RouterExplorer] [39m[32mMapped {/exam-supervisors/:id/status, PATCH} route[39m[38;5;3m +0ms[39m
[32m[Nest] 14348  - [39m08/06/2026, 1:18:14 PM [32m    LOG[39m [38;5;3m[RouterExplorer] [39m[32mMapped {/exam-supervisors/:id, DELETE} route[39m[38;5;3m +0ms[39m
[32m[Nest] 14348  - [39m08/06/2026, 1:18:14 PM [32m    LOG[39m [38;5;3m[RoutesResolver] [39m[32mQuestionsController {/questions}:[39m[38;5;3m +0ms[39m
[32m[Nest] 14348  - [39m08/06/2026, 1:18:14 PM [32m    LOG[39m [38;5;3m[RouterExplorer] [39m[32mMapped {/questions, GET} route[39m[38;5;3m +1ms[39m
[32m[Nest] 14348  - [39m08/06/2026, 1:18:14 PM [32m    LOG[39m [38;5;3m[RouterExplorer] [39m[32mMapped {/questions/statistics, GET} route[39m[38;5;3m +0ms[39m
[32m[Nest] 14348  - [39m08/06/2026, 1:18:14 PM [32m    LOG[39m [38;5;3m[RouterExplorer] [39m[32mMapped {/questions/filter-options, GET} route[39m[38;5;3m +0ms[39m
[32m[Nest] 14348  - [39m08/06/2026, 1:18:14 PM [32m    LOG[39m [38;5;3m[RouterExplorer] [39m[32mMapped {/questions/import/template, GET} route[39m[38;5;3m +0ms[39m
[32m[Nest] 14348  - [39m08/06/2026, 1:18:14 PM [32m    LOG[39m [38;5;3m[RouterExplorer] [39m[32mMapped {/questions/media/preview, POST} route[39m[38;5;3m +1ms[39m
[32m[Nest] 14348  - [39m08/06/2026, 1:18:14 PM [32m    LOG[39m [38;5;3m[RouterExplorer] [39m[32mMapped {/questions/media/upload, POST} route[39m[38;5;3m +0ms[39m
[32m[Nest] 14348  - [39m08/06/2026, 1:18:14 PM [32m    LOG[39m [38;5;3m[RouterExplorer] [39m[32mMapped {/questions/media/:id, DELETE} route[39m[38;5;3m +0ms[39m
[32m[Nest] 14348  - [39m08/06/2026, 1:18:14 PM [32m    LOG[39m [38;5;3m[RouterExplorer] [39m[32mMapped {/questions/export, POST} route[39m[38;5;3m +0ms[39m
[32m[Nest] 14348  - [39m08/06/2026, 1:18:14 PM [32m    LOG[39m [38;5;3m[RouterExplorer] [39m[32mMapped {/questions/bulk-action, POST} route[39m[38;5;3m +1ms[39m
[32m[Nest] 14348  - [39m08/06/2026, 1:18:14 PM [32m    LOG[39m [38;5;3m[RouterExplorer] [39m[32mMapped {/questions/import/preview, POST} route[39m[38;5;3m +0ms[39m
[32m[Nest] 14348  - [39m08/06/2026, 1:18:14 PM [32m    LOG[39m [38;5;3m[RouterExplorer] [39m[32mMapped {/questions/import/confirm, POST} route[39m[38;5;3m +0ms[39m
[32m[Nest] 14348  - [39m08/06/2026, 1:18:14 PM [32m    LOG[39m [38;5;3m[RouterExplorer] [39m[32mMapped {/questions/ai-generate, POST} route[39m[38;5;3m +0ms[39m
[32m[Nest] 14348  - [39m08/06/2026, 1:18:14 PM [32m    LOG[39m [38;5;3m[RouterExplorer] [39m[32mMapped {/questions/ai-save, POST} route[39m[38;5;3m +0ms[39m
[32m[Nest] 14348  - [39m08/06/2026, 1:18:14 PM [32m    LOG[39m [38;5;3m[RouterExplorer] [39m[32mMapped {/questions/ai-extract-text, POST} route[39m[38;5;3m +0ms[39m
[32m[Nest] 14348  - [39m08/06/2026, 1:18:14 PM [32m    LOG[39m [38;5;3m[RouterExplorer] [39m[32mMapped {/questions, POST} route[39m[38;5;3m +0ms[39m
[32m[Nest] 14348  - [39m08/06/2026, 1:18:14 PM [32m    LOG[39m [38;5;3m[RouterExplorer] [39m[32mMapped {/questions/:id, GET} route[39m[38;5;3m +0ms[39m
[32m[Nest] 14348  - [39m08/06/2026, 1:18:14 PM [32m    LOG[39m [38;5;3m[RouterExplorer] [39m[32mMapped {/questions/:id, PATCH} route[39m[38;5;3m +1ms[39m
[32m[Nest] 14348  - [39m08/06/2026, 1:18:14 PM [32m    LOG[39m [38;5;3m[RouterExplorer] [39m[32mMapped {/questions/:id/duplicate, POST} route[39m[38;5;3m +0ms[39m
[32m[Nest] 14348  - [39m08/06/2026, 1:18:14 PM [32m    LOG[39m [38;5;3m[RouterExplorer] [39m[32mMapped {/questions/:id/submit, POST} route[39m[38;5;3m +0ms[39m
[32m[Nest] 14348  - [39m08/06/2026, 1:18:14 PM [32m    LOG[39m [38;5;3m[RouterExplorer] [39m[32mMapped {/questions/:id/approve, POST} route[39m[38;5;3m +0ms[39m
[32m[Nest] 14348  - [39m08/06/2026, 1:18:14 PM [32m    LOG[39m [38;5;3m[RouterExplorer] [39m[32mMapped {/questions/:id/reject, POST} route[39m[38;5;3m +0ms[39m
[32m[Nest] 14348  - [39m08/06/2026, 1:18:14 PM [32m    LOG[39m [38;5;3m[RouterExplorer] [39m[32mMapped {/questions/:id/archive, POST} route[39m[38;5;3m +0ms[39m
[32m[Nest] 14348  - [39m08/06/2026, 1:18:14 PM [32m    LOG[39m [38;5;3m[RouterExplorer] [39m[32mMapped {/questions/:id/restore, POST} route[39m[38;5;3m +0ms[39m
[32m[Nest] 14348  - [39m08/06/2026, 1:18:14 PM [32m    LOG[39m [38;5;3m[RouterExplorer] [39m[32mMapped {/questions/:id, DELETE} route[39m[38;5;3m +0ms[39m
[32m[Nest] 14348  - [39m08/06/2026, 1:18:14 PM [32m    LOG[39m [38;5;3m[RoutesResolver] [39m[32mExamPapersController {/exam-papers}:[39m[38;5;3m +0ms[39m
[32m[Nest] 14348  - [39m08/06/2026, 1:18:14 PM [32m    LOG[39m [38;5;3m[RouterExplorer] [39m[32mMapped {/exam-papers/create-random, POST} route[39m[38;5;3m +1ms[39m
[32m[Nest] 14348  - [39m08/06/2026, 1:18:14 PM [32m    LOG[39m [38;5;3m[RouterExplorer] [39m[32mMapped {/exam-papers/preview-random, POST} route[39m[38;5;3m +0ms[39m
[32m[Nest] 14348  - [39m08/06/2026, 1:18:14 PM [32m    LOG[39m [38;5;3m[RouterExplorer] [39m[32mMapped {/exam-papers, GET} route[39m[38;5;3m +0ms[39m
[32m[Nest] 14348  - [39m08/06/2026, 1:18:14 PM [32m    LOG[39m [38;5;3m[RouterExplorer] [39m[32mMapped {/exam-papers/:id, GET} route[39m[38;5;3m +0ms[39m
[32m[Nest] 14348  - [39m08/06/2026, 1:18:14 PM [32m    LOG[39m [38;5;3m[RouterExplorer] [39m[32mMapped {/exam-papers/:id/publish, POST} route[39m[38;5;3m +0ms[39m
[32m[Nest] 14348  - [39m08/06/2026, 1:18:14 PM [32m    LOG[39m [38;5;3m[RouterExplorer] [39m[32mMapped {/exam-papers/:id/archive, POST} route[39m[38;5;3m +0ms[39m
[32m[Nest] 14348  - [39m08/06/2026, 1:18:14 PM [32m    LOG[39m [38;5;3m[RouterExplorer] [39m[32mMapped {/exam-papers/:id/restore, POST} route[39m[38;5;3m +0ms[39m
[32m[Nest] 14348  - [39m08/06/2026, 1:18:14 PM [32m    LOG[39m [38;5;3m[RouterExplorer] [39m[32mMapped {/exam-papers/:id, DELETE} route[39m[38;5;3m +1ms[39m
[32m[Nest] 14348  - [39m08/06/2026, 1:18:14 PM [32m    LOG[39m [38;5;3m[RoutesResolver] [39m[32mDashboardController {/dashboard}:[39m[38;5;3m +0ms[39m
[32m[Nest] 14348  - [39m08/06/2026, 1:18:14 PM [32m    LOG[39m [38;5;3m[RouterExplorer] [39m[32mMapped {/dashboard/overview, GET} route[39m[38;5;3m +0ms[39m
[32m[Nest] 14348  - [39m08/06/2026, 1:18:14 PM [32m    LOG[39m [38;5;3m[RoutesResolver] [39m[32mOnlineExamsController {/online-exams}:[39m[38;5;3m +0ms[39m
[32m[Nest] 14348  - [39m08/06/2026, 1:18:14 PM [32m    LOG[39m [38;5;3m[RouterExplorer] [39m[32mMapped {/online-exams/schedule/:scheduleId/check-eligibility, GET} route[39m[38;5;3m +0ms[39m
[32m[Nest] 14348  - [39m08/06/2026, 1:18:14 PM [32m    LOG[39m [38;5;3m[RouterExplorer] [39m[32mMapped {/online-exams/schedule/:scheduleId/start, POST} route[39m[38;5;3m +0ms[39m
[32m[Nest] 14348  - [39m08/06/2026, 1:18:14 PM [32m    LOG[39m [38;5;3m[RouterExplorer] [39m[32mMapped {/online-exams/attempt/:token/questions, GET} route[39m[38;5;3m +0ms[39m
[32m[Nest] 14348  - [39m08/06/2026, 1:18:14 PM [32m    LOG[39m [38;5;3m[RouterExplorer] [39m[32mMapped {/online-exams/attempt/:token/answers/save, POST} route[39m[38;5;3m +0ms[39m
[32m[Nest] 14348  - [39m08/06/2026, 1:18:14 PM [32m    LOG[39m [38;5;3m[RouterExplorer] [39m[32mMapped {/online-exams/attempt/:token/heartbeat, POST} route[39m[38;5;3m +0ms[39m
[32m[Nest] 14348  - [39m08/06/2026, 1:18:14 PM [32m    LOG[39m [38;5;3m[RouterExplorer] [39m[32mMapped {/online-exams/attempt/:token/events, POST} route[39m[38;5;3m +1ms[39m
[32m[Nest] 14348  - [39m08/06/2026, 1:18:14 PM [32m    LOG[39m [38;5;3m[RouterExplorer] [39m[32mMapped {/online-exams/attempt/:token/submit, POST} route[39m[38;5;3m +0ms[39m
[32m[Nest] 14348  - [39m08/06/2026, 1:18:14 PM [32m    LOG[39m [38;5;3m[RouterExplorer] [39m[32mMapped {/online-exams/attempt/:attemptId/result, GET} route[39m[38;5;3m +0ms[39m
[32m[Nest] 14348  - [39m08/06/2026, 1:18:14 PM [32m    LOG[39m [38;5;3m[RouterExplorer] [39m[32mMapped {/online-exams/attempt/:attemptId/appeal, POST} route[39m[38;5;3m +0ms[39m
[32m[Nest] 14348  - [39m08/06/2026, 1:18:14 PM [32m    LOG[39m [38;5;3m[RouterExplorer] [39m[32mMapped {/online-exams/schedule/:scheduleId/grade-report, GET} route[39m[38;5;3m +0ms[39m
[32m[Nest] 14348  - [39m08/06/2026, 1:18:14 PM [32m    LOG[39m [38;5;3m[RoutesResolver] [39m[32mProctorController {/proctor}:[39m[38;5;3m +0ms[39m
[32m[Nest] 14348  - [39m08/06/2026, 1:18:14 PM [32m    LOG[39m [38;5;3m[RouterExplorer] [39m[32mMapped {/proctor/live-dashboard/:scheduleRoomId, GET} route[39m[38;5;3m +0ms[39m
[32m[Nest] 14348  - [39m08/06/2026, 1:18:14 PM [32m    LOG[39m [38;5;3m[RouterExplorer] [39m[32mMapped {/proctor/attempt/:attemptId/extend-time, POST} route[39m[38;5;3m +1ms[39m
[32m[Nest] 14348  - [39m08/06/2026, 1:18:14 PM [32m    LOG[39m [38;5;3m[RouterExplorer] [39m[32mMapped {/proctor/attempt/:attemptId/reopen, POST} route[39m[38;5;3m +0ms[39m
[32m[Nest] 14348  - [39m08/06/2026, 1:18:14 PM [32m    LOG[39m [38;5;3m[RouterExplorer] [39m[32mMapped {/proctor/attempt/:attemptId/flag-incident, POST} route[39m[38;5;3m +0ms[39m
[32m[Nest] 14348  - [39m08/06/2026, 1:18:14 PM [32m    LOG[39m [38;5;3m[RouterExplorer] [39m[32mMapped {/proctor/attempt/:attemptId/resolve-incident, POST} route[39m[38;5;3m +2ms[39m
[32m[Nest] 14348  - [39m08/06/2026, 1:18:14 PM [32m    LOG[39m [38;5;3m[RoutesResolver] [39m[32mEssayController {/essay}:[39m[38;5;3m +1ms[39m
[32m[Nest] 14348  - [39m08/06/2026, 1:18:14 PM [32m    LOG[39m [38;5;3m[RouterExplorer] [39m[32mMapped {/essay/questions/:questionId/rubric, GET} route[39m[38;5;3m +1ms[39m
[32m[Nest] 14348  - [39m08/06/2026, 1:18:14 PM [32m    LOG[39m [38;5;3m[RouterExplorer] [39m[32mMapped {/essay/questions/:questionId/rubric, POST} route[39m[38;5;3m +1ms[39m
[32m[Nest] 14348  - [39m08/06/2026, 1:18:14 PM [32m    LOG[39m [38;5;3m[RouterExplorer] [39m[32mMapped {/essay/grading/assignments, GET} route[39m[38;5;3m +0ms[39m
[32m[Nest] 14348  - [39m08/06/2026, 1:18:14 PM [32m    LOG[39m [38;5;3m[RouterExplorer] [39m[32mMapped {/essay/grading/attempts/:attemptId, GET} route[39m[38;5;3m +0ms[39m
[32m[Nest] 14348  - [39m08/06/2026, 1:18:14 PM [32m    LOG[39m [38;5;3m[RouterExplorer] [39m[32mMapped {/essay/grading/answers/:answerId, PATCH} route[39m[38;5;3m +0ms[39m
[32m[Nest] 14348  - [39m08/06/2026, 1:18:14 PM [32m    LOG[39m [38;5;3m[RouterExplorer] [39m[32mMapped {/essay/grading/attempts/:attemptId/submit, POST} route[39m[38;5;3m +0ms[39m
[32m[Nest] 14348  - [39m08/06/2026, 1:18:14 PM [32m    LOG[39m [38;5;3m[RouterExplorer] [39m[32mMapped {/essay/grading/attempts/:attemptId/approve, POST} route[39m[38;5;3m +0ms[39m
[32m[Nest] 14348  - [39m08/06/2026, 1:18:14 PM [32m    LOG[39m [38;5;3m[RouterExplorer] [39m[32mMapped {/essay/grading/attempts/:attemptId/publish, POST} route[39m[38;5;3m +0ms[39m
[32m[Nest] 14348  - [39m08/06/2026, 1:18:14 PM [32m    LOG[39m [38;5;3m[RouterExplorer] [39m[32mMapped {/essay/grading/attempts/:attemptId/reopen, POST} route[39m[38;5;3m +1ms[39m
[32m[Nest] 14348  - [39m08/06/2026, 1:18:14 PM [32m    LOG[39m [38;5;3m[RouterExplorer] [39m[32mMapped {/essay/grading/attempts/:attemptId/extend-time, POST} route[39m[38;5;3m +0ms[39m
[32m[Nest] 14348  - [39m08/06/2026, 1:18:14 PM [32m    LOG[39m [38;5;3m[RouterExplorer] [39m[32mMapped {/essay/grading/attempts/:attemptId/penalty, POST} route[39m[38;5;3m +0ms[39m
[32m[Nest] 14348  - [39m08/06/2026, 1:18:14 PM [32m    LOG[39m [38;5;3m[RouterExplorer] [39m[32mMapped {/essay/attempt/:token/answers/:questionId/files, POST} route[39m[38;5;3m +0ms[39m
[32m[Nest] 14348  - [39m08/06/2026, 1:18:14 PM [32m    LOG[39m [38;5;3m[RoutesResolver] [39m[32mEssayGradingController {/essay-grading}:[39m[38;5;3m +1ms[39m
[32m[Nest] 14348  - [39m08/06/2026, 1:18:14 PM [32m    LOG[39m [38;5;3m[RouterExplorer] [39m[32mMapped {/essay-grading/assignments, GET} route[39m[38;5;3m +0ms[39m
[32m[Nest] 14348  - [39m08/06/2026, 1:18:14 PM [32m    LOG[39m [38;5;3m[RouterExplorer] [39m[32mMapped {/essay-grading/attempts/:attemptId, GET} route[39m[38;5;3m +0ms[39m
[32m[Nest] 14348  - [39m08/06/2026, 1:18:14 PM [32m    LOG[39m [38;5;3m[RouterExplorer] [39m[32mMapped {/essay-grading/answers/:answerId, PATCH} route[39m[38;5;3m +0ms[39m
[32m[Nest] 14348  - [39m08/06/2026, 1:18:14 PM [32m    LOG[39m [38;5;3m[RouterExplorer] [39m[32mMapped {/essay-grading/answers/:answerId/ai-suggest, POST} route[39m[38;5;3m +1ms[39m
[32m[Nest] 14348  - [39m08/06/2026, 1:18:14 PM [32m    LOG[39m [38;5;3m[RouterExplorer] [39m[32mMapped {/essay-grading/attempts/:attemptId/submit, POST} route[39m[38;5;3m +0ms[39m
[32m[Nest] 14348  - [39m08/06/2026, 1:18:14 PM [32m    LOG[39m [38;5;3m[RouterExplorer] [39m[32mMapped {/essay-grading/attempts/:attemptId/approve, POST} route[39m[38;5;3m +0ms[39m
[32m[Nest] 14348  - [39m08/06/2026, 1:18:14 PM [32m    LOG[39m [38;5;3m[RouterExplorer] [39m[32mMapped {/essay-grading/attempts/:attemptId/publish, POST} route[39m[38;5;3m +0ms[39m
[32m[Nest] 14348  - [39m08/06/2026, 1:18:14 PM [32m    LOG[39m [38;5;3m[RouterExplorer] [39m[32mMapped {/essay-grading/attempts/:attemptId/reopen, POST} route[39m[38;5;3m +0ms[39m
[32m[Nest] 14348  - [39m08/06/2026, 1:18:14 PM [32m    LOG[39m [38;5;3m[RouterExplorer] [39m[32mMapped {/essay-grading/attempts/:attemptId/extend-time, POST} route[39m[38;5;3m +1ms[39m
[32m[Nest] 14348  - [39m08/06/2026, 1:18:14 PM [32m    LOG[39m [38;5;3m[RouterExplorer] [39m[32mMapped {/essay-grading/attempts/:attemptId/penalty, POST} route[39m[38;5;3m +0ms[39m
[32m[Nest] 14348  - [39m08/06/2026, 1:18:14 PM [32m    LOG[39m [38;5;3m[RoutesResolver] [39m[32mEssayConfigController {/online-exam-config}:[39m[38;5;3m +0ms[39m
[32m[Nest] 14348  - [39m08/06/2026, 1:18:14 PM [32m    LOG[39m [38;5;3m[RouterExplorer] [39m[32mMapped {/online-exam-config/:scheduleId/essay, PATCH} route[39m[38;5;3m +0ms[39m
[32m[Nest] 14348  - [39m08/06/2026, 1:18:14 PM [32m    LOG[39m [38;5;3m[RoutesResolver] [39m[32mContactController {/contact}:[39m[38;5;3m +0ms[39m
[32m[Nest] 14348  - [39m08/06/2026, 1:18:14 PM [32m    LOG[39m [38;5;3m[RouterExplorer] [39m[32mMapped {/contact/send, POST} route[39m[38;5;3m +0ms[39m
[32m[Nest] 14348  - [39m08/06/2026, 1:18:14 PM [32m    LOG[39m [38;5;3m[NestApplication] [39m[32mNest application successfully started[39m[38;5;3m +170ms[39m
Backend Application is running on: http://localhost:3001
[33m[Nest] 14348  - [39m08/06/2026, 1:18:25 PM [33m   WARN[39m [38;5;3m[HTTP-ERROR] [39m[33m[31m[GET] /dashboard/overview - Status 401 - Error: {"message":"Phiên đăng nhập không hợp lệ hoặc đã hết hạn.","error":"Unauthorized","statusCode":401}[0m[39m
[32m[Nest] 14348  - [39m08/06/2026, 1:18:31 PM [32m    LOG[39m [38;5;3m[HTTP] [39m[32m[POST] /auth/login - Finished in 252ms[39m
[32m[Nest] 14348  - [39m08/06/2026, 1:18:31 PM [32m    LOG[39m [38;5;3m[HTTP] [39m[32m[GET] /dashboard/overview - Finished in 171ms[39m
[32m[Nest] 14348  - [39m08/06/2026, 1:18:47 PM [32m    LOG[39m [38;5;3m[HTTP] [39m[32m[POST] /auth/login - Finished in 131ms[39m
[32m[Nest] 14348  - [39m08/06/2026, 1:18:47 PM [32m    LOG[39m [38;5;3m[HTTP] [39m[32m[GET] /questions/statistics - Finished in 26ms[39m
[32m[Nest] 14348  - [39m08/06/2026, 1:18:47 PM [32m    LOG[39m [38;5;3m[HTTP] [39m[32m[GET] /dashboard/overview - Finished in 74ms[39m
[32m[Nest] 14348  - [39m08/06/2026, 1:18:47 PM [32m    LOG[39m [38;5;3m[HTTP] [39m[32m[GET] /exam-rooms - Finished in 12ms[39m
[32m[Nest] 14348  - [39m08/06/2026, 1:18:47 PM [32m    LOG[39m [38;5;3m[HTTP] [39m[32m[GET] /classes - Finished in 28ms[39m
[32m[Nest] 14348  - [39m08/06/2026, 1:18:47 PM [32m    LOG[39m [38;5;3m[HTTP] [39m[32m[GET] /students?page=1&limit=20 - Finished in 30ms[39m
[32m[Nest] 14348  - [39m08/06/2026, 1:18:47 PM [32m    LOG[39m [38;5;3m[HTTP] [39m[32m[GET] /teachers - Finished in 6ms[39m
[32m[Nest] 14348  - [39m08/06/2026, 1:18:47 PM [32m    LOG[39m [38;5;3m[HTTP] [39m[32m[GET] /subjects - Finished in 44ms[39m
[32m[Nest] 14348  - [39m08/06/2026, 1:18:47 PM [32m    LOG[39m [38;5;3m[HTTP] [39m[32m[GET] /questions/statistics - Finished in 16ms[39m
[32m[Nest] 14348  - [39m08/06/2026, 1:18:47 PM [32m    LOG[39m [38;5;3m[HTTP] [39m[32m[GET] /departments - Finished in 44ms[39m
[32m[Nest] 14348  - [39m08/06/2026, 1:18:47 PM [32m    LOG[39m [38;5;3m[HTTP] [39m[32m[GET] /exam-periods - Finished in 19ms[39m
[32m[Nest] 14348  - [39m08/06/2026, 1:18:47 PM [32m    LOG[39m [38;5;3m[HTTP] [39m[32m[GET] /exam-arrangement/history - Finished in 20ms[39m
[32m[Nest] 14348  - [39m08/06/2026, 1:18:47 PM [32m    LOG[39m [38;5;3m[HTTP] [39m[32m[GET] /exam-schedules - Finished in 44ms[39m
[32m[Nest] 14348  - [39m08/06/2026, 1:18:47 PM [32m    LOG[39m [38;5;3m[HTTP] [39m[32m[GET] /dashboard/overview - Finished in 0ms[39m
[32m[Nest] 14348  - [39m08/06/2026, 1:18:47 PM [32m    LOG[39m [38;5;3m[HTTP] [39m[32m[GET] /questions/filter-options - Finished in 14ms[39m
[32m[Nest] 14348  - [39m08/06/2026, 1:18:47 PM [32m    LOG[39m [38;5;3m[HTTP] [39m[32m[GET] /dashboard/overview - Finished in 1ms[39m
[32m[Nest] 14348  - [39m08/06/2026, 1:18:47 PM [32m    LOG[39m [38;5;3m[HTTP] [39m[32m[GET] /exam-papers - Finished in 43ms[39m
[32m[Nest] 14348  - [39m08/06/2026, 1:18:47 PM [32m    LOG[39m [38;5;3m[HTTP] [39m[32m[GET] /questions/statistics - Finished in 15ms[39m
[32m[Nest] 14348  - [39m08/06/2026, 1:18:47 PM [32m    LOG[39m [38;5;3m[HTTP] [39m[32m[GET] /exam-schedules/trash - Finished in 57ms[39m
[32m[Nest] 14348  - [39m08/06/2026, 1:18:47 PM [32m    LOG[39m [38;5;3m[HTTP] [39m[32m[GET] /questions?page=1&limit=20 - Finished in 94ms[39m
[33m[Nest] 14348  - [39m08/06/2026, 1:18:54 PM [33m   WARN[39m [38;5;3m[HTTP-ERROR] [39m[33m[31m[GET] /dashboard/overview - Status 401 - Error: {"message":"Phiên đăng nhập không hợp lệ hoặc đã hết hạn.","error":"Unauthorized","statusCode":401}[0m[39m
[32m[Nest] 14348  - [39m08/06/2026, 1:19:13 PM [32m    LOG[39m [38;5;3m[HTTP] [39m[32m[GET] /exam-arrangement/room-availability?examScheduleId=7 - Finished in 22ms[39m
[32m[Nest] 14348  - [39m08/06/2026, 1:19:13 PM [32m    LOG[39m [38;5;3m[HTTP] [39m[32m[GET] /exam-arrangement/room-availability?examScheduleId=7 - Finished in 8ms[39m
[32m[Nest] 14348  - [39m08/06/2026, 1:19:13 PM [32m    LOG[39m [38;5;3m[HTTP] [39m[32m[GET] /exam-arrangement/room-availability?examScheduleId=7 - Finished in 7ms[39m
[32m[Nest] 14348  - [39m08/06/2026, 1:19:13 PM [32m    LOG[39m [38;5;3m[HTTP] [39m[32m[GET] /exam-arrangement/result?examScheduleId=7 - Finished in 18ms[39m
[32m[Nest] 14348  - [39m08/06/2026, 1:19:13 PM [32m    LOG[39m [38;5;3m[HTTP] [39m[32m[GET] /exam-arrangement/result?examScheduleId=7 - Finished in 7ms[39m
[32m[Nest] 14348  - [39m08/06/2026, 1:19:14 PM [32m    LOG[39m [38;5;3m[HTTP] [39m[32m[GET] /exam-arrangement/result?examScheduleId=7 - Finished in 9ms[39m
[32m[Nest] 14348  - [39m08/06/2026, 1:19:20 PM [32m    LOG[39m [38;5;3m[HTTP] [39m[32m[GET] /exam-arrangement/room-availability?examScheduleId=10 - Finished in 8ms[39m
[32m[Nest] 14348  - [39m08/06/2026, 1:19:20 PM [32m    LOG[39m [38;5;3m[HTTP] [39m[32m[GET] /exam-arrangement/result?examScheduleId=10 - Finished in 2ms[39m
[32m[Nest] 14348  - [39m08/06/2026, 1:19:21 PM [32m    LOG[39m [38;5;3m[HTTP] [39m[32m[POST] /exam-arrangement/preview - Finished in 64ms[39m
[32m[Nest] 14348  - [39m08/06/2026, 1:19:27 PM [32m    LOG[39m [38;5;3m[HTTP] [39m[32m[POST] /exam-arrangement/auto-arrange - Finished in 66ms[39m
[32m[Nest] 14348  - [39m08/06/2026, 1:19:27 PM [32m    LOG[39m [38;5;3m[HTTP] [39m[32m[GET] /exam-arrangement/result?examScheduleId=10 - Finished in 5ms[39m
[32m[Nest] 14348  - [39m08/06/2026, 1:19:27 PM [32m    LOG[39m [38;5;3m[HTTP] [39m[32m[GET] /exam-arrangement/history - Finished in 6ms[39m
[32m[Nest] 14348  - [39m08/06/2026, 1:19:34 PM [32m    LOG[39m [38;5;3m[HTTP] [39m[32m[GET] /questions/statistics - Finished in 11ms[39m
[32m[Nest] 14348  - [39m08/06/2026, 1:19:34 PM [32m    LOG[39m [38;5;3m[HTTP] [39m[32m[GET] /teachers - Finished in 5ms[39m
[32m[Nest] 14348  - [39m08/06/2026, 1:19:34 PM [32m    LOG[39m [38;5;3m[HTTP] [39m[32m[GET] /exam-schedules - Finished in 10ms[39m
[32m[Nest] 14348  - [39m08/06/2026, 1:19:34 PM [32m    LOG[39m [38;5;3m[HTTP] [39m[32m[GET] /teachers - Finished in 10ms[39m
[32m[Nest] 14348  - [39m08/06/2026, 1:19:34 PM [32m    LOG[39m [38;5;3m[HTTP] [39m[32m[GET] /exam-schedules/7 - Finished in 9ms[39m
[32m[Nest] 14348  - [39m08/06/2026, 1:19:34 PM [32m    LOG[39m [38;5;3m[HTTP] [39m[32m[GET] /exam-supervisors?examScheduleId=7 - Finished in 17ms[39m
[32m[Nest] 14348  - [39m08/06/2026, 1:19:34 PM [32m    LOG[39m [38;5;3m[HTTP] [39m[32m[GET] /exam-schedules - Finished in 64ms[39m
[32m[Nest] 14348  - [39m08/06/2026, 1:19:34 PM [32m    LOG[39m [38;5;3m[HTTP] [39m[32m[GET] /departments - Finished in 23ms[39m
[32m[Nest] 14348  - [39m08/06/2026, 1:19:34 PM [32m    LOG[39m [38;5;3m[HTTP] [39m[32m[GET] /classes - Finished in 26ms[39m
[32m[Nest] 14348  - [39m08/06/2026, 1:19:34 PM [32m    LOG[39m [38;5;3m[HTTP] [39m[32m[GET] /dashboard/overview - Finished in 41ms[39m
[32m[Nest] 14348  - [39m08/06/2026, 1:19:34 PM [32m    LOG[39m [38;5;3m[HTTP] [39m[32m[GET] /exam-rooms - Finished in 12ms[39m
[32m[Nest] 14348  - [39m08/06/2026, 1:19:34 PM [32m    LOG[39m [38;5;3m[HTTP] [39m[32m[GET] /exam-periods - Finished in 8ms[39m
[32m[Nest] 14348  - [39m08/06/2026, 1:19:34 PM [32m    LOG[39m [38;5;3m[HTTP] [39m[32m[GET] /students?page=1&limit=20 - Finished in 13ms[39m
[32m[Nest] 14348  - [39m08/06/2026, 1:19:35 PM [32m    LOG[39m [38;5;3m[HTTP] [39m[32m[GET] /subjects - Finished in 36ms[39m
[32m[Nest] 14348  - [39m08/06/2026, 1:19:35 PM [32m    LOG[39m [38;5;3m[HTTP] [39m[32m[GET] /exam-schedules/trash - Finished in 25ms[39m
[32m[Nest] 14348  - [39m08/06/2026, 1:19:35 PM [32m    LOG[39m [38;5;3m[HTTP] [39m[32m[GET] /questions/filter-options - Finished in 15ms[39m
[32m[Nest] 14348  - [39m08/06/2026, 1:19:35 PM [32m    LOG[39m [38;5;3m[HTTP] [39m[32m[GET] /exam-papers - Finished in 22ms[39m
[32m[Nest] 14348  - [39m08/06/2026, 1:19:35 PM [32m    LOG[39m [38;5;3m[HTTP] [39m[32m[GET] /exam-supervisors?examScheduleRoomId=7 - Finished in 18ms[39m
[32m[Nest] 14348  - [39m08/06/2026, 1:19:35 PM [32m    LOG[39m [38;5;3m[HTTP] [39m[32m[GET] /questions?page=1&limit=20 - Finished in 41ms[39m
[32m[Nest] 14348  - [39m08/06/2026, 1:19:35 PM [32m    LOG[39m [38;5;3m[HTTP] [39m[32m[GET] /exam-supervisors?examScheduleRoomId=7 - Finished in 7ms[39m
[32m[Nest] 14348  - [39m08/06/2026, 1:19:38 PM [32m    LOG[39m [38;5;3m[HTTP] [39m[32m[GET] /exam-schedules/10 - Finished in 11ms[39m
[32m[Nest] 14348  - [39m08/06/2026, 1:19:38 PM [32m    LOG[39m [38;5;3m[HTTP] [39m[32m[GET] /exam-supervisors?examScheduleId=10 - Finished in 3ms[39m
[32m[Nest] 14348  - [39m08/06/2026, 1:19:38 PM [32m    LOG[39m [38;5;3m[HTTP] [39m[32m[GET] /exam-supervisors?examScheduleRoomId=8 - Finished in 2ms[39m
[32m[Nest] 14348  - [39m08/06/2026, 1:19:41 PM [32m    LOG[39m [38;5;3m[HTTP] [39m[32m[POST] /exam-supervisors/auto-preview - Finished in 10ms[39m
[32m[Nest] 14348  - [39m08/06/2026, 1:19:45 PM [32m    LOG[39m [38;5;3m[HTTP] [39m[32m[POST] /exam-supervisors/auto-assign - Finished in 53ms[39m
[32m[Nest] 14348  - [39m08/06/2026, 1:19:45 PM [32m    LOG[39m [38;5;3m[HTTP] [39m[32m[GET] /exam-schedules/10 - Finished in 6ms[39m
[32m[Nest] 14348  - [39m08/06/2026, 1:19:45 PM [32m    LOG[39m [38;5;3m[HTTP] [39m[32m[GET] /exam-supervisors?examScheduleId=10 - Finished in 9ms[39m
[32m[Nest] 14348  - [39m08/06/2026, 1:19:45 PM [32m    LOG[39m [38;5;3m[HTTP] [39m[32m[GET] /exam-supervisors?examScheduleRoomId=8 - Finished in 5ms[39m
[32m[Nest] 14348  - [39m08/06/2026, 1:19:50 PM [32m    LOG[39m [38;5;3m[HTTP] [39m[32m[GET] /questions/statistics - Finished in 3ms[39m
[32m[Nest] 14348  - [39m08/06/2026, 1:19:50 PM [32m    LOG[39m [38;5;3m[HTTP] [39m[32m[GET] /exam-papers - Finished in 13ms[39m
[32m[Nest] 14348  - [39m08/06/2026, 1:19:50 PM [32m    LOG[39m [38;5;3m[HTTP] [39m[32m[GET] /exam-papers - Finished in 6ms[39m
[32m[Nest] 14348  - [39m08/06/2026, 1:19:50 PM [32m    LOG[39m [38;5;3m[HTTP] [39m[32m[GET] /exam-schedules - Finished in 32ms[39m
[32m[Nest] 14348  - [39m08/06/2026, 1:19:50 PM [32m    LOG[39m [38;5;3m[HTTP] [39m[32m[GET] /exam-schedules - Finished in 5ms[39m
[32m[Nest] 14348  - [39m08/06/2026, 1:19:50 PM [32m    LOG[39m [38;5;3m[HTTP] [39m[32m[GET] /dashboard/overview - Finished in 25ms[39m
[32m[Nest] 14348  - [39m08/06/2026, 1:19:50 PM [32m    LOG[39m [38;5;3m[HTTP] [39m[32m[GET] /classes - Finished in 13ms[39m
[32m[Nest] 14348  - [39m08/06/2026, 1:19:50 PM [32m    LOG[39m [38;5;3m[HTTP] [39m[32m[GET] /exam-rooms - Finished in 2ms[39m
[32m[Nest] 14348  - [39m08/06/2026, 1:19:50 PM [32m    LOG[39m [38;5;3m[HTTP] [39m[32m[GET] /exam-periods - Finished in 2ms[39m
[32m[Nest] 14348  - [39m08/06/2026, 1:19:50 PM [32m    LOG[39m [38;5;3m[HTTP] [39m[32m[GET] /students?page=1&limit=20 - Finished in 10ms[39m
[32m[Nest] 14348  - [39m08/06/2026, 1:19:50 PM [32m    LOG[39m [38;5;3m[HTTP] [39m[32m[GET] /departments - Finished in 46ms[39m
[32m[Nest] 14348  - [39m08/06/2026, 1:19:50 PM [32m    LOG[39m [38;5;3m[HTTP] [39m[32m[GET] /teachers - Finished in 18ms[39m
[32m[Nest] 14348  - [39m08/06/2026, 1:19:50 PM [32m    LOG[39m [38;5;3m[HTTP] [39m[32m[GET] /subjects - Finished in 20ms[39m
[32m[Nest] 14348  - [39m08/06/2026, 1:19:50 PM [32m    LOG[39m [38;5;3m[HTTP] [39m[32m[GET] /exam-arrangement/history - Finished in 5ms[39m
[32m[Nest] 14348  - [39m08/06/2026, 1:19:50 PM [32m    LOG[39m [38;5;3m[HTTP] [39m[32m[GET] /exam-schedules/trash - Finished in 11ms[39m
[32m[Nest] 14348  - [39m08/06/2026, 1:19:50 PM [32m    LOG[39m [38;5;3m[HTTP] [39m[32m[GET] /questions/filter-options - Finished in 10ms[39m
[32m[Nest] 14348  - [39m08/06/2026, 1:19:51 PM [32m    LOG[39m [38;5;3m[HTTP] [39m[32m[GET] /questions?page=1&limit=20 - Finished in 36ms[39m
[2J[3J[H[[90m1:23:12 PM[0m] File change detected. Starting incremental compilation...

[[90m1:23:19 PM[0m] Found 0 errors. Watching for file changes.

[32m[Nest] 15212  - [39m08/06/2026, 1:23:32 PM [32m    LOG[39m [38;5;3m[NestFactory] [39m[32mStarting Nest application...[39m
[32m[Nest] 15212  - [39m08/06/2026, 1:23:33 PM [32m    LOG[39m [38;5;3m[InstanceLoader] [39m[32mAppModule dependencies initialized[39m[38;5;3m +130ms[39m
[32m[Nest] 15212  - [39m08/06/2026, 1:23:33 PM [32m    LOG[39m [38;5;3m[InstanceLoader] [39m[32mPrismaModule dependencies initialized[39m[38;5;3m +40ms[39m
[32m[Nest] 15212  - [39m08/06/2026, 1:23:33 PM [32m    LOG[39m [38;5;3m[InstanceLoader] [39m[32mPassportModule dependencies initialized[39m[38;5;3m +0ms[39m
[32m[Nest] 15212  - [39m08/06/2026, 1:23:33 PM [32m    LOG[39m [38;5;3m[InstanceLoader] [39m[32mSecurityModule dependencies initialized[39m[38;5;3m +54ms[39m
[32m[Nest] 15212  - [39m08/06/2026, 1:23:33 PM [32m    LOG[39m [38;5;3m[InstanceLoader] [39m[32mAuditModule dependencies initialized[39m[38;5;3m +0ms[39m
[32m[Nest] 15212  - [39m08/06/2026, 1:23:33 PM [32m    LOG[39m [38;5;3m[InstanceLoader] [39m[32mConfigHostModule dependencies initialized[39m[38;5;3m +1ms[39m
[32m[Nest] 15212  - [39m08/06/2026, 1:23:33 PM [32m    LOG[39m [38;5;3m[InstanceLoader] [39m[32mJwtModule dependencies initialized[39m[38;5;3m +1ms[39m
[32m[Nest] 15212  - [39m08/06/2026, 1:23:33 PM [32m    LOG[39m [38;5;3m[InstanceLoader] [39m[32mConfigModule dependencies initialized[39m[38;5;3m +16ms[39m
[32m[Nest] 15212  - [39m08/06/2026, 1:23:33 PM [32m    LOG[39m [38;5;3m[InstanceLoader] [39m[32mUsersModule dependencies initialized[39m[38;5;3m +14ms[39m
[32m[Nest] 15212  - [39m08/06/2026, 1:23:33 PM [32m    LOG[39m [38;5;3m[InstanceLoader] [39m[32mDepartmentsModule dependencies initialized[39m[38;5;3m +0ms[39m
[32m[Nest] 15212  - [39m08/06/2026, 1:23:33 PM [32m    LOG[39m [38;5;3m[InstanceLoader] [39m[32mClassesModule dependencies initialized[39m[38;5;3m +0ms[39m
[32m[Nest] 15212  - [39m08/06/2026, 1:23:33 PM [32m    LOG[39m [38;5;3m[InstanceLoader] [39m[32mStudentsModule dependencies initialized[39m[38;5;3m +0ms[39m
[32m[Nest] 15212  - [39m08/06/2026, 1:23:33 PM [32m    LOG[39m [38;5;3m[InstanceLoader] [39m[32mSubjectsModule dependencies initialized[39m[38;5;3m +0ms[39m
[32m[Nest] 15212  - [39m08/06/2026, 1:23:33 PM [32m    LOG[39m [38;5;3m[InstanceLoader] [39m[32mDashboardModule dependencies initialized[39m[38;5;3m +0ms[39m
[32m[Nest] 15212  - [39m08/06/2026, 1:23:33 PM [32m    LOG[39m [38;5;3m[InstanceLoader] [39m[32mContactModule dependencies initialized[39m[38;5;3m +0ms[39m
[32m[Nest] 15212  - [39m08/06/2026, 1:23:33 PM [32m    LOG[39m [38;5;3m[InstanceLoader] [39m[32mProctorModule dependencies initialized[39m[38;5;3m +1ms[39m
[32m[Nest] 15212  - [39m08/06/2026, 1:23:33 PM [32m    LOG[39m [38;5;3m[InstanceLoader] [39m[32mTeachersModule dependencies initialized[39m[38;5;3m +1ms[39m
[32m[Nest] 15212  - [39m08/06/2026, 1:23:33 PM [32m    LOG[39m [38;5;3m[InstanceLoader] [39m[32mExamRoomsModule dependencies initialized[39m[38;5;3m +0ms[39m
[32m[Nest] 15212  - [39m08/06/2026, 1:23:33 PM [32m    LOG[39m [38;5;3m[InstanceLoader] [39m[32mExamPeriodsModule dependencies initialized[39m[38;5;3m +0ms[39m
[32m[Nest] 15212  - [39m08/06/2026, 1:23:33 PM [32m    LOG[39m [38;5;3m[InstanceLoader] [39m[32mExamSchedulesModule dependencies initialized[39m[38;5;3m +0ms[39m
[32m[Nest] 15212  - [39m08/06/2026, 1:23:33 PM [32m    LOG[39m [38;5;3m[InstanceLoader] [39m[32mExamArrangementModule dependencies initialized[39m[38;5;3m +0ms[39m
[32m[Nest] 15212  - [39m08/06/2026, 1:23:33 PM [32m    LOG[39m [38;5;3m[InstanceLoader] [39m[32mExamSupervisorsModule dependencies initialized[39m[38;5;3m +1ms[39m
[32m[Nest] 15212  - [39m08/06/2026, 1:23:33 PM [32m    LOG[39m [38;5;3m[InstanceLoader] [39m[32mQuestionsModule dependencies initialized[39m[38;5;3m +0ms[39m
[32m[Nest] 15212  - [39m08/06/2026, 1:23:33 PM [32m    LOG[39m [38;5;3m[InstanceLoader] [39m[32mExamPapersModule dependencies initialized[39m[38;5;3m +0ms[39m
[32m[Nest] 15212  - [39m08/06/2026, 1:23:33 PM [32m    LOG[39m [38;5;3m[InstanceLoader] [39m[32mEssayModule dependencies initialized[39m[38;5;3m +0ms[39m
[32m[Nest] 15212  - [39m08/06/2026, 1:23:33 PM [32m    LOG[39m [38;5;3m[InstanceLoader] [39m[32mOnlineExamsModule dependencies initialized[39m[38;5;3m +0ms[39m
[32m[Nest] 15212  - [39m08/06/2026, 1:23:33 PM [32m    LOG[39m [38;5;3m[InstanceLoader] [39m[32mAuthModule dependencies initialized[39m[38;5;3m +0ms[39m
[32m[Nest] 15212  - [39m08/06/2026, 1:23:33 PM [32m    LOG[39m [38;5;3m[RoutesResolver] [39m[32mAuthController {/auth}:[39m[38;5;3m +15ms[39m
[32m[Nest] 15212  - [39m08/06/2026, 1:23:33 PM [32m    LOG[39m [38;5;3m[RouterExplorer] [39m[32mMapped {/auth/login, POST} route[39m[38;5;3m +15ms[39m
[32m[Nest] 15212  - [39m08/06/2026, 1:23:33 PM [32m    LOG[39m [38;5;3m[RouterExplorer] [39m[32mMapped {/auth/profile, GET} route[39m[38;5;3m +3ms[39m
[32m[Nest] 15212  - [39m08/06/2026, 1:23:33 PM [32m    LOG[39m [38;5;3m[RouterExplorer] [39m[32mMapped {/auth/change-password, POST} route[39m[38;5;3m +0ms[39m
[32m[Nest] 15212  - [39m08/06/2026, 1:23:33 PM [32m    LOG[39m [38;5;3m[RouterExplorer] [39m[32mMapped {/auth/profile, POST} route[39m[38;5;3m +3ms[39m
[32m[Nest] 15212  - [39m08/06/2026, 1:23:33 PM [32m    LOG[39m [38;5;3m[RoutesResolver] [39m[32mUsersController {/users}:[39m[38;5;3m +0ms[39m
[32m[Nest] 15212  - [39m08/06/2026, 1:23:33 PM [32m    LOG[39m [38;5;3m[RouterExplorer] [39m[32mMapped {/users/dashboard-stats, GET} route[39m[38;5;3m +1ms[39m
[32m[Nest] 15212  - [39m08/06/2026, 1:23:33 PM [32m    LOG[39m [38;5;3m[RouterExplorer] [39m[32mMapped {/users, GET} route[39m[38;5;3m +1ms[39m
[32m[Nest] 15212  - [39m08/06/2026, 1:23:33 PM [32m    LOG[39m [38;5;3m[RouterExplorer] [39m[32mMapped {/users/:id, GET} route[39m[38;5;3m +1ms[39m
[32m[Nest] 15212  - [39m08/06/2026, 1:23:33 PM [32m    LOG[39m [38;5;3m[RoutesResolver] [39m[32mDepartmentsController {/departments}:[39m[38;5;3m +0ms[39m
[32m[Nest] 15212  - [39m08/06/2026, 1:23:33 PM [32m    LOG[39m [38;5;3m[RouterExplorer] [39m[32mMapped {/departments, GET} route[39m[38;5;3m +3ms[39m
[32m[Nest] 15212  - [39m08/06/2026, 1:23:33 PM [32m    LOG[39m [38;5;3m[RouterExplorer] [39m[32mMapped {/departments/:id/curriculum, GET} route[39m[38;5;3m +2ms[39m
[32m[Nest] 15212  - [39m08/06/2026, 1:23:33 PM [32m    LOG[39m [38;5;3m[RouterExplorer] [39m[32mMapped {/departments/:id, GET} route[39m[38;5;3m +1ms[39m
[32m[Nest] 15212  - [39m08/06/2026, 1:23:33 PM [32m    LOG[39m [38;5;3m[RouterExplorer] [39m[32mMapped {/departments, POST} route[39m[38;5;3m +1ms[39m
[32m[Nest] 15212  - [39m08/06/2026, 1:23:33 PM [32m    LOG[39m [38;5;3m[RouterExplorer] [39m[32mMapped {/departments/:id/curriculum, POST} route[39m[38;5;3m +0ms[39m
[32m[Nest] 15212  - [39m08/06/2026, 1:23:33 PM [32m    LOG[39m [38;5;3m[RouterExplorer] [39m[32mMapped {/departments/:id, PATCH} route[39m[38;5;3m +0ms[39m
[32m[Nest] 15212  - [39m08/06/2026, 1:23:33 PM [32m    LOG[39m [38;5;3m[RouterExplorer] [39m[32mMapped {/departments/:id/curriculum/:subjectId, DELETE} route[39m[38;5;3m +1ms[39m
[32m[Nest] 15212  - [39m08/06/2026, 1:23:33 PM [32m    LOG[39m [38;5;3m[RouterExplorer] [39m[32mMapped {/departments/:id, DELETE} route[39m[38;5;3m +0ms[39m
[32m[Nest] 15212  - [39m08/06/2026, 1:23:33 PM [32m    LOG[39m [38;5;3m[RoutesResolver] [39m[32mClassesController {/classes}:[39m[38;5;3m +0ms[39m
[32m[Nest] 15212  - [39m08/06/2026, 1:23:33 PM [32m    LOG[39m [38;5;3m[RouterExplorer] [39m[32mMapped {/classes, GET} route[39m[38;5;3m +1ms[39m
[32m[Nest] 15212  - [39m08/06/2026, 1:23:33 PM [32m    LOG[39m [38;5;3m[RouterExplorer] [39m[32mMapped {/classes/:id, GET} route[39m[38;5;3m +0ms[39m
[32m[Nest] 15212  - [39m08/06/2026, 1:23:33 PM [32m    LOG[39m [38;5;3m[RouterExplorer] [39m[32mMapped {/classes, POST} route[39m[38;5;3m +0ms[39m
[32m[Nest] 15212  - [39m08/06/2026, 1:23:33 PM [32m    LOG[39m [38;5;3m[RouterExplorer] [39m[32mMapped {/classes/:id, PATCH} route[39m[38;5;3m +1ms[39m
[32m[Nest] 15212  - [39m08/06/2026, 1:23:33 PM [32m    LOG[39m [38;5;3m[RouterExplorer] [39m[32mMapped {/classes/:id, DELETE} route[39m[38;5;3m +0ms[39m
[32m[Nest] 15212  - [39m08/06/2026, 1:23:33 PM [32m    LOG[39m [38;5;3m[RoutesResolver] [39m[32mStudentsController {/students}:[39m[38;5;3m +1ms[39m
[32m[Nest] 15212  - [39m08/06/2026, 1:23:33 PM [32m    LOG[39m [38;5;3m[RouterExplorer] [39m[32mMapped {/students/my-schedule, GET} route[39m[38;5;3m +0ms[39m
[32m[Nest] 15212  - [39m08/06/2026, 1:23:33 PM [32m    LOG[39m [38;5;3m[RouterExplorer] [39m[32mMapped {/students/my-curriculum, GET} route[39m[38;5;3m +0ms[39m
[32m[Nest] 15212  - [39m08/06/2026, 1:23:33 PM [32m    LOG[39m [38;5;3m[RouterExplorer] [39m[32mMapped {/students, GET} route[39m[38;5;3m +1ms[39m
[32m[Nest] 15212  - [39m08/06/2026, 1:23:33 PM [32m    LOG[39m [38;5;3m[RouterExplorer] [39m[32mMapped {/students/:id, GET} route[39m[38;5;3m +0ms[39m
[32m[Nest] 15212  - [39m08/06/2026, 1:23:33 PM [32m    LOG[39m [38;5;3m[RouterExplorer] [39m[32mMapped {/students, POST} route[39m[38;5;3m +1ms[39m
[32m[Nest] 15212  - [39m08/06/2026, 1:23:33 PM [32m    LOG[39m [38;5;3m[RouterExplorer] [39m[32mMapped {/students/:id, PATCH} route[39m[38;5;3m +0ms[39m
[32m[Nest] 15212  - [39m08/06/2026, 1:23:33 PM [32m    LOG[39m [38;5;3m[RouterExplorer] [39m[32mMapped {/students/:id, DELETE} route[39m[38;5;3m +0ms[39m
[32m[Nest] 15212  - [39m08/06/2026, 1:23:33 PM [32m    LOG[39m [38;5;3m[RoutesResolver] [39m[32mTeachersController {/teachers}:[39m[38;5;3m +5ms[39m
[32m[Nest] 15212  - [39m08/06/2026, 1:23:33 PM [32m    LOG[39m [38;5;3m[RouterExplorer] [39m[32mMapped {/teachers/my-assignments, GET} route[39m[38;5;3m +5ms[39m
[32m[Nest] 15212  - [39m08/06/2026, 1:23:33 PM [32m    LOG[39m [38;5;3m[RouterExplorer] [39m[32mMapped {/teachers/my-assignments/:id/status, PATCH} route[39m[38;5;3m +0ms[39m
[32m[Nest] 15212  - [39m08/06/2026, 1:23:33 PM [32m    LOG[39m [38;5;3m[RouterExplorer] [39m[32mMapped {/teachers/my-assignments/:id/attendance-sheet, GET} route[39m[38;5;3m +1ms[39m
[32m[Nest] 15212  - [39m08/06/2026, 1:23:33 PM [32m    LOG[39m [38;5;3m[RouterExplorer] [39m[32mMapped {/teachers, GET} route[39m[38;5;3m +0ms[39m
[32m[Nest] 15212  - [39m08/06/2026, 1:23:33 PM [32m    LOG[39m [38;5;3m[RouterExplorer] [39m[32mMapped {/teachers/:id/lock, POST} route[39m[38;5;3m +1ms[39m
[32m[Nest] 15212  - [39m08/06/2026, 1:23:33 PM [32m    LOG[39m [38;5;3m[RouterExplorer] [39m[32mMapped {/teachers/:id/unlock, POST} route[39m[38;5;3m +3ms[39m
[32m[Nest] 15212  - [39m08/06/2026, 1:23:33 PM [32m    LOG[39m [38;5;3m[RouterExplorer] [39m[32mMapped {/teachers/:id, GET} route[39m[38;5;3m +1ms[39m
[32m[Nest] 15212  - [39m08/06/2026, 1:23:33 PM [32m    LOG[39m [38;5;3m[RouterExplorer] [39m[32mMapped {/teachers, POST} route[39m[38;5;3m +1ms[39m
[32m[Nest] 15212  - [39m08/06/2026, 1:23:33 PM [32m    LOG[39m [38;5;3m[RouterExplorer] [39m[32mMapped {/teachers/:id, PATCH} route[39m[38;5;3m +7ms[39m
[32m[Nest] 15212  - [39m08/06/2026, 1:23:33 PM [32m    LOG[39m [38;5;3m[RouterExplorer] [39m[32mMapped {/teachers/:id, DELETE} route[39m[38;5;3m +4ms[39m
[32m[Nest] 15212  - [39m08/06/2026, 1:23:33 PM [32m    LOG[39m [38;5;3m[RoutesResolver] [39m[32mSubjectsController {/subjects}:[39m[38;5;3m +1ms[39m
[32m[Nest] 15212  - [39m08/06/2026, 1:23:33 PM [32m    LOG[39m [38;5;3m[RouterExplorer] [39m[32mMapped {/subjects, GET} route[39m[38;5;3m +2ms[39m
[32m[Nest] 15212  - [39m08/06/2026, 1:23:33 PM [32m    LOG[39m [38;5;3m[RouterExplorer] [39m[32mMapped {/subjects/:id, GET} route[39m[38;5;3m +1ms[39m
[32m[Nest] 15212  - [39m08/06/2026, 1:23:33 PM [32m    LOG[39m [38;5;3m[RouterExplorer] [39m[32mMapped {/subjects/:id/chapters, GET} route[39m[38;5;3m +1ms[39m
[32m[Nest] 15212  - [39m08/06/2026, 1:23:33 PM [32m    LOG[39m [38;5;3m[RouterExplorer] [39m[32mMapped {/subjects/:id/enrollments, GET} route[39m[38;5;3m +0ms[39m
[32m[Nest] 15212  - [39m08/06/2026, 1:23:33 PM [32m    LOG[39m [38;5;3m[RouterExplorer] [39m[32mMapped {/subjects/:id/enroll-students, POST} route[39m[38;5;3m +4ms[39m
[32m[Nest] 15212  - [39m08/06/2026, 1:23:33 PM [32m    LOG[39m [38;5;3m[RouterExplorer] [39m[32mMapped {/subjects, POST} route[39m[38;5;3m +0ms[39m
[32m[Nest] 15212  - [39m08/06/2026, 1:23:33 PM [32m    LOG[39m [38;5;3m[RouterExplorer] [39m[32mMapped {/subjects/:id, PATCH} route[39m[38;5;3m +0ms[39m
[32m[Nest] 15212  - [39m08/06/2026, 1:23:33 PM [32m    LOG[39m [38;5;3m[RouterExplorer] [39m[32mMapped {/subjects/:id, DELETE} route[39m[38;5;3m +0ms[39m
[32m[Nest] 15212  - [39m08/06/2026, 1:23:33 PM [32m    LOG[39m [38;5;3m[RoutesResolver] [39m[32mExamRoomsController {/exam-rooms}:[39m[38;5;3m +1ms[39m
[32m[Nest] 15212  - [39m08/06/2026, 1:23:33 PM [32m    LOG[39m [38;5;3m[RouterExplorer] [39m[32mMapped {/exam-rooms, GET} route[39m[38;5;3m +0ms[39m
[32m[Nest] 15212  - [39m08/06/2026, 1:23:33 PM [32m    LOG[39m [38;5;3m[RouterExplorer] [39m[32mMapped {/exam-rooms/:id, GET} route[39m[38;5;3m +1ms[39m
[32m[Nest] 15212  - [39m08/06/2026, 1:23:33 PM [32m    LOG[39m [38;5;3m[RouterExplorer] [39m[32mMapped {/exam-rooms/:id/lock, POST} route[39m[38;5;3m +2ms[39m
[32m[Nest] 15212  - [39m08/06/2026, 1:23:33 PM [32m    LOG[39m [38;5;3m[RouterExplorer] [39m[32mMapped {/exam-rooms/:id/unlock, POST} route[39m[38;5;3m +1ms[39m
[32m[Nest] 15212  - [39m08/06/2026, 1:23:33 PM [32m    LOG[39m [38;5;3m[RouterExplorer] [39m[32mMapped {/exam-rooms, POST} route[39m[38;5;3m +0ms[39m
[32m[Nest] 15212  - [39m08/06/2026, 1:23:33 PM [32m    LOG[39m [38;5;3m[RouterExplorer] [39m[32mMapped {/exam-rooms/:id, PATCH} route[39m[38;5;3m +0ms[39m
[32m[Nest] 15212  - [39m08/06/2026, 1:23:33 PM [32m    LOG[39m [38;5;3m[RouterExplorer] [39m[32mMapped {/exam-rooms/:id, DELETE} route[39m[38;5;3m +1ms[39m
[32m[Nest] 15212  - [39m08/06/2026, 1:23:33 PM [32m    LOG[39m [38;5;3m[RoutesResolver] [39m[32mExamPeriodsController {/exam-periods}:[39m[38;5;3m +0ms[39m
[32m[Nest] 15212  - [39m08/06/2026, 1:23:33 PM [32m    LOG[39m [38;5;3m[RouterExplorer] [39m[32mMapped {/exam-periods, GET} route[39m[38;5;3m +1ms[39m
[32m[Nest] 15212  - [39m08/06/2026, 1:23:33 PM [32m    LOG[39m [38;5;3m[RouterExplorer] [39m[32mMapped {/exam-periods/:id, GET} route[39m[38;5;3m +1ms[39m
[32m[Nest] 15212  - [39m08/06/2026, 1:23:33 PM [32m    LOG[39m [38;5;3m[RouterExplorer] [39m[32mMapped {/exam-periods, POST} route[39m[38;5;3m +3ms[39m
[32m[Nest] 15212  - [39m08/06/2026, 1:23:33 PM [32m    LOG[39m [38;5;3m[RouterExplorer] [39m[32mMapped {/exam-periods/:id, PATCH} route[39m[38;5;3m +1ms[39m
[32m[Nest] 15212  - [39m08/06/2026, 1:23:33 PM [32m    LOG[39m [38;5;3m[RouterExplorer] [39m[32mMapped {/exam-periods/:id, DELETE} route[39m[38;5;3m +1ms[39m
[32m[Nest] 15212  - [39m08/06/2026, 1:23:33 PM [32m    LOG[39m [38;5;3m[RouterExplorer] [39m[32mMapped {/exam-periods/:id/lock, POST} route[39m[38;5;3m +1ms[39m
[32m[Nest] 15212  - [39m08/06/2026, 1:23:33 PM [32m    LOG[39m [38;5;3m[RouterExplorer] [39m[32mMapped {/exam-periods/:id/unlock, POST} route[39m[38;5;3m +0ms[39m
[32m[Nest] 15212  - [39m08/06/2026, 1:23:33 PM [32m    LOG[39m [38;5;3m[RoutesResolver] [39m[32mExamSchedulesController {/exam-schedules}:[39m[38;5;3m +0ms[39m
[32m[Nest] 15212  - [39m08/06/2026, 1:23:33 PM [32m    LOG[39m [38;5;3m[RouterExplorer] [39m[32mMapped {/exam-schedules, GET} route[39m[38;5;3m +6ms[39m
[32m[Nest] 15212  - [39m08/06/2026, 1:23:33 PM [32m    LOG[39m [38;5;3m[RouterExplorer] [39m[32mMapped {/exam-schedules/conflicts, GET} route[39m[38;5;3m +0ms[39m
[32m[Nest] 15212  - [39m08/06/2026, 1:23:33 PM [32m    LOG[39m [38;5;3m[RouterExplorer] [39m[32mMapped {/exam-schedules/trash, GET} route[39m[38;5;3m +1ms[39m
[32m[Nest] 15212  - [39m08/06/2026, 1:23:33 PM [32m    LOG[39m [38;5;3m[RouterExplorer] [39m[32mMapped {/exam-schedules/auto-preview, POST} route[39m[38;5;3m +0ms[39m
[32m[Nest] 15212  - [39m08/06/2026, 1:23:33 PM [32m    LOG[39m [38;5;3m[RouterExplorer] [39m[32mMapped {/exam-schedules/auto-apply, POST} route[39m[38;5;3m +1ms[39m
[32m[Nest] 15212  - [39m08/06/2026, 1:23:33 PM [32m    LOG[39m [38;5;3m[RouterExplorer] [39m[32mMapped {/exam-schedules/:id/lock, POST} route[39m[38;5;3m +0ms[39m
[32m[Nest] 15212  - [39m08/06/2026, 1:23:33 PM [32m    LOG[39m [38;5;3m[RouterExplorer] [39m[32mMapped {/exam-schedules/:id/unlock, POST} route[39m[38;5;3m +0ms[39m
[32m[Nest] 15212  - [39m08/06/2026, 1:23:33 PM [32m    LOG[39m [38;5;3m[RouterExplorer] [39m[32mMapped {/exam-schedules/:id, GET} route[39m[38;5;3m +0ms[39m
[32m[Nest] 15212  - [39m08/06/2026, 1:23:33 PM [32m    LOG[39m [38;5;3m[RouterExplorer] [39m[32mMapped {/exam-schedules, POST} route[39m[38;5;3m +0ms[39m
[32m[Nest] 15212  - [39m08/06/2026, 1:23:33 PM [32m    LOG[39m [38;5;3m[RouterExplorer] [39m[32mMapped {/exam-schedules/:id, PATCH} route[39m[38;5;3m +1ms[39m
[32m[Nest] 15212  - [39m08/06/2026, 1:23:33 PM [32m    LOG[39m [38;5;3m[RouterExplorer] [39m[32mMapped {/exam-schedules/:id, DELETE} route[39m[38;5;3m +3ms[39m
[32m[Nest] 15212  - [39m08/06/2026, 1:23:33 PM [32m    LOG[39m [38;5;3m[RouterExplorer] [39m[32mMapped {/exam-schedules/:id/reopen-entry, POST} route[39m[38;5;3m +1ms[39m
[32m[Nest] 15212  - [39m08/06/2026, 1:23:33 PM [32m    LOG[39m [38;5;3m[RouterExplorer] [39m[32mMapped {/exam-schedules/:id/restore, POST} route[39m[38;5;3m +0ms[39m
[32m[Nest] 15212  - [39m08/06/2026, 1:23:33 PM [32m    LOG[39m [38;5;3m[RoutesResolver] [39m[32mExamArrangementController {/exam-arrangement}:[39m[38;5;3m +1ms[39m
[32m[Nest] 15212  - [39m08/06/2026, 1:23:33 PM [32m    LOG[39m [38;5;3m[RouterExplorer] [39m[32mMapped {/exam-arrangement/auto-arrange, POST} route[39m[38;5;3m +0ms[39m
[32m[Nest] 15212  - [39m08/06/2026, 1:23:33 PM [32m    LOG[39m [38;5;3m[RouterExplorer] [39m[32mMapped {/exam-arrangement/preview, POST} route[39m[38;5;3m +0ms[39m
[32m[Nest] 15212  - [39m08/06/2026, 1:23:33 PM [32m    LOG[39m [38;5;3m[RouterExplorer] [39m[32mMapped {/exam-arrangement/result, GET} route[39m[38;5;3m +1ms[39m
[32m[Nest] 15212  - [39m08/06/2026, 1:23:33 PM [32m    LOG[39m [38;5;3m[RouterExplorer] [39m[32mMapped {/exam-arrangement/room-availability, GET} route[39m[38;5;3m +0ms[39m
[32m[Nest] 15212  - [39m08/06/2026, 1:23:33 PM [32m    LOG[39m [38;5;3m[RouterExplorer] [39m[32mMapped {/exam-arrangement/reset/:examScheduleId, DELETE} route[39m[38;5;3m +0ms[39m
[32m[Nest] 15212  - [39m08/06/2026, 1:23:33 PM [32m    LOG[39m [38;5;3m[RouterExplorer] [39m[32mMapped {/exam-arrangement/history, GET} route[39m[38;5;3m +0ms[39m
[32m[Nest] 15212  - [39m08/06/2026, 1:23:33 PM [32m    LOG[39m [38;5;3m[RoutesResolver] [39m[32mExamSupervisorsController {/exam-supervisors}:[39m[38;5;3m +1ms[39m
[32m[Nest] 15212  - [39m08/06/2026, 1:23:33 PM [32m    LOG[39m [38;5;3m[RouterExplorer] [39m[32mMapped {/exam-supervisors/assign, POST} route[39m[38;5;3m +2ms[39m
[32m[Nest] 15212  - [39m08/06/2026, 1:23:33 PM [32m    LOG[39m [38;5;3m[RouterExplorer] [39m[32mMapped {/exam-supervisors/auto-preview, POST} route[39m[38;5;3m +0ms[39m
[32m[Nest] 15212  - [39m08/06/2026, 1:23:33 PM [32m    LOG[39m [38;5;3m[RouterExplorer] [39m[32mMapped {/exam-supervisors/auto-assign, POST} route[39m[38;5;3m +1ms[39m
[32m[Nest] 15212  - [39m08/06/2026, 1:23:33 PM [32m    LOG[39m [38;5;3m[RouterExplorer] [39m[32mMapped {/exam-supervisors, GET} route[39m[38;5;3m +0ms[39m
[32m[Nest] 15212  - [39m08/06/2026, 1:23:33 PM [32m    LOG[39m [38;5;3m[RouterExplorer] [39m[32mMapped {/exam-supervisors/:id/status, PATCH} route[39m[38;5;3m +1ms[39m
[32m[Nest] 15212  - [39m08/06/2026, 1:23:33 PM [32m    LOG[39m [38;5;3m[RouterExplorer] [39m[32mMapped {/exam-supervisors/:id, DELETE} route[39m[38;5;3m +0ms[39m
[32m[Nest] 15212  - [39m08/06/2026, 1:23:33 PM [32m    LOG[39m [38;5;3m[RoutesResolver] [39m[32mQuestionsController {/questions}:[39m[38;5;3m +0ms[39m
[32m[Nest] 15212  - [39m08/06/2026, 1:23:33 PM [32m    LOG[39m [38;5;3m[RouterExplorer] [39m[32mMapped {/questions, GET} route[39m[38;5;3m +1ms[39m
[32m[Nest] 15212  - [39m08/06/2026, 1:23:33 PM [32m    LOG[39m [38;5;3m[RouterExplorer] [39m[32mMapped {/questions/statistics, GET} route[39m[38;5;3m +0ms[39m
[32m[Nest] 15212  - [39m08/06/2026, 1:23:33 PM [32m    LOG[39m [38;5;3m[RouterExplorer] [39m[32mMapped {/questions/filter-options, GET} route[39m[38;5;3m +1ms[39m
[32m[Nest] 15212  - [39m08/06/2026, 1:23:33 PM [32m    LOG[39m [38;5;3m[RouterExplorer] [39m[32mMapped {/questions/import/template, GET} route[39m[38;5;3m +1ms[39m
[32m[Nest] 15212  - [39m08/06/2026, 1:23:33 PM [32m    LOG[39m [38;5;3m[RouterExplorer] [39m[32mMapped {/questions/media/preview, POST} route[39m[38;5;3m +2ms[39m
[32m[Nest] 15212  - [39m08/06/2026, 1:23:33 PM [32m    LOG[39m [38;5;3m[RouterExplorer] [39m[32mMapped {/questions/media/upload, POST} route[39m[38;5;3m +0ms[39m
[32m[Nest] 15212  - [39m08/06/2026, 1:23:33 PM [32m    LOG[39m [38;5;3m[RouterExplorer] [39m[32mMapped {/questions/media/:id, DELETE} route[39m[38;5;3m +1ms[39m
[32m[Nest] 15212  - [39m08/06/2026, 1:23:33 PM [32m    LOG[39m [38;5;3m[RouterExplorer] [39m[32mMapped {/questions/export, POST} route[39m[38;5;3m +0ms[39m
[32m[Nest] 15212  - [39m08/06/2026, 1:23:33 PM [32m    LOG[39m [38;5;3m[RouterExplorer] [39m[32mMapped {/questions/bulk-action, POST} route[39m[38;5;3m +1ms[39m
[32m[Nest] 15212  - [39m08/06/2026, 1:23:33 PM [32m    LOG[39m [38;5;3m[RouterExplorer] [39m[32mMapped {/questions/import/preview, POST} route[39m[38;5;3m +0ms[39m
[32m[Nest] 15212  - [39m08/06/2026, 1:23:33 PM [32m    LOG[39m [38;5;3m[RouterExplorer] [39m[32mMapped {/questions/import/confirm, POST} route[39m[38;5;3m +0ms[39m
[32m[Nest] 15212  - [39m08/06/2026, 1:23:33 PM [32m    LOG[39m [38;5;3m[RouterExplorer] [39m[32mMapped {/questions/ai-generate, POST} route[39m[38;5;3m +1ms[39m
[32m[Nest] 15212  - [39m08/06/2026, 1:23:33 PM [32m    LOG[39m [38;5;3m[RouterExplorer] [39m[32mMapped {/questions/ai-save, POST} route[39m[38;5;3m +0ms[39m
[32m[Nest] 15212  - [39m08/06/2026, 1:23:33 PM [32m    LOG[39m [38;5;3m[RouterExplorer] [39m[32mMapped {/questions/ai-extract-text, POST} route[39m[38;5;3m +0ms[39m
[32m[Nest] 15212  - [39m08/06/2026, 1:23:33 PM [32m    LOG[39m [38;5;3m[RouterExplorer] [39m[32mMapped {/questions, POST} route[39m[38;5;3m +0ms[39m
[32m[Nest] 15212  - [39m08/06/2026, 1:23:33 PM [32m    LOG[39m [38;5;3m[RouterExplorer] [39m[32mMapped {/questions/:id, GET} route[39m[38;5;3m +0ms[39m
[32m[Nest] 15212  - [39m08/06/2026, 1:23:33 PM [32m    LOG[39m [38;5;3m[RouterExplorer] [39m[32mMapped {/questions/:id, PATCH} route[39m[38;5;3m +1ms[39m
[32m[Nest] 15212  - [39m08/06/2026, 1:23:33 PM [32m    LOG[39m [38;5;3m[RouterExplorer] [39m[32mMapped {/questions/:id/duplicate, POST} route[39m[38;5;3m +0ms[39m
[32m[Nest] 15212  - [39m08/06/2026, 1:23:33 PM [32m    LOG[39m [38;5;3m[RouterExplorer] [39m[32mMapped {/questions/:id/submit, POST} route[39m[38;5;3m +0ms[39m
[32m[Nest] 15212  - [39m08/06/2026, 1:23:33 PM [32m    LOG[39m [38;5;3m[RouterExplorer] [39m[32mMapped {/questions/:id/approve, POST} route[39m[38;5;3m +0ms[39m
[32m[Nest] 15212  - [39m08/06/2026, 1:23:33 PM [32m    LOG[39m [38;5;3m[RouterExplorer] [39m[32mMapped {/questions/:id/reject, POST} route[39m[38;5;3m +0ms[39m
[32m[Nest] 15212  - [39m08/06/2026, 1:23:33 PM [32m    LOG[39m [38;5;3m[RouterExplorer] [39m[32mMapped {/questions/:id/archive, POST} route[39m[38;5;3m +1ms[39m
[32m[Nest] 15212  - [39m08/06/2026, 1:23:33 PM [32m    LOG[39m [38;5;3m[RouterExplorer] [39m[32mMapped {/questions/:id/restore, POST} route[39m[38;5;3m +1ms[39m
[32m[Nest] 15212  - [39m08/06/2026, 1:23:33 PM [32m    LOG[39m [38;5;3m[RouterExplorer] [39m[32mMapped {/questions/:id, DELETE} route[39m[38;5;3m +1ms[39m
[32m[Nest] 15212  - [39m08/06/2026, 1:23:33 PM [32m    LOG[39m [38;5;3m[RoutesResolver] [39m[32mExamPapersController {/exam-papers}:[39m[38;5;3m +0ms[39m
[32m[Nest] 15212  - [39m08/06/2026, 1:23:33 PM [32m    LOG[39m [38;5;3m[RouterExplorer] [39m[32mMapped {/exam-papers/create-random, POST} route[39m[38;5;3m +0ms[39m
[32m[Nest] 15212  - [39m08/06/2026, 1:23:33 PM [32m    LOG[39m [38;5;3m[RouterExplorer] [39m[32mMapped {/exam-papers/preview-random, POST} route[39m[38;5;3m +0ms[39m
[32m[Nest] 15212  - [39m08/06/2026, 1:23:33 PM [32m    LOG[39m [38;5;3m[RouterExplorer] [39m[32mMapped {/exam-papers, GET} route[39m[38;5;3m +1ms[39m
[32m[Nest] 15212  - [39m08/06/2026, 1:23:33 PM [32m    LOG[39m [38;5;3m[RouterExplorer] [39m[32mMapped {/exam-papers/:id, GET} route[39m[38;5;3m +2ms[39m
[32m[Nest] 15212  - [39m08/06/2026, 1:23:33 PM [32m    LOG[39m [38;5;3m[RouterExplorer] [39m[32mMapped {/exam-papers/:id/publish, POST} route[39m[38;5;3m +2ms[39m
[32m[Nest] 15212  - [39m08/06/2026, 1:23:33 PM [32m    LOG[39m [38;5;3m[RouterExplorer] [39m[32mMapped {/exam-papers/:id/archive, POST} route[39m[38;5;3m +2ms[39m
[32m[Nest] 15212  - [39m08/06/2026, 1:23:33 PM [32m    LOG[39m [38;5;3m[RouterExplorer] [39m[32mMapped {/exam-papers/:id/restore, POST} route[39m[38;5;3m +0ms[39m
[32m[Nest] 15212  - [39m08/06/2026, 1:23:33 PM [32m    LOG[39m [38;5;3m[RouterExplorer] [39m[32mMapped {/exam-papers/:id, DELETE} route[39m[38;5;3m +0ms[39m
[32m[Nest] 15212  - [39m08/06/2026, 1:23:33 PM [32m    LOG[39m [38;5;3m[RoutesResolver] [39m[32mDashboardController {/dashboard}:[39m[38;5;3m +0ms[39m
[32m[Nest] 15212  - [39m08/06/2026, 1:23:33 PM [32m    LOG[39m [38;5;3m[RouterExplorer] [39m[32mMapped {/dashboard/overview, GET} route[39m[38;5;3m +1ms[39m
[32m[Nest] 15212  - [39m08/06/2026, 1:23:33 PM [32m    LOG[39m [38;5;3m[RoutesResolver] [39m[32mOnlineExamsController {/online-exams}:[39m[38;5;3m +0ms[39m
[32m[Nest] 15212  - [39m08/06/2026, 1:23:33 PM [32m    LOG[39m [38;5;3m[RouterExplorer] [39m[32mMapped {/online-exams/schedule/:scheduleId/check-eligibility, GET} route[39m[38;5;3m +0ms[39m
[32m[Nest] 15212  - [39m08/06/2026, 1:23:33 PM [32m    LOG[39m [38;5;3m[RouterExplorer] [39m[32mMapped {/online-exams/schedule/:scheduleId/start, POST} route[39m[38;5;3m +0ms[39m
[32m[Nest] 15212  - [39m08/06/2026, 1:23:33 PM [32m    LOG[39m [38;5;3m[RouterExplorer] [39m[32mMapped {/online-exams/attempt/:token/questions, GET} route[39m[38;5;3m +0ms[39m
[32m[Nest] 15212  - [39m08/06/2026, 1:23:33 PM [32m    LOG[39m [38;5;3m[RouterExplorer] [39m[32mMapped {/online-exams/attempt/:token/answers/save, POST} route[39m[38;5;3m +0ms[39m
[32m[Nest] 15212  - [39m08/06/2026, 1:23:33 PM [32m    LOG[39m [38;5;3m[RouterExplorer] [39m[32mMapped {/online-exams/attempt/:token/heartbeat, POST} route[39m[38;5;3m +1ms[39m
[32m[Nest] 15212  - [39m08/06/2026, 1:23:33 PM [32m    LOG[39m [38;5;3m[RouterExplorer] [39m[32mMapped {/online-exams/attempt/:token/events, POST} route[39m[38;5;3m +0ms[39m
[32m[Nest] 15212  - [39m08/06/2026, 1:23:33 PM [32m    LOG[39m [38;5;3m[RouterExplorer] [39m[32mMapped {/online-exams/attempt/:token/submit, POST} route[39m[38;5;3m +0ms[39m
[32m[Nest] 15212  - [39m08/06/2026, 1:23:33 PM [32m    LOG[39m [38;5;3m[RouterExplorer] [39m[32mMapped {/online-exams/attempt/:attemptId/result, GET} route[39m[38;5;3m +0ms[39m
[32m[Nest] 15212  - [39m08/06/2026, 1:23:33 PM [32m    LOG[39m [38;5;3m[RouterExplorer] [39m[32mMapped {/online-exams/attempt/:attemptId/appeal, POST} route[39m[38;5;3m +1ms[39m
[32m[Nest] 15212  - [39m08/06/2026, 1:23:33 PM [32m    LOG[39m [38;5;3m[RouterExplorer] [39m[32mMapped {/online-exams/schedule/:scheduleId/grade-report, GET} route[39m[38;5;3m +0ms[39m
[32m[Nest] 15212  - [39m08/06/2026, 1:23:33 PM [32m    LOG[39m [38;5;3m[RoutesResolver] [39m[32mProctorController {/proctor}:[39m[38;5;3m +1ms[39m
[32m[Nest] 15212  - [39m08/06/2026, 1:23:33 PM [32m    LOG[39m [38;5;3m[RouterExplorer] [39m[32mMapped {/proctor/live-dashboard/:scheduleRoomId, GET} route[39m[38;5;3m +1ms[39m
[32m[Nest] 15212  - [39m08/06/2026, 1:23:33 PM [32m    LOG[39m [38;5;3m[RouterExplorer] [39m[32mMapped {/proctor/attempt/:attemptId/extend-time, POST} route[39m[38;5;3m +0ms[39m
[32m[Nest] 15212  - [39m08/06/2026, 1:23:33 PM [32m    LOG[39m [38;5;3m[RouterExplorer] [39m[32mMapped {/proctor/attempt/:attemptId/reopen, POST} route[39m[38;5;3m +1ms[39m
[32m[Nest] 15212  - [39m08/06/2026, 1:23:33 PM [32m    LOG[39m [38;5;3m[RouterExplorer] [39m[32mMapped {/proctor/attempt/:attemptId/flag-incident, POST} route[39m[38;5;3m +0ms[39m
[32m[Nest] 15212  - [39m08/06/2026, 1:23:33 PM [32m    LOG[39m [38;5;3m[RouterExplorer] [39m[32mMapped {/proctor/attempt/:attemptId/resolve-incident, POST} route[39m[38;5;3m +0ms[39m
[32m[Nest] 15212  - [39m08/06/2026, 1:23:33 PM [32m    LOG[39m [38;5;3m[RoutesResolver] [39m[32mEssayController {/essay}:[39m[38;5;3m +0ms[39m
[32m[Nest] 15212  - [39m08/06/2026, 1:23:33 PM [32m    LOG[39m [38;5;3m[RouterExplorer] [39m[32mMapped {/essay/questions/:questionId/rubric, GET} route[39m[38;5;3m +1ms[39m
[32m[Nest] 15212  - [39m08/06/2026, 1:23:33 PM [32m    LOG[39m [38;5;3m[RouterExplorer] [39m[32mMapped {/essay/questions/:questionId/rubric, POST} route[39m[38;5;3m +0ms[39m
[32m[Nest] 15212  - [39m08/06/2026, 1:23:33 PM [32m    LOG[39m [38;5;3m[RouterExplorer] [39m[32mMapped {/essay/grading/assignments, GET} route[39m[38;5;3m +1ms[39m
[32m[Nest] 15212  - [39m08/06/2026, 1:23:33 PM [32m    LOG[39m [38;5;3m[RouterExplorer] [39m[32mMapped {/essay/grading/attempts/:attemptId, GET} route[39m[38;5;3m +0ms[39m
[32m[Nest] 15212  - [39m08/06/2026, 1:23:33 PM [32m    LOG[39m [38;5;3m[RouterExplorer] [39m[32mMapped {/essay/grading/answers/:answerId, PATCH} route[39m[38;5;3m +0ms[39m
[32m[Nest] 15212  - [39m08/06/2026, 1:23:33 PM [32m    LOG[39m [38;5;3m[RouterExplorer] [39m[32mMapped {/essay/grading/attempts/:attemptId/submit, POST} route[39m[38;5;3m +1ms[39m
[32m[Nest] 15212  - [39m08/06/2026, 1:23:33 PM [32m    LOG[39m [38;5;3m[RouterExplorer] [39m[32mMapped {/essay/grading/attempts/:attemptId/approve, POST} route[39m[38;5;3m +0ms[39m
[32m[Nest] 15212  - [39m08/06/2026, 1:23:33 PM [32m    LOG[39m [38;5;3m[RouterExplorer] [39m[32mMapped {/essay/grading/attempts/:attemptId/publish, POST} route[39m[38;5;3m +0ms[39m
[32m[Nest] 15212  - [39m08/06/2026, 1:23:33 PM [32m    LOG[39m [38;5;3m[RouterExplorer] [39m[32mMapped {/essay/grading/attempts/:attemptId/reopen, POST} route[39m[38;5;3m +0ms[39m
[32m[Nest] 15212  - [39m08/06/2026, 1:23:33 PM [32m    LOG[39m [38;5;3m[RouterExplorer] [39m[32mMapped {/essay/grading/attempts/:attemptId/extend-time, POST} route[39m[38;5;3m +0ms[39m
[32m[Nest] 15212  - [39m08/06/2026, 1:23:33 PM [32m    LOG[39m [38;5;3m[RouterExplorer] [39m[32mMapped {/essay/grading/attempts/:attemptId/penalty, POST} route[39m[38;5;3m +1ms[39m
[32m[Nest] 15212  - [39m08/06/2026, 1:23:33 PM [32m    LOG[39m [38;5;3m[RouterExplorer] [39m[32mMapped {/essay/attempt/:token/answers/:questionId/files, POST} route[39m[38;5;3m +0ms[39m
[32m[Nest] 15212  - [39m08/06/2026, 1:23:33 PM [32m    LOG[39m [38;5;3m[RoutesResolver] [39m[32mEssayGradingController {/essay-grading}:[39m[38;5;3m +1ms[39m
[32m[Nest] 15212  - [39m08/06/2026, 1:23:33 PM [32m    LOG[39m [38;5;3m[RouterExplorer] [39m[32mMapped {/essay-grading/assignments, GET} route[39m[38;5;3m +0ms[39m
[32m[Nest] 15212  - [39m08/06/2026, 1:23:33 PM [32m    LOG[39m [38;5;3m[RouterExplorer] [39m[32mMapped {/essay-grading/attempts/:attemptId, GET} route[39m[38;5;3m +1ms[39m
[32m[Nest] 15212  - [39m08/06/2026, 1:23:33 PM [32m    LOG[39m [38;5;3m[RouterExplorer] [39m[32mMapped {/essay-grading/answers/:answerId, PATCH} route[39m[38;5;3m +5ms[39m
[32m[Nest] 15212  - [39m08/06/2026, 1:23:33 PM [32m    LOG[39m [38;5;3m[RouterExplorer] [39m[32mMapped {/essay-grading/answers/:answerId/ai-suggest, POST} route[39m[38;5;3m +0ms[39m
[32m[Nest] 15212  - [39m08/06/2026, 1:23:33 PM [32m    LOG[39m [38;5;3m[RouterExplorer] [39m[32mMapped {/essay-grading/attempts/:attemptId/submit, POST} route[39m[38;5;3m +0ms[39m
[32m[Nest] 15212  - [39m08/06/2026, 1:23:33 PM [32m    LOG[39m [38;5;3m[RouterExplorer] [39m[32mMapped {/essay-grading/attempts/:attemptId/approve, POST} route[39m[38;5;3m +2ms[39m
[32m[Nest] 15212  - [39m08/06/2026, 1:23:33 PM [32m    LOG[39m [38;5;3m[RouterExplorer] [39m[32mMapped {/essay-grading/attempts/:attemptId/publish, POST} route[39m[38;5;3m +1ms[39m
[32m[Nest] 15212  - [39m08/06/2026, 1:23:33 PM [32m    LOG[39m [38;5;3m[RouterExplorer] [39m[32mMapped {/essay-grading/attempts/:attemptId/reopen, POST} route[39m[38;5;3m +0ms[39m
[32m[Nest] 15212  - [39m08/06/2026, 1:23:33 PM [32m    LOG[39m [38;5;3m[RouterExplorer] [39m[32mMapped {/essay-grading/attempts/:attemptId/extend-time, POST} route[39m[38;5;3m +1ms[39m
[32m[Nest] 15212  - [39m08/06/2026, 1:23:33 PM [32m    LOG[39m [38;5;3m[RouterExplorer] [39m[32mMapped {/essay-grading/attempts/:attemptId/penalty, POST} route[39m[38;5;3m +1ms[39m
[32m[Nest] 15212  - [39m08/06/2026, 1:23:33 PM [32m    LOG[39m [38;5;3m[RoutesResolver] [39m[32mEssayConfigController {/online-exam-config}:[39m[38;5;3m +0ms[39m
[32m[Nest] 15212  - [39m08/06/2026, 1:23:33 PM [32m    LOG[39m [38;5;3m[RouterExplorer] [39m[32mMapped {/online-exam-config/:scheduleId/essay, PATCH} route[39m[38;5;3m +0ms[39m
[32m[Nest] 15212  - [39m08/06/2026, 1:23:33 PM [32m    LOG[39m [38;5;3m[RoutesResolver] [39m[32mContactController {/contact}:[39m[38;5;3m +0ms[39m
[32m[Nest] 15212  - [39m08/06/2026, 1:23:33 PM [32m    LOG[39m [38;5;3m[RouterExplorer] [39m[32mMapped {/contact/send, POST} route[39m[38;5;3m +0ms[39m
[32m[Nest] 15212  - [39m08/06/2026, 1:23:33 PM [32m    LOG[39m [38;5;3m[NestApplication] [39m[32mNest application successfully started[39m[38;5;3m +361ms[39m
Backend Application is running on: http://localhost:3001
[32m[Nest] 15212  - [39m08/06/2026, 1:24:29 PM [32m    LOG[39m [38;5;3m[HTTP] [39m[32m[GET] /questions/statistics - Finished in 68ms[39m
[32m[Nest] 15212  - [39m08/06/2026, 1:24:30 PM [32m    LOG[39m [38;5;3m[HTTP] [39m[32m[GET] /exam-papers - Finished in 104ms[39m
[32m[Nest] 15212  - [39m08/06/2026, 1:24:30 PM [32m    LOG[39m [38;5;3m[HTTP] [39m[32m[GET] /classes - Finished in 73ms[39m
[32m[Nest] 15212  - [39m08/06/2026, 1:24:30 PM [32m    LOG[39m [38;5;3m[HTTP] [39m[32m[GET] /exam-schedules - Finished in 96ms[39m
[32m[Nest] 15212  - [39m08/06/2026, 1:24:30 PM [32m    LOG[39m [38;5;3m[HTTP] [39m[32m[GET] /departments - Finished in 67ms[39m
[32m[Nest] 15212  - [39m08/06/2026, 1:24:30 PM [32m    LOG[39m [38;5;3m[HTTP] [39m[32m[GET] /students?page=1&limit=20 - Finished in 19ms[39m
[32m[Nest] 15212  - [39m08/06/2026, 1:24:30 PM [32m    LOG[39m [38;5;3m[HTTP] [39m[32m[GET] /teachers - Finished in 16ms[39m
[32m[Nest] 15212  - [39m08/06/2026, 1:24:30 PM [32m    LOG[39m [38;5;3m[HTTP] [39m[32m[GET] /exam-rooms - Finished in 16ms[39m
[32m[Nest] 15212  - [39m08/06/2026, 1:24:30 PM [32m    LOG[39m [38;5;3m[HTTP] [39m[32m[GET] /subjects - Finished in 28ms[39m
[32m[Nest] 15212  - [39m08/06/2026, 1:24:30 PM [32m    LOG[39m [38;5;3m[HTTP] [39m[32m[GET] /exam-periods - Finished in 22ms[39m
[32m[Nest] 15212  - [39m08/06/2026, 1:24:30 PM [32m    LOG[39m [38;5;3m[HTTP] [39m[32m[GET] /dashboard/overview - Finished in 161ms[39m
[32m[Nest] 15212  - [39m08/06/2026, 1:24:30 PM [32m    LOG[39m [38;5;3m[HTTP] [39m[32m[GET] /questions/filter-options - Finished in 4ms[39m
[32m[Nest] 15212  - [39m08/06/2026, 1:24:30 PM [32m    LOG[39m [38;5;3m[HTTP] [39m[32m[GET] /questions/statistics - Finished in 14ms[39m
[32m[Nest] 15212  - [39m08/06/2026, 1:24:30 PM [32m    LOG[39m [38;5;3m[HTTP] [39m[32m[GET] /exam-arrangement/history - Finished in 21ms[39m
[32m[Nest] 15212  - [39m08/06/2026, 1:24:30 PM [32m    LOG[39m [38;5;3m[HTTP] [39m[32m[GET] /exam-schedules - Finished in 8ms[39m
[32m[Nest] 15212  - [39m08/06/2026, 1:24:30 PM [32m    LOG[39m [38;5;3m[HTTP] [39m[32m[GET] /exam-papers - Finished in 38ms[39m
[32m[Nest] 15212  - [39m08/06/2026, 1:24:30 PM [32m    LOG[39m [38;5;3m[HTTP] [39m[32m[GET] /exam-schedules/trash - Finished in 63ms[39m
[32m[Nest] 15212  - [39m08/06/2026, 1:24:30 PM [32m    LOG[39m [38;5;3m[HTTP] [39m[32m[GET] /questions/statistics - Finished in 16ms[39m
[32m[Nest] 15212  - [39m08/06/2026, 1:24:30 PM [32m    LOG[39m [38;5;3m[HTTP] [39m[32m[GET] /questions?page=1&limit=20 - Finished in 105ms[39m
[32m[Nest] 15212  - [39m08/06/2026, 1:24:30 PM [32m    LOG[39m [38;5;3m[HTTP] [39m[32m[GET] /exam-papers - Finished in 16ms[39m
[32m[Nest] 15212  - [39m08/06/2026, 1:24:30 PM [32m    LOG[39m [38;5;3m[HTTP] [39m[32m[GET] /exam-schedules - Finished in 50ms[39m
[32m[Nest] 15212  - [39m08/06/2026, 1:25:25 PM [32m    LOG[39m [38;5;3m[HTTP] [39m[32m[POST] /exam-papers/8/publish - Finished in 337ms[39m
[32m[Nest] 15212  - [39m08/06/2026, 1:25:25 PM [32m    LOG[39m [38;5;3m[HTTP] [39m[32m[GET] /exam-schedules - Finished in 6ms[39m
[32m[Nest] 15212  - [39m08/06/2026, 1:25:25 PM [32m    LOG[39m [38;5;3m[HTTP] [39m[32m[GET] /exam-papers - Finished in 7ms[39m
[32m[Nest] 15212  - [39m08/06/2026, 1:25:41 PM [32m    LOG[39m [38;5;3m[HTTP] [39m[32m[GET] /questions/statistics - Finished in 5ms[39m
[32m[Nest] 15212  - [39m08/06/2026, 1:25:41 PM [32m    LOG[39m [38;5;3m[HTTP] [39m[32m[GET] /teachers - Finished in 15ms[39m
[32m[Nest] 15212  - [39m08/06/2026, 1:25:41 PM [32m    LOG[39m [38;5;3m[HTTP] [39m[32m[GET] /teachers - Finished in 5ms[39m
[32m[Nest] 15212  - [39m08/06/2026, 1:25:41 PM [32m    LOG[39m [38;5;3m[HTTP] [39m[32m[GET] /exam-schedules/7 - Finished in 28ms[39m
[32m[Nest] 15212  - [39m08/06/2026, 1:25:42 PM [32m    LOG[39m [38;5;3m[HTTP] [39m[32m[GET] /exam-schedules/7 - Finished in 10ms[39m
[32m[Nest] 15212  - [39m08/06/2026, 1:25:42 PM [32m    LOG[39m [38;5;3m[HTTP] [39m[32m[GET] /exam-supervisors?examScheduleId=7 - Finished in 19ms[39m
[32m[Nest] 15212  - [39m08/06/2026, 1:25:42 PM [32m    LOG[39m [38;5;3m[HTTP] [39m[32m[GET] /classes - Finished in 14ms[39m
[32m[Nest] 15212  - [39m08/06/2026, 1:25:42 PM [32m    LOG[39m [38;5;3m[HTTP] [39m[32m[GET] /dashboard/overview - Finished in 27ms[39m
[32m[Nest] 15212  - [39m08/06/2026, 1:25:42 PM [32m    LOG[39m [38;5;3m[HTTP] [39m[32m[GET] /departments - Finished in 28ms[39m
[32m[Nest] 15212  - [39m08/06/2026, 1:25:42 PM [32m    LOG[39m [38;5;3m[HTTP] [39m[32m[GET] /students?page=1&limit=20 - Finished in 20ms[39m
[32m[Nest] 15212  - [39m08/06/2026, 1:25:42 PM [32m    LOG[39m [38;5;3m[HTTP] [39m[32m[GET] /exam-supervisors?examScheduleId=7 - Finished in 11ms[39m
[32m[Nest] 15212  - [39m08/06/2026, 1:25:42 PM [32m    LOG[39m [38;5;3m[HTTP] [39m[32m[GET] /exam-periods - Finished in 5ms[39m
[32m[Nest] 15212  - [39m08/06/2026, 1:25:42 PM [32m    LOG[39m [38;5;3m[HTTP] [39m[32m[GET] /exam-rooms - Finished in 17ms[39m
[32m[Nest] 15212  - [39m08/06/2026, 1:25:42 PM [32m    LOG[39m [38;5;3m[HTTP] [39m[32m[GET] /subjects - Finished in 30ms[39m
[32m[Nest] 15212  - [39m08/06/2026, 1:25:42 PM [32m    LOG[39m [38;5;3m[HTTP] [39m[32m[GET] /exam-schedules/trash - Finished in 21ms[39m
[32m[Nest] 15212  - [39m08/06/2026, 1:25:42 PM [32m    LOG[39m [38;5;3m[HTTP] [39m[32m[GET] /questions/filter-options - Finished in 11ms[39m
[32m[Nest] 15212  - [39m08/06/2026, 1:25:42 PM [32m    LOG[39m [38;5;3m[HTTP] [39m[32m[GET] /exam-arrangement/history - Finished in 12ms[39m
[32m[Nest] 15212  - [39m08/06/2026, 1:25:42 PM [32m    LOG[39m [38;5;3m[HTTP] [39m[32m[GET] /exam-supervisors?examScheduleRoomId=7 - Finished in 12ms[39m
[32m[Nest] 15212  - [39m08/06/2026, 1:25:42 PM [32m    LOG[39m [38;5;3m[HTTP] [39m[32m[GET] /exam-supervisors?examScheduleRoomId=7 - Finished in 9ms[39m
[32m[Nest] 15212  - [39m08/06/2026, 1:25:42 PM [32m    LOG[39m [38;5;3m[HTTP] [39m[32m[GET] /questions?page=1&limit=20 - Finished in 52ms[39m
[32m[Nest] 15212  - [39m08/06/2026, 1:25:48 PM [32m    LOG[39m [38;5;3m[HTTP] [39m[32m[GET] /exam-schedules/10 - Finished in 21ms[39m
[32m[Nest] 15212  - [39m08/06/2026, 1:25:48 PM [32m    LOG[39m [38;5;3m[HTTP] [39m[32m[GET] /exam-supervisors?examScheduleId=10 - Finished in 5ms[39m
[32m[Nest] 15212  - [39m08/06/2026, 1:25:48 PM [32m    LOG[39m [38;5;3m[HTTP] [39m[32m[GET] /exam-supervisors?examScheduleRoomId=8 - Finished in 4ms[39m
[32m[Nest] 15212  - [39m08/06/2026, 1:25:59 PM [32m    LOG[39m [38;5;3m[HTTP] [39m[32m[POST] /auth/login - Finished in 123ms[39m
[32m[Nest] 15212  - [39m08/06/2026, 1:25:59 PM [32m    LOG[39m [38;5;3m[HTTP] [39m[32m[GET] /exam-papers - Finished in 11ms[39m
[32m[Nest] 15212  - [39m08/06/2026, 1:25:59 PM [32m    LOG[39m [38;5;3m[HTTP] [39m[32m[GET] /exam-schedules - Finished in 18ms[39m
[32m[Nest] 15212  - [39m08/06/2026, 1:25:59 PM [32m    LOG[39m [38;5;3m[HTTP] [39m[32m[GET] /teachers/my-assignments - Finished in 26ms[39m
[32m[Nest] 15212  - [39m08/06/2026, 1:25:59 PM [32m    LOG[39m [38;5;3m[HTTP] [39m[32m[GET] /questions/filter-options - Finished in 17ms[39m
[32m[Nest] 15212  - [39m08/06/2026, 1:25:59 PM [32m    LOG[39m [38;5;3m[HTTP] [39m[32m[GET] /questions/statistics - Finished in 8ms[39m
[32m[Nest] 15212  - [39m08/06/2026, 1:25:59 PM [32m    LOG[39m [38;5;3m[HTTP] [39m[32m[GET] /subjects - Finished in 21ms[39m
[32m[Nest] 15212  - [39m08/06/2026, 1:25:59 PM [32m    LOG[39m [38;5;3m[HTTP] [39m[32m[GET] /questions?page=1&limit=20 - Finished in 57ms[39m
[32m[Nest] 15212  - [39m08/06/2026, 1:26:35 PM [32m    LOG[39m [38;5;3m[HTTP] [39m[32m[POST] /auth/login - Finished in 119ms[39m
[32m[Nest] 15212  - [39m08/06/2026, 1:26:35 PM [32m    LOG[39m [38;5;3m[HTTP] [39m[32m[GET] /classes - Finished in 8ms[39m
[32m[Nest] 15212  - [39m08/06/2026, 1:26:35 PM [32m    LOG[39m [38;5;3m[HTTP] [39m[32m[GET] /dashboard/overview - Finished in 22ms[39m
[32m[Nest] 15212  - [39m08/06/2026, 1:26:35 PM [32m    LOG[39m [38;5;3m[HTTP] [39m[32m[GET] /departments - Finished in 13ms[39m
[32m[Nest] 15212  - [39m08/06/2026, 1:26:35 PM [32m    LOG[39m [38;5;3m[HTTP] [39m[32m[GET] /teachers - Finished in 8ms[39m
[32m[Nest] 15212  - [39m08/06/2026, 1:26:35 PM [32m    LOG[39m [38;5;3m[HTTP] [39m[32m[GET] /students?page=1&limit=20 - Finished in 13ms[39m
[32m[Nest] 15212  - [39m08/06/2026, 1:26:35 PM [32m    LOG[39m [38;5;3m[HTTP] [39m[32m[GET] /subjects - Finished in 6ms[39m
[32m[Nest] 15212  - [39m08/06/2026, 1:26:35 PM [32m    LOG[39m [38;5;3m[HTTP] [39m[32m[GET] /exam-periods - Finished in 8ms[39m
[32m[Nest] 15212  - [39m08/06/2026, 1:26:35 PM [32m    LOG[39m [38;5;3m[HTTP] [39m[32m[GET] /exam-rooms - Finished in 14ms[39m
[32m[Nest] 15212  - [39m08/06/2026, 1:26:35 PM [32m    LOG[39m [38;5;3m[HTTP] [39m[32m[GET] /exam-schedules/trash - Finished in 18ms[39m
[32m[Nest] 15212  - [39m08/06/2026, 1:26:35 PM [32m    LOG[39m [38;5;3m[HTTP] [39m[32m[GET] /exam-schedules - Finished in 41ms[39m
[32m[Nest] 15212  - [39m08/06/2026, 1:26:35 PM [32m    LOG[39m [38;5;3m[HTTP] [39m[32m[GET] /exam-papers - Finished in 42ms[39m
[32m[Nest] 15212  - [39m08/06/2026, 1:26:35 PM [32m    LOG[39m [38;5;3m[HTTP] [39m[32m[GET] /questions/statistics - Finished in 25ms[39m
[32m[Nest] 15212  - [39m08/06/2026, 1:26:35 PM [32m    LOG[39m [38;5;3m[HTTP] [39m[32m[GET] /questions/filter-options - Finished in 32ms[39m
[32m[Nest] 15212  - [39m08/06/2026, 1:26:35 PM [32m    LOG[39m [38;5;3m[HTTP] [39m[32m[GET] /exam-arrangement/history - Finished in 11ms[39m
[32m[Nest] 15212  - [39m08/06/2026, 1:26:35 PM [32m    LOG[39m [38;5;3m[HTTP] [39m[32m[GET] /questions?page=1&limit=20 - Finished in 74ms[39m
[32m[Nest] 15212  - [39m08/06/2026, 1:27:35 PM [32m    LOG[39m [38;5;3m[HTTP] [39m[32m[GET] /questions/statistics - Finished in 4ms[39m
[32m[Nest] 15212  - [39m08/06/2026, 1:27:35 PM [32m    LOG[39m [38;5;3m[HTTP] [39m[32m[GET] /teachers - Finished in 5ms[39m
[32m[Nest] 15212  - [39m08/06/2026, 1:27:36 PM [32m    LOG[39m [38;5;3m[HTTP] [39m[32m[GET] /exam-schedules - Finished in 10ms[39m
[32m[Nest] 15212  - [39m08/06/2026, 1:27:36 PM [32m    LOG[39m [38;5;3m[HTTP] [39m[32m[GET] /teachers - Finished in 4ms[39m
[32m[Nest] 15212  - [39m08/06/2026, 1:27:36 PM [32m    LOG[39m [38;5;3m[HTTP] [39m[32m[GET] /exam-schedules - Finished in 12ms[39m
[32m[Nest] 15212  - [39m08/06/2026, 1:27:36 PM [32m    LOG[39m [38;5;3m[HTTP] [39m[32m[GET] /exam-schedules/7 - Finished in 13ms[39m
[32m[Nest] 15212  - [39m08/06/2026, 1:27:36 PM [32m    LOG[39m [38;5;3m[HTTP] [39m[32m[GET] /exam-schedules/7 - Finished in 10ms[39m
[32m[Nest] 15212  - [39m08/06/2026, 1:27:36 PM [32m    LOG[39m [38;5;3m[HTTP] [39m[32m[GET] /exam-supervisors?examScheduleId=7 - Finished in 7ms[39m
[32m[Nest] 15212  - [39m08/06/2026, 1:27:36 PM [32m    LOG[39m [38;5;3m[HTTP] [39m[32m[GET] /exam-supervisors?examScheduleId=7 - Finished in 8ms[39m
[32m[Nest] 15212  - [39m08/06/2026, 1:27:36 PM [32m    LOG[39m [38;5;3m[HTTP] [39m[32m[GET] /exam-supervisors?examScheduleRoomId=7 - Finished in 8ms[39m
[32m[Nest] 15212  - [39m08/06/2026, 1:27:36 PM [32m    LOG[39m [38;5;3m[HTTP] [39m[32m[GET] /exam-supervisors?examScheduleRoomId=7 - Finished in 10ms[39m
[32m[Nest] 15212  - [39m08/06/2026, 1:27:39 PM [32m    LOG[39m [38;5;3m[HTTP] [39m[32m[GET] /exam-arrangement/history - Finished in 7ms[39m
[32m[Nest] 15212  - [39m08/06/2026, 1:27:39 PM [32m    LOG[39m [38;5;3m[HTTP] [39m[32m[GET] /exam-arrangement/history - Finished in 6ms[39m
[32m[Nest] 15212  - [39m08/06/2026, 1:27:39 PM [32m    LOG[39m [38;5;3m[HTTP] [39m[32m[GET] /exam-arrangement/room-availability?examScheduleId=7 - Finished in 24ms[39m
[32m[Nest] 15212  - [39m08/06/2026, 1:27:39 PM [32m    LOG[39m [38;5;3m[HTTP] [39m[32m[GET] /exam-arrangement/history - Finished in 11ms[39m
[32m[Nest] 15212  - [39m08/06/2026, 1:27:39 PM [32m    LOG[39m [38;5;3m[HTTP] [39m[32m[GET] /exam-arrangement/room-availability?examScheduleId=7 - Finished in 15ms[39m
[32m[Nest] 15212  - [39m08/06/2026, 1:27:39 PM [32m    LOG[39m [38;5;3m[HTTP] [39m[32m[GET] /exam-arrangement/result?examScheduleId=7 - Finished in 14ms[39m
[32m[Nest] 15212  - [39m08/06/2026, 1:27:39 PM [32m    LOG[39m [38;5;3m[HTTP] [39m[32m[GET] /exam-arrangement/room-availability?examScheduleId=7 - Finished in 8ms[39m
[32m[Nest] 15212  - [39m08/06/2026, 1:27:39 PM [32m    LOG[39m [38;5;3m[HTTP] [39m[32m[GET] /exam-arrangement/result?examScheduleId=7 - Finished in 11ms[39m
[32m[Nest] 15212  - [39m08/06/2026, 1:27:46 PM [32m    LOG[39m [38;5;3m[HTTP] [39m[32m[GET] /exam-rooms - Finished in 6ms[39m
[32m[Nest] 15212  - [39m08/06/2026, 1:27:46 PM [32m    LOG[39m [38;5;3m[HTTP] [39m[32m[GET] /exam-periods - Finished in 10ms[39m
[32m[Nest] 15212  - [39m08/06/2026, 1:27:46 PM [32m    LOG[39m [38;5;3m[HTTP] [39m[32m[GET] /exam-rooms - Finished in 14ms[39m
[32m[Nest] 15212  - [39m08/06/2026, 1:27:46 PM [32m    LOG[39m [38;5;3m[HTTP] [39m[32m[GET] /exam-periods - Finished in 10ms[39m
[32m[Nest] 15212  - [39m08/06/2026, 1:29:59 PM [32m    LOG[39m [38;5;3m[HTTP] [39m[32m[GET] /questions/statistics - Finished in 117ms[39m
[32m[Nest] 15212  - [39m08/06/2026, 1:31:31 PM [32m    LOG[39m [38;5;3m[HTTP] [39m[32m[GET] /departments - Finished in 59ms[39m
[32m[Nest] 15212  - [39m08/06/2026, 1:31:31 PM [32m    LOG[39m [38;5;3m[HTTP] [39m[32m[GET] /subjects - Finished in 77ms[39m
[32m[Nest] 15212  - [39m08/06/2026, 1:31:31 PM [32m    LOG[39m [38;5;3m[HTTP] [39m[32m[GET] /departments - Finished in 7ms[39m
[32m[Nest] 15212  - [39m08/06/2026, 1:31:32 PM [32m    LOG[39m [38;5;3m[HTTP] [39m[32m[GET] /subjects - Finished in 11ms[39m
[32m[Nest] 15212  - [39m08/06/2026, 1:31:32 PM [32m    LOG[39m [38;5;3m[HTTP] [39m[32m[GET] /questions/statistics - Finished in 122ms[39m
[32m[Nest] 15212  - [39m08/06/2026, 1:31:41 PM [32m    LOG[39m [38;5;3m[HTTP] [39m[32m[GET] /exam-schedules - Finished in 164ms[39m
[32m[Nest] 15212  - [39m08/06/2026, 1:31:41 PM [32m    LOG[39m [38;5;3m[HTTP] [39m[32m[GET] /exam-schedules - Finished in 75ms[39m
[32m[Nest] 15212  - [39m08/06/2026, 1:31:41 PM [32m    LOG[39m [38;5;3m[HTTP] [39m[32m[GET] /online-exams/schedule/7/grade-report - Finished in 209ms[39m
[32m[Nest] 15212  - [39m08/06/2026, 1:31:48 PM [32m    LOG[39m [38;5;3m[HTTP] [39m[32m[GET] /exam-papers - Finished in 23ms[39m
[32m[Nest] 15212  - [39m08/06/2026, 1:31:48 PM [32m    LOG[39m [38;5;3m[HTTP] [39m[32m[GET] /exam-papers - Finished in 6ms[39m
[32m[Nest] 15212  - [39m08/06/2026, 1:33:06 PM [32m    LOG[39m [38;5;3m[HTTP] [39m[32m[GET] /exam-papers - Finished in 22ms[39m
[32m[Nest] 15212  - [39m08/06/2026, 1:33:06 PM [32m    LOG[39m [38;5;3m[HTTP] [39m[32m[GET] /exam-schedules - Finished in 100ms[39m
[32m[Nest] 15212  - [39m08/06/2026, 1:35:58 PM [32m    LOG[39m [38;5;3m[HTTP] [39m[32m[GET] /exam-papers/7 - Finished in 159ms[39m
[32m[Nest] 15212  - [39m08/06/2026, 1:37:19 PM [32m    LOG[39m [38;5;3m[HTTP] [39m[32m[GET] /questions/statistics - Finished in 89ms[39m
[32m[Nest] 15212  - [39m08/06/2026, 1:37:19 PM [32m    LOG[39m [38;5;3m[HTTP] [39m[32m[GET] /exam-schedules - Finished in 109ms[39m
[32m[Nest] 15212  - [39m08/06/2026, 1:37:19 PM [32m    LOG[39m [38;5;3m[HTTP] [39m[32m[GET] /exam-schedules - Finished in 14ms[39m
[32m[Nest] 15212  - [39m08/06/2026, 1:37:19 PM [32m    LOG[39m [38;5;3m[HTTP] [39m[32m[GET] /online-exams/schedule/7/grade-report - Finished in 79ms[39m
[32m[Nest] 15212  - [39m08/06/2026, 1:37:23 PM [32m    LOG[39m [38;5;3m[HTTP] [39m[32m[GET] /exam-papers - Finished in 41ms[39m
[32m[Nest] 15212  - [39m08/06/2026, 1:37:23 PM [32m    LOG[39m [38;5;3m[HTTP] [39m[32m[GET] /exam-papers - Finished in 8ms[39m
[32m[Nest] 15212  - [39m08/06/2026, 1:37:58 PM [32m    LOG[39m [38;5;3m[HTTP] [39m[32m[GET] /exam-arrangement/history - Finished in 49ms[39m
[32m[Nest] 15212  - [39m08/06/2026, 1:37:58 PM [32m    LOG[39m [38;5;3m[HTTP] [39m[32m[GET] /exam-arrangement/history - Finished in 10ms[39m
[32m[Nest] 15212  - [39m08/06/2026, 1:37:59 PM [32m    LOG[39m [38;5;3m[HTTP] [39m[32m[GET] /exam-schedules - Finished in 71ms[39m
[32m[Nest] 15212  - [39m08/06/2026, 1:37:59 PM [32m    LOG[39m [38;5;3m[HTTP] [39m[32m[GET] /exam-schedules - Finished in 14ms[39m
[32m[Nest] 15212  - [39m08/06/2026, 1:37:59 PM [32m    LOG[39m [38;5;3m[HTTP] [39m[32m[GET] /questions/statistics - Finished in 136ms[39m
[32m[Nest] 15212  - [39m08/06/2026, 1:37:59 PM [32m    LOG[39m [38;5;3m[HTTP] [39m[32m[GET] /exam-arrangement/room-availability?examScheduleId=7 - Finished in 32ms[39m
[32m[Nest] 15212  - [39m08/06/2026, 1:37:59 PM [32m    LOG[39m [38;5;3m[HTTP] [39m[32m[GET] /exam-arrangement/room-availability?examScheduleId=7 - Finished in 15ms[39m
[32m[Nest] 15212  - [39m08/06/2026, 1:37:59 PM [32m    LOG[39m [38;5;3m[HTTP] [39m[32m[GET] /exam-arrangement/room-availability?examScheduleId=7 - Finished in 26ms[39m
[32m[Nest] 15212  - [39m08/06/2026, 1:37:59 PM [32m    LOG[39m [38;5;3m[HTTP] [39m[32m[GET] /exam-arrangement/result?examScheduleId=7 - Finished in 25ms[39m
[32m[Nest] 15212  - [39m08/06/2026, 1:37:59 PM [32m    LOG[39m [38;5;3m[HTTP] [39m[32m[GET] /exam-arrangement/room-availability?examScheduleId=7 - Finished in 10ms[39m
[32m[Nest] 15212  - [39m08/06/2026, 1:37:59 PM [32m    LOG[39m [38;5;3m[HTTP] [39m[32m[GET] /exam-arrangement/result?examScheduleId=7 - Finished in 7ms[39m
[32m[Nest] 15212  - [39m08/06/2026, 1:37:59 PM [32m    LOG[39m [38;5;3m[HTTP] [39m[32m[GET] /exam-arrangement/result?examScheduleId=7 - Finished in 8ms[39m
[32m[Nest] 15212  - [39m08/06/2026, 1:38:02 PM [32m    LOG[39m [38;5;3m[HTTP] [39m[32m[GET] /exam-rooms - Finished in 4ms[39m
[32m[Nest] 15212  - [39m08/06/2026, 1:38:02 PM [32m    LOG[39m [38;5;3m[HTTP] [39m[32m[GET] /exam-rooms - Finished in 14ms[39m
[32m[Nest] 15212  - [39m08/06/2026, 1:38:26 PM [32m    LOG[39m [38;5;3m[HTTP] [39m[32m[GET] /exam-periods - Finished in 23ms[39m
[32m[Nest] 15212  - [39m08/06/2026, 1:38:26 PM [32m    LOG[39m [38;5;3m[HTTP] [39m[32m[GET] /exam-periods - Finished in 4ms[39m
[32m[Nest] 15212  - [39m08/06/2026, 1:39:00 PM [32m    LOG[39m [38;5;3m[HTTP] [39m[32m[GET] /departments - Finished in 99ms[39m
[32m[Nest] 15212  - [39m08/06/2026, 1:39:00 PM [32m    LOG[39m [38;5;3m[HTTP] [39m[32m[GET] /subjects - Finished in 114ms[39m
[32m[Nest] 15212  - [39m08/06/2026, 1:39:00 PM [32m    LOG[39m [38;5;3m[HTTP] [39m[32m[GET] /departments - Finished in 9ms[39m
[32m[Nest] 15212  - [39m08/06/2026, 1:39:00 PM [32m    LOG[39m [38;5;3m[HTTP] [39m[32m[GET] /subjects - Finished in 23ms[39m
[32m[Nest] 15212  - [39m08/06/2026, 1:39:16 PM [32m    LOG[39m [38;5;3m[HTTP] [39m[32m[GET] /exam-schedules - Finished in 60ms[39m
[32m[Nest] 15212  - [39m08/06/2026, 1:39:17 PM [32m    LOG[39m [38;5;3m[HTTP] [39m[32m[GET] /exam-papers - Finished in 201ms[39m
[32m[Nest] 15212  - [39m08/06/2026, 1:39:17 PM [32m    LOG[39m [38;5;3m[HTTP] [39m[32m[GET] /exam-schedules - Finished in 107ms[39m
[32m[Nest] 15212  - [39m08/06/2026, 1:39:17 PM [32m    LOG[39m [38;5;3m[HTTP] [39m[32m[GET] /exam-papers - Finished in 35ms[39m
[32m[Nest] 15212  - [39m08/06/2026, 1:39:58 PM [32m    LOG[39m [38;5;3m[HTTP] [39m[32m[GET] /exam-arrangement/history - Finished in 119ms[39m
[32m[Nest] 15212  - [39m08/06/2026, 1:39:59 PM [32m    LOG[39m [38;5;3m[HTTP] [39m[32m[GET] /exam-schedules - Finished in 285ms[39m
[32m[Nest] 15212  - [39m08/06/2026, 1:39:59 PM [32m    LOG[39m [38;5;3m[HTTP] [39m[32m[GET] /exam-arrangement/history - Finished in 132ms[39m
[32m[Nest] 15212  - [39m08/06/2026, 1:39:59 PM [32m    LOG[39m [38;5;3m[HTTP] [39m[32m[GET] /exam-schedules - Finished in 44ms[39m
[32m[Nest] 15212  - [39m08/06/2026, 1:39:59 PM [32m    LOG[39m [38;5;3m[HTTP] [39m[32m[GET] /questions/statistics - Finished in 978ms[39m
[32m[Nest] 15212  - [39m08/06/2026, 1:39:59 PM [32m    LOG[39m [38;5;3m[HTTP] [39m[32m[GET] /exam-arrangement/room-availability?examScheduleId=7 - Finished in 95ms[39m
[32m[Nest] 15212  - [39m08/06/2026, 1:40:00 PM [32m    LOG[39m [38;5;3m[HTTP] [39m[32m[GET] /exam-arrangement/room-availability?examScheduleId=7 - Finished in 93ms[39m
[32m[Nest] 15212  - [39m08/06/2026, 1:40:00 PM [32m    LOG[39m [38;5;3m[HTTP] [39m[32m[GET] /exam-arrangement/room-availability?examScheduleId=7 - Finished in 75ms[39m
[32m[Nest] 15212  - [39m08/06/2026, 1:40:00 PM [32m    LOG[39m [38;5;3m[HTTP] [39m[32m[GET] /exam-arrangement/result?examScheduleId=7 - Finished in 32ms[39m
[32m[Nest] 15212  - [39m08/06/2026, 1:40:00 PM [32m    LOG[39m [38;5;3m[HTTP] [39m[32m[GET] /exam-arrangement/result?examScheduleId=7 - Finished in 9ms[39m
[32m[Nest] 15212  - [39m08/06/2026, 1:40:00 PM [32m    LOG[39m [38;5;3m[HTTP] [39m[32m[GET] /exam-arrangement/result?examScheduleId=7 - Finished in 10ms[39m
[32m[Nest] 15212  - [39m08/06/2026, 1:42:14 PM [32m    LOG[39m [38;5;3m[HTTP] [39m[32m[GET] /questions/statistics - Finished in 42ms[39m
[32m[Nest] 15212  - [39m08/06/2026, 1:42:14 PM [32m    LOG[39m [38;5;3m[HTTP] [39m[32m[GET] /exam-papers - Finished in 73ms[39m
[32m[Nest] 15212  - [39m08/06/2026, 1:42:14 PM [32m    LOG[39m [38;5;3m[HTTP] [39m[32m[GET] /exam-papers - Finished in 7ms[39m
[32m[Nest] 15212  - [39m08/06/2026, 1:42:14 PM [32m    LOG[39m [38;5;3m[HTTP] [39m[32m[GET] /exam-schedules - Finished in 140ms[39m
[32m[Nest] 15212  - [39m08/06/2026, 1:42:14 PM [32m    LOG[39m [38;5;3m[HTTP] [39m[32m[GET] /exam-schedules - Finished in 8ms[39m
[32m[Nest] 15212  - [39m08/06/2026, 1:43:06 PM [32m    LOG[39m [38;5;3m[HTTP] [39m[32m[GET] /exam-periods - Finished in 34ms[39m
[32m[Nest] 15212  - [39m08/06/2026, 1:43:06 PM [32m    LOG[39m [38;5;3m[HTTP] [39m[32m[GET] /exam-periods - Finished in 9ms[39m
[32m[Nest] 15212  - [39m08/06/2026, 1:43:07 PM [32m    LOG[39m [38;5;3m[HTTP] [39m[32m[GET] /questions/statistics - Finished in 83ms[39m
[32m[Nest] 15212  - [39m08/06/2026, 1:43:07 PM [32m    LOG[39m [38;5;3m[HTTP] [39m[32m[GET] /exam-rooms - Finished in 20ms[39m
[32m[Nest] 15212  - [39m08/06/2026, 1:43:07 PM [32m    LOG[39m [38;5;3m[HTTP] [39m[32m[GET] /exam-rooms - Finished in 3ms[39m
[32m[Nest] 15212  - [39m08/06/2026, 1:43:07 PM [32m    LOG[39m [38;5;3m[HTTP] [39m[32m[GET] /exam-schedules - Finished in 83ms[39m
[32m[Nest] 15212  - [39m08/06/2026, 1:43:07 PM [32m    LOG[39m [38;5;3m[HTTP] [39m[32m[GET] /exam-schedules - Finished in 6ms[39m
[32m[Nest] 15212  - [39m08/06/2026, 1:44:07 PM [32m    LOG[39m [38;5;3m[HTTP] [39m[32m[GET] /exam-rooms - Finished in 5ms[39m
[32m[Nest] 15212  - [39m08/06/2026, 1:44:07 PM [32m    LOG[39m [38;5;3m[HTTP] [39m[32m[GET] /exam-periods - Finished in 12ms[39m
[32m[Nest] 15212  - [39m08/06/2026, 1:44:07 PM [32m    LOG[39m [38;5;3m[HTTP] [39m[32m[GET] /exam-schedules - Finished in 69ms[39m
[32m[Nest] 15212  - [39m08/06/2026, 1:46:33 PM [32m    LOG[39m [38;5;3m[HTTP] [39m[32m[GET] /exam-periods - Finished in 84ms[39m
[32m[Nest] 15212  - [39m08/06/2026, 1:46:33 PM [32m    LOG[39m [38;5;3m[HTTP] [39m[32m[GET] /exam-schedules - Finished in 90ms[39m
[32m[Nest] 15212  - [39m08/06/2026, 1:46:33 PM [32m    LOG[39m [38;5;3m[HTTP] [39m[32m[GET] /exam-periods - Finished in 3ms[39m
[32m[Nest] 15212  - [39m08/06/2026, 1:46:33 PM [32m    LOG[39m [38;5;3m[HTTP] [39m[32m[GET] /exam-schedules - Finished in 19ms[39m
[32m[Nest] 15212  - [39m08/06/2026, 1:46:33 PM [32m    LOG[39m [38;5;3m[HTTP] [39m[32m[GET] /exam-rooms - Finished in 12ms[39m
[32m[Nest] 15212  - [39m08/06/2026, 1:46:33 PM [32m    LOG[39m [38;5;3m[HTTP] [39m[32m[GET] /exam-rooms - Finished in 3ms[39m
[32m[Nest] 15212  - [39m08/06/2026, 1:49:48 PM [32m    LOG[39m [38;5;3m[HTTP] [39m[32m[GET] /exam-rooms - Finished in 88ms[39m
[32m[Nest] 15212  - [39m08/06/2026, 1:49:48 PM [32m    LOG[39m [38;5;3m[HTTP] [39m[32m[GET] /exam-periods - Finished in 95ms[39m
[32m[Nest] 15212  - [39m08/06/2026, 1:49:48 PM [32m    LOG[39m [38;5;3m[HTTP] [39m[32m[GET] /exam-schedules - Finished in 114ms[39m
[32m[Nest] 15212  - [39m08/06/2026, 1:51:29 PM [32m    LOG[39m [38;5;3m[HTTP] [39m[32m[GET] /exam-rooms - Finished in 79ms[39m
[32m[Nest] 15212  - [39m08/06/2026, 1:51:29 PM [32m    LOG[39m [38;5;3m[HTTP] [39m[32m[GET] /exam-periods - Finished in 201ms[39m
[32m[Nest] 15212  - [39m08/06/2026, 1:51:29 PM [32m    LOG[39m [38;5;3m[HTTP] [39m[32m[GET] /exam-schedules - Finished in 428ms[39m
[2J[3J[H[[90m1:51:57 PM[0m] File change detected. Starting incremental compilation...

[[90m1:52:00 PM[0m] Found 0 errors. Watching for file changes.

[2J[3J[H[[90m1:52:01 PM[0m] File change detected. Starting incremental compilation...

[[90m1:52:02 PM[0m] Found 0 errors. Watching for file changes.

[2J[3J[H[[90m1:52:06 PM[0m] File change detected. Starting incremental compilation...

[[90m1:52:07 PM[0m] Found 0 errors. Watching for file changes.

[2J[3J[H[[90m1:52:14 PM[0m] File change detected. Starting incremental compilation...

[[90m1:52:15 PM[0m] Found 0 errors. Watching for file changes.

[2J[3J[H[[90m1:52:16 PM[0m] File change detected. Starting incremental compilation...

[[90m1:52:17 PM[0m] Found 0 errors. Watching for file changes.

[32m[Nest] 5040  - [39m08/06/2026, 1:52:26 PM [32m    LOG[39m [38;5;3m[NestFactory] [39m[32mStarting Nest application...[39m
[32m[Nest] 5040  - [39m08/06/2026, 1:52:26 PM [32m    LOG[39m [38;5;3m[InstanceLoader] [39m[32mAppModule dependencies initialized[39m[38;5;3m +63ms[39m
[32m[Nest] 5040  - [39m08/06/2026, 1:52:26 PM [32m    LOG[39m [38;5;3m[InstanceLoader] [39m[32mPrismaModule dependencies initialized[39m[38;5;3m +39ms[39m
[32m[Nest] 5040  - [39m08/06/2026, 1:52:26 PM [32m    LOG[39m [38;5;3m[InstanceLoader] [39m[32mPassportModule dependencies initialized[39m[38;5;3m +1ms[39m
[32m[Nest] 5040  - [39m08/06/2026, 1:52:26 PM [32m    LOG[39m [38;5;3m[InstanceLoader] [39m[32mSecurityModule dependencies initialized[39m[38;5;3m +53ms[39m
[32m[Nest] 5040  - [39m08/06/2026, 1:52:26 PM [32m    LOG[39m [38;5;3m[InstanceLoader] [39m[32mAuditModule dependencies initialized[39m[38;5;3m +1ms[39m
[32m[Nest] 5040  - [39m08/06/2026, 1:52:26 PM [32m    LOG[39m [38;5;3m[InstanceLoader] [39m[32mConfigHostModule dependencies initialized[39m[38;5;3m +1ms[39m
[32m[Nest] 5040  - [39m08/06/2026, 1:52:26 PM [32m    LOG[39m [38;5;3m[InstanceLoader] [39m[32mJwtModule dependencies initialized[39m[38;5;3m +0ms[39m
[32m[Nest] 5040  - [39m08/06/2026, 1:52:26 PM [32m    LOG[39m [38;5;3m[InstanceLoader] [39m[32mConfigModule dependencies initialized[39m[38;5;3m +10ms[39m
[32m[Nest] 5040  - [39m08/06/2026, 1:52:26 PM [32m    LOG[39m [38;5;3m[InstanceLoader] [39m[32mUsersModule dependencies initialized[39m[38;5;3m +18ms[39m
[32m[Nest] 5040  - [39m08/06/2026, 1:52:26 PM [32m    LOG[39m [38;5;3m[InstanceLoader] [39m[32mDepartmentsModule dependencies initialized[39m[38;5;3m +0ms[39m
[32m[Nest] 5040  - [39m08/06/2026, 1:52:26 PM [32m    LOG[39m [38;5;3m[InstanceLoader] [39m[32mClassesModule dependencies initialized[39m[38;5;3m +1ms[39m
[32m[Nest] 5040  - [39m08/06/2026, 1:52:26 PM [32m    LOG[39m [38;5;3m[InstanceLoader] [39m[32mStudentsModule dependencies initialized[39m[38;5;3m +0ms[39m
[32m[Nest] 5040  - [39m08/06/2026, 1:52:26 PM [32m    LOG[39m [38;5;3m[InstanceLoader] [39m[32mSubjectsModule dependencies initialized[39m[38;5;3m +0ms[39m
[32m[Nest] 5040  - [39m08/06/2026, 1:52:26 PM [32m    LOG[39m [38;5;3m[InstanceLoader] [39m[32mDashboardModule dependencies initialized[39m[38;5;3m +0ms[39m
[32m[Nest] 5040  - [39m08/06/2026, 1:52:26 PM [32m    LOG[39m [38;5;3m[InstanceLoader] [39m[32mContactModule dependencies initialized[39m[38;5;3m +0ms[39m
[32m[Nest] 5040  - [39m08/06/2026, 1:52:26 PM [32m    LOG[39m [38;5;3m[InstanceLoader] [39m[32mProctorModule dependencies initialized[39m[38;5;3m +2ms[39m
[32m[Nest] 5040  - [39m08/06/2026, 1:52:26 PM [32m    LOG[39m [38;5;3m[InstanceLoader] [39m[32mTeachersModule dependencies initialized[39m[38;5;3m +1ms[39m
[32m[Nest] 5040  - [39m08/06/2026, 1:52:26 PM [32m    LOG[39m [38;5;3m[InstanceLoader] [39m[32mExamRoomsModule dependencies initialized[39m[38;5;3m +0ms[39m
[32m[Nest] 5040  - [39m08/06/2026, 1:52:26 PM [32m    LOG[39m [38;5;3m[InstanceLoader] [39m[32mExamPeriodsModule dependencies initialized[39m[38;5;3m +0ms[39m
[32m[Nest] 5040  - [39m08/06/2026, 1:52:26 PM [32m    LOG[39m [38;5;3m[InstanceLoader] [39m[32mExamSchedulesModule dependencies initialized[39m[38;5;3m +0ms[39m
[32m[Nest] 5040  - [39m08/06/2026, 1:52:26 PM [32m    LOG[39m [38;5;3m[InstanceLoader] [39m[32mExamArrangementModule dependencies initialized[39m[38;5;3m +0ms[39m
[32m[Nest] 5040  - [39m08/06/2026, 1:52:26 PM [32m    LOG[39m [38;5;3m[InstanceLoader] [39m[32mExamSupervisorsModule dependencies initialized[39m[38;5;3m +0ms[39m
[32m[Nest] 5040  - [39m08/06/2026, 1:52:26 PM [32m    LOG[39m [38;5;3m[InstanceLoader] [39m[32mQuestionsModule dependencies initialized[39m[38;5;3m +0ms[39m
[32m[Nest] 5040  - [39m08/06/2026, 1:52:26 PM [32m    LOG[39m [38;5;3m[InstanceLoader] [39m[32mExamPapersModule dependencies initialized[39m[38;5;3m +0ms[39m
[32m[Nest] 5040  - [39m08/06/2026, 1:52:26 PM [32m    LOG[39m [38;5;3m[InstanceLoader] [39m[32mEssayModule dependencies initialized[39m[38;5;3m +0ms[39m
[32m[Nest] 5040  - [39m08/06/2026, 1:52:26 PM [32m    LOG[39m [38;5;3m[InstanceLoader] [39m[32mOnlineExamsModule dependencies initialized[39m[38;5;3m +0ms[39m
[32m[Nest] 5040  - [39m08/06/2026, 1:52:26 PM [32m    LOG[39m [38;5;3m[InstanceLoader] [39m[32mAuthModule dependencies initialized[39m[38;5;3m +0ms[39m
[32m[Nest] 5040  - [39m08/06/2026, 1:52:26 PM [32m    LOG[39m [38;5;3m[RoutesResolver] [39m[32mAuthController {/auth}:[39m[38;5;3m +18ms[39m
[32m[Nest] 5040  - [39m08/06/2026, 1:52:26 PM [32m    LOG[39m [38;5;3m[RouterExplorer] [39m[32mMapped {/auth/login, POST} route[39m[38;5;3m +7ms[39m
[32m[Nest] 5040  - [39m08/06/2026, 1:52:26 PM [32m    LOG[39m [38;5;3m[RouterExplorer] [39m[32mMapped {/auth/profile, GET} route[39m[38;5;3m +2ms[39m
[32m[Nest] 5040  - [39m08/06/2026, 1:52:26 PM [32m    LOG[39m [38;5;3m[RouterExplorer] [39m[32mMapped {/auth/change-password, POST} route[39m[38;5;3m +0ms[39m
[32m[Nest] 5040  - [39m08/06/2026, 1:52:26 PM [32m    LOG[39m [38;5;3m[RouterExplorer] [39m[32mMapped {/auth/profile, POST} route[39m[38;5;3m +1ms[39m
[32m[Nest] 5040  - [39m08/06/2026, 1:52:26 PM [32m    LOG[39m [38;5;3m[RoutesResolver] [39m[32mUsersController {/users}:[39m[38;5;3m +1ms[39m
[32m[Nest] 5040  - [39m08/06/2026, 1:52:26 PM [32m    LOG[39m [38;5;3m[RouterExplorer] [39m[32mMapped {/users/dashboard-stats, GET} route[39m[38;5;3m +1ms[39m
[32m[Nest] 5040  - [39m08/06/2026, 1:52:26 PM [32m    LOG[39m [38;5;3m[RouterExplorer] [39m[32mMapped {/users, GET} route[39m[38;5;3m +0ms[39m
[32m[Nest] 5040  - [39m08/06/2026, 1:52:26 PM [32m    LOG[39m [38;5;3m[RouterExplorer] [39m[32mMapped {/users/:id, GET} route[39m[38;5;3m +1ms[39m
[32m[Nest] 5040  - [39m08/06/2026, 1:52:26 PM [32m    LOG[39m [38;5;3m[RoutesResolver] [39m[32mDepartmentsController {/departments}:[39m[38;5;3m +1ms[39m
[32m[Nest] 5040  - [39m08/06/2026, 1:52:26 PM [32m    LOG[39m [38;5;3m[RouterExplorer] [39m[32mMapped {/departments, GET} route[39m[38;5;3m +1ms[39m
[32m[Nest] 5040  - [39m08/06/2026, 1:52:26 PM [32m    LOG[39m [38;5;3m[RouterExplorer] [39m[32mMapped {/departments/:id/curriculum, GET} route[39m[38;5;3m +0ms[39m
[32m[Nest] 5040  - [39m08/06/2026, 1:52:26 PM [32m    LOG[39m [38;5;3m[RouterExplorer] [39m[32mMapped {/departments/:id, GET} route[39m[38;5;3m +2ms[39m
[32m[Nest] 5040  - [39m08/06/2026, 1:52:26 PM [32m    LOG[39m [38;5;3m[RouterExplorer] [39m[32mMapped {/departments, POST} route[39m[38;5;3m +0ms[39m
[32m[Nest] 5040  - [39m08/06/2026, 1:52:26 PM [32m    LOG[39m [38;5;3m[RouterExplorer] [39m[32mMapped {/departments/:id/curriculum, POST} route[39m[38;5;3m +1ms[39m
[32m[Nest] 5040  - [39m08/06/2026, 1:52:26 PM [32m    LOG[39m [38;5;3m[RouterExplorer] [39m[32mMapped {/departments/:id, PATCH} route[39m[38;5;3m +0ms[39m
[32m[Nest] 5040  - [39m08/06/2026, 1:52:26 PM [32m    LOG[39m [38;5;3m[RouterExplorer] [39m[32mMapped {/departments/:id/curriculum/:subjectId, DELETE} route[39m[38;5;3m +1ms[39m
[32m[Nest] 5040  - [39m08/06/2026, 1:52:26 PM [32m    LOG[39m [38;5;3m[RouterExplorer] [39m[32mMapped {/departments/:id, DELETE} route[39m[38;5;3m +0ms[39m
[32m[Nest] 5040  - [39m08/06/2026, 1:52:26 PM [32m    LOG[39m [38;5;3m[RoutesResolver] [39m[32mClassesController {/classes}:[39m[38;5;3m +1ms[39m
[32m[Nest] 5040  - [39m08/06/2026, 1:52:26 PM [32m    LOG[39m [38;5;3m[RouterExplorer] [39m[32mMapped {/classes, GET} route[39m[38;5;3m +0ms[39m
[32m[Nest] 5040  - [39m08/06/2026, 1:52:26 PM [32m    LOG[39m [38;5;3m[RouterExplorer] [39m[32mMapped {/classes/:id, GET} route[39m[38;5;3m +1ms[39m
[32m[Nest] 5040  - [39m08/06/2026, 1:52:26 PM [32m    LOG[39m [38;5;3m[RouterExplorer] [39m[32mMapped {/classes, POST} route[39m[38;5;3m +1ms[39m
[32m[Nest] 5040  - [39m08/06/2026, 1:52:26 PM [32m    LOG[39m [38;5;3m[RouterExplorer] [39m[32mMapped {/classes/:id, PATCH} route[39m[38;5;3m +1ms[39m
[32m[Nest] 5040  - [39m08/06/2026, 1:52:26 PM [32m    LOG[39m [38;5;3m[RouterExplorer] [39m[32mMapped {/classes/:id, DELETE} route[39m[38;5;3m +1ms[39m
[32m[Nest] 5040  - [39m08/06/2026, 1:52:26 PM [32m    LOG[39m [38;5;3m[RoutesResolver] [39m[32mStudentsController {/students}:[39m[38;5;3m +0ms[39m
[32m[Nest] 5040  - [39m08/06/2026, 1:52:26 PM [32m    LOG[39m [38;5;3m[RouterExplorer] [39m[32mMapped {/students/my-schedule, GET} route[39m[38;5;3m +1ms[39m
[32m[Nest] 5040  - [39m08/06/2026, 1:52:26 PM [32m    LOG[39m [38;5;3m[RouterExplorer] [39m[32mMapped {/students/my-curriculum, GET} route[39m[38;5;3m +0ms[39m
[32m[Nest] 5040  - [39m08/06/2026, 1:52:26 PM [32m    LOG[39m [38;5;3m[RouterExplorer] [39m[32mMapped {/students, GET} route[39m[38;5;3m +0ms[39m
[32m[Nest] 5040  - [39m08/06/2026, 1:52:26 PM [32m    LOG[39m [38;5;3m[RouterExplorer] [39m[32mMapped {/students/:id, GET} route[39m[38;5;3m +1ms[39m
[32m[Nest] 5040  - [39m08/06/2026, 1:52:26 PM [32m    LOG[39m [38;5;3m[RouterExplorer] [39m[32mMapped {/students, POST} route[39m[38;5;3m +0ms[39m
[32m[Nest] 5040  - [39m08/06/2026, 1:52:26 PM [32m    LOG[39m [38;5;3m[RouterExplorer] [39m[32mMapped {/students/:id, PATCH} route[39m[38;5;3m +1ms[39m
[32m[Nest] 5040  - [39m08/06/2026, 1:52:26 PM [32m    LOG[39m [38;5;3m[RouterExplorer] [39m[32mMapped {/students/:id, DELETE} route[39m[38;5;3m +0ms[39m
[32m[Nest] 5040  - [39m08/06/2026, 1:52:26 PM [32m    LOG[39m [38;5;3m[RoutesResolver] [39m[32mTeachersController {/teachers}:[39m[38;5;3m +0ms[39m
[32m[Nest] 5040  - [39m08/06/2026, 1:52:26 PM [32m    LOG[39m [38;5;3m[RouterExplorer] [39m[32mMapped {/teachers/my-assignments, GET} route[39m[38;5;3m +1ms[39m
[32m[Nest] 5040  - [39m08/06/2026, 1:52:26 PM [32m    LOG[39m [38;5;3m[RouterExplorer] [39m[32mMapped {/teachers/my-assignments/:id/status, PATCH} route[39m[38;5;3m +0ms[39m
[32m[Nest] 5040  - [39m08/06/2026, 1:52:26 PM [32m    LOG[39m [38;5;3m[RouterExplorer] [39m[32mMapped {/teachers/my-assignments/:id/attendance-sheet, GET} route[39m[38;5;3m +0ms[39m
[32m[Nest] 5040  - [39m08/06/2026, 1:52:26 PM [32m    LOG[39m [38;5;3m[RouterExplorer] [39m[32mMapped {/teachers, GET} route[39m[38;5;3m +0ms[39m
[32m[Nest] 5040  - [39m08/06/2026, 1:52:26 PM [32m    LOG[39m [38;5;3m[RouterExplorer] [39m[32mMapped {/teachers/:id/lock, POST} route[39m[38;5;3m +1ms[39m
[32m[Nest] 5040  - [39m08/06/2026, 1:52:26 PM [32m    LOG[39m [38;5;3m[RouterExplorer] [39m[32mMapped {/teachers/:id/unlock, POST} route[39m[38;5;3m +0ms[39m
[32m[Nest] 5040  - [39m08/06/2026, 1:52:26 PM [32m    LOG[39m [38;5;3m[RouterExplorer] [39m[32mMapped {/teachers/:id, GET} route[39m[38;5;3m +0ms[39m
[32m[Nest] 5040  - [39m08/06/2026, 1:52:26 PM [32m    LOG[39m [38;5;3m[RouterExplorer] [39m[32mMapped {/teachers, POST} route[39m[38;5;3m +1ms[39m
[32m[Nest] 5040  - [39m08/06/2026, 1:52:26 PM [32m    LOG[39m [38;5;3m[RouterExplorer] [39m[32mMapped {/teachers/:id, PATCH} route[39m[38;5;3m +0ms[39m
[32m[Nest] 5040  - [39m08/06/2026, 1:52:26 PM [32m    LOG[39m [38;5;3m[RouterExplorer] [39m[32mMapped {/teachers/:id, DELETE} route[39m[38;5;3m +0ms[39m
[32m[Nest] 5040  - [39m08/06/2026, 1:52:26 PM [32m    LOG[39m [38;5;3m[RoutesResolver] [39m[32mSubjectsController {/subjects}:[39m[38;5;3m +0ms[39m
[32m[Nest] 5040  - [39m08/06/2026, 1:52:26 PM [32m    LOG[39m [38;5;3m[RouterExplorer] [39m[32mMapped {/subjects, GET} route[39m[38;5;3m +1ms[39m
[32m[Nest] 5040  - [39m08/06/2026, 1:52:26 PM [32m    LOG[39m [38;5;3m[RouterExplorer] [39m[32mMapped {/subjects/:id, GET} route[39m[38;5;3m +0ms[39m
[32m[Nest] 5040  - [39m08/06/2026, 1:52:26 PM [32m    LOG[39m [38;5;3m[RouterExplorer] [39m[32mMapped {/subjects/:id/chapters, GET} route[39m[38;5;3m +0ms[39m
[32m[Nest] 5040  - [39m08/06/2026, 1:52:26 PM [32m    LOG[39m [38;5;3m[RouterExplorer] [39m[32mMapped {/subjects/:id/enrollments, GET} route[39m[38;5;3m +0ms[39m
[32m[Nest] 5040  - [39m08/06/2026, 1:52:26 PM [32m    LOG[39m [38;5;3m[RouterExplorer] [39m[32mMapped {/subjects/:id/enroll-students, POST} route[39m[38;5;3m +0ms[39m
[32m[Nest] 5040  - [39m08/06/2026, 1:52:26 PM [32m    LOG[39m [38;5;3m[RouterExplorer] [39m[32mMapped {/subjects, POST} route[39m[38;5;3m +0ms[39m
[32m[Nest] 5040  - [39m08/06/2026, 1:52:26 PM [32m    LOG[39m [38;5;3m[RouterExplorer] [39m[32mMapped {/subjects/:id, PATCH} route[39m[38;5;3m +1ms[39m
[32m[Nest] 5040  - [39m08/06/2026, 1:52:26 PM [32m    LOG[39m [38;5;3m[RouterExplorer] [39m[32mMapped {/subjects/:id, DELETE} route[39m[38;5;3m +0ms[39m
[32m[Nest] 5040  - [39m08/06/2026, 1:52:26 PM [32m    LOG[39m [38;5;3m[RoutesResolver] [39m[32mExamRoomsController {/exam-rooms}:[39m[38;5;3m +0ms[39m
[32m[Nest] 5040  - [39m08/06/2026, 1:52:26 PM [32m    LOG[39m [38;5;3m[RouterExplorer] [39m[32mMapped {/exam-rooms, GET} route[39m[38;5;3m +1ms[39m
[32m[Nest] 5040  - [39m08/06/2026, 1:52:26 PM [32m    LOG[39m [38;5;3m[RouterExplorer] [39m[32mMapped {/exam-rooms/:id, GET} route[39m[38;5;3m +0ms[39m
[32m[Nest] 5040  - [39m08/06/2026, 1:52:26 PM [32m    LOG[39m [38;5;3m[RouterExplorer] [39m[32mMapped {/exam-rooms/:id/lock, POST} route[39m[38;5;3m +1ms[39m
[32m[Nest] 5040  - [39m08/06/2026, 1:52:26 PM [32m    LOG[39m [38;5;3m[RouterExplorer] [39m[32mMapped {/exam-rooms/:id/unlock, POST} route[39m[38;5;3m +0ms[39m
[32m[Nest] 5040  - [39m08/06/2026, 1:52:26 PM [32m    LOG[39m [38;5;3m[RouterExplorer] [39m[32mMapped {/exam-rooms, POST} route[39m[38;5;3m +0ms[39m
[32m[Nest] 5040  - [39m08/06/2026, 1:52:26 PM [32m    LOG[39m [38;5;3m[RouterExplorer] [39m[32mMapped {/exam-rooms/:id, PATCH} route[39m[38;5;3m +0ms[39m
[32m[Nest] 5040  - [39m08/06/2026, 1:52:26 PM [32m    LOG[39m [38;5;3m[RouterExplorer] [39m[32mMapped {/exam-rooms/:id, DELETE} route[39m[38;5;3m +0ms[39m
[32m[Nest] 5040  - [39m08/06/2026, 1:52:26 PM [32m    LOG[39m [38;5;3m[RoutesResolver] [39m[32mExamPeriodsController {/exam-periods}:[39m[38;5;3m +1ms[39m
[32m[Nest] 5040  - [39m08/06/2026, 1:52:26 PM [32m    LOG[39m [38;5;3m[RouterExplorer] [39m[32mMapped {/exam-periods, GET} route[39m[38;5;3m +1ms[39m
[32m[Nest] 5040  - [39m08/06/2026, 1:52:26 PM [32m    LOG[39m [38;5;3m[RouterExplorer] [39m[32mMapped {/exam-periods/:id, GET} route[39m[38;5;3m +0ms[39m
[32m[Nest] 5040  - [39m08/06/2026, 1:52:26 PM [32m    LOG[39m [38;5;3m[RouterExplorer] [39m[32mMapped {/exam-periods, POST} route[39m[38;5;3m +0ms[39m
[32m[Nest] 5040  - [39m08/06/2026, 1:52:26 PM [32m    LOG[39m [38;5;3m[RouterExplorer] [39m[32mMapped {/exam-periods/:id, PATCH} route[39m[38;5;3m +1ms[39m
[32m[Nest] 5040  - [39m08/06/2026, 1:52:26 PM [32m    LOG[39m [38;5;3m[RouterExplorer] [39m[32mMapped {/exam-periods/:id, DELETE} route[39m[38;5;3m +0ms[39m
[32m[Nest] 5040  - [39m08/06/2026, 1:52:26 PM [32m    LOG[39m [38;5;3m[RouterExplorer] [39m[32mMapped {/exam-periods/:id/lock, POST} route[39m[38;5;3m +1ms[39m
[32m[Nest] 5040  - [39m08/06/2026, 1:52:26 PM [32m    LOG[39m [38;5;3m[RouterExplorer] [39m[32mMapped {/exam-periods/:id/unlock, POST} route[39m[38;5;3m +1ms[39m
[32m[Nest] 5040  - [39m08/06/2026, 1:52:26 PM [32m    LOG[39m [38;5;3m[RoutesResolver] [39m[32mExamSchedulesController {/exam-schedules}:[39m[38;5;3m +1ms[39m
[32m[Nest] 5040  - [39m08/06/2026, 1:52:26 PM [32m    LOG[39m [38;5;3m[RouterExplorer] [39m[32mMapped {/exam-schedules, GET} route[39m[38;5;3m +1ms[39m
[32m[Nest] 5040  - [39m08/06/2026, 1:52:26 PM [32m    LOG[39m [38;5;3m[RouterExplorer] [39m[32mMapped {/exam-schedules/conflicts, GET} route[39m[38;5;3m +1ms[39m
[32m[Nest] 5040  - [39m08/06/2026, 1:52:26 PM [32m    LOG[39m [38;5;3m[RouterExplorer] [39m[32mMapped {/exam-schedules/trash, GET} route[39m[38;5;3m +0ms[39m
[32m[Nest] 5040  - [39m08/06/2026, 1:52:26 PM [32m    LOG[39m [38;5;3m[RouterExplorer] [39m[32mMapped {/exam-schedules/auto-preview, POST} route[39m[38;5;3m +1ms[39m
[32m[Nest] 5040  - [39m08/06/2026, 1:52:26 PM [32m    LOG[39m [38;5;3m[RouterExplorer] [39m[32mMapped {/exam-schedules/auto-apply, POST} route[39m[38;5;3m +0ms[39m
[32m[Nest] 5040  - [39m08/06/2026, 1:52:26 PM [32m    LOG[39m [38;5;3m[RouterExplorer] [39m[32mMapped {/exam-schedules/:id/lock, POST} route[39m[38;5;3m +1ms[39m
[32m[Nest] 5040  - [39m08/06/2026, 1:52:26 PM [32m    LOG[39m [38;5;3m[RouterExplorer] [39m[32mMapped {/exam-schedules/:id/unlock, POST} route[39m[38;5;3m +1ms[39m
[32m[Nest] 5040  - [39m08/06/2026, 1:52:26 PM [32m    LOG[39m [38;5;3m[RouterExplorer] [39m[32mMapped {/exam-schedules/:id, GET} route[39m[38;5;3m +1ms[39m
[32m[Nest] 5040  - [39m08/06/2026, 1:52:26 PM [32m    LOG[39m [38;5;3m[RouterExplorer] [39m[32mMapped {/exam-schedules, POST} route[39m[38;5;3m +0ms[39m
[32m[Nest] 5040  - [39m08/06/2026, 1:52:26 PM [32m    LOG[39m [38;5;3m[RouterExplorer] [39m[32mMapped {/exam-schedules/:id, PATCH} route[39m[38;5;3m +1ms[39m
[32m[Nest] 5040  - [39m08/06/2026, 1:52:26 PM [32m    LOG[39m [38;5;3m[RouterExplorer] [39m[32mMapped {/exam-schedules/:id, DELETE} route[39m[38;5;3m +0ms[39m
[32m[Nest] 5040  - [39m08/06/2026, 1:52:26 PM [32m    LOG[39m [38;5;3m[RouterExplorer] [39m[32mMapped {/exam-schedules/:id/reopen-entry, POST} route[39m[38;5;3m +1ms[39m
[32m[Nest] 5040  - [39m08/06/2026, 1:52:26 PM [32m    LOG[39m [38;5;3m[RouterExplorer] [39m[32mMapped {/exam-schedules/:id/restore, POST} route[39m[38;5;3m +0ms[39m
[32m[Nest] 5040  - [39m08/06/2026, 1:52:26 PM [32m    LOG[39m [38;5;3m[RoutesResolver] [39m[32mExamArrangementController {/exam-arrangement}:[39m[38;5;3m +0ms[39m
[32m[Nest] 5040  - [39m08/06/2026, 1:52:26 PM [32m    LOG[39m [38;5;3m[RouterExplorer] [39m[32mMapped {/exam-arrangement/auto-arrange, POST} route[39m[38;5;3m +1ms[39m
[32m[Nest] 5040  - [39m08/06/2026, 1:52:26 PM [32m    LOG[39m [38;5;3m[RouterExplorer] [39m[32mMapped {/exam-arrangement/preview, POST} route[39m[38;5;3m +0ms[39m
[32m[Nest] 5040  - [39m08/06/2026, 1:52:26 PM [32m    LOG[39m [38;5;3m[RouterExplorer] [39m[32mMapped {/exam-arrangement/result, GET} route[39m[38;5;3m +0ms[39m
[32m[Nest] 5040  - [39m08/06/2026, 1:52:26 PM [32m    LOG[39m [38;5;3m[RouterExplorer] [39m[32mMapped {/exam-arrangement/room-availability, GET} route[39m[38;5;3m +0ms[39m
[32m[Nest] 5040  - [39m08/06/2026, 1:52:26 PM [32m    LOG[39m [38;5;3m[RouterExplorer] [39m[32mMapped {/exam-arrangement/reset/:examScheduleId, DELETE} route[39m[38;5;3m +1ms[39m
[32m[Nest] 5040  - [39m08/06/2026, 1:52:26 PM [32m    LOG[39m [38;5;3m[RouterExplorer] [39m[32mMapped {/exam-arrangement/history, GET} route[39m[38;5;3m +0ms[39m
[32m[Nest] 5040  - [39m08/06/2026, 1:52:26 PM [32m    LOG[39m [38;5;3m[RoutesResolver] [39m[32mExamSupervisorsController {/exam-supervisors}:[39m[38;5;3m +0ms[39m
[32m[Nest] 5040  - [39m08/06/2026, 1:52:26 PM [32m    LOG[39m [38;5;3m[RouterExplorer] [39m[32mMapped {/exam-supervisors/assign, POST} route[39m[38;5;3m +0ms[39m
[32m[Nest] 5040  - [39m08/06/2026, 1:52:26 PM [32m    LOG[39m [38;5;3m[RouterExplorer] [39m[32mMapped {/exam-supervisors/auto-preview, POST} route[39m[38;5;3m +1ms[39m
[32m[Nest] 5040  - [39m08/06/2026, 1:52:26 PM [32m    LOG[39m [38;5;3m[RouterExplorer] [39m[32mMapped {/exam-supervisors/auto-assign, POST} route[39m[38;5;3m +1ms[39m
[32m[Nest] 5040  - [39m08/06/2026, 1:52:26 PM [32m    LOG[39m [38;5;3m[RouterExplorer] [39m[32mMapped {/exam-supervisors, GET} route[39m[38;5;3m +1ms[39m
[32m[Nest] 5040  - [39m08/06/2026, 1:52:26 PM [32m    LOG[39m [38;5;3m[RouterExplorer] [39m[32mMapped {/exam-supervisors/:id/status, PATCH} route[39m[38;5;3m +4ms[39m
[32m[Nest] 5040  - [39m08/06/2026, 1:52:26 PM [32m    LOG[39m [38;5;3m[RouterExplorer] [39m[32mMapped {/exam-supervisors/:id, DELETE} route[39m[38;5;3m +2ms[39m
[32m[Nest] 5040  - [39m08/06/2026, 1:52:26 PM [32m    LOG[39m [38;5;3m[RoutesResolver] [39m[32mQuestionsController {/questions}:[39m[38;5;3m +0ms[39m
[32m[Nest] 5040  - [39m08/06/2026, 1:52:26 PM [32m    LOG[39m [38;5;3m[RouterExplorer] [39m[32mMapped {/questions, GET} route[39m[38;5;3m +4ms[39m
[32m[Nest] 5040  - [39m08/06/2026, 1:52:26 PM [32m    LOG[39m [38;5;3m[RouterExplorer] [39m[32mMapped {/questions/statistics, GET} route[39m[38;5;3m +0ms[39m
[32m[Nest] 5040  - [39m08/06/2026, 1:52:26 PM [32m    LOG[39m [38;5;3m[RouterExplorer] [39m[32mMapped {/questions/filter-options, GET} route[39m[38;5;3m +1ms[39m
[32m[Nest] 5040  - [39m08/06/2026, 1:52:26 PM [32m    LOG[39m [38;5;3m[RouterExplorer] [39m[32mMapped {/questions/import/template, GET} route[39m[38;5;3m +0ms[39m
[32m[Nest] 5040  - [39m08/06/2026, 1:52:26 PM [32m    LOG[39m [38;5;3m[RouterExplorer] [39m[32mMapped {/questions/media/preview, POST} route[39m[38;5;3m +2ms[39m
[32m[Nest] 5040  - [39m08/06/2026, 1:52:26 PM [32m    LOG[39m [38;5;3m[RouterExplorer] [39m[32mMapped {/questions/media/upload, POST} route[39m[38;5;3m +0ms[39m
[32m[Nest] 5040  - [39m08/06/2026, 1:52:26 PM [32m    LOG[39m [38;5;3m[RouterExplorer] [39m[32mMapped {/questions/media/:id, DELETE} route[39m[38;5;3m +1ms[39m
[32m[Nest] 5040  - [39m08/06/2026, 1:52:26 PM [32m    LOG[39m [38;5;3m[RouterExplorer] [39m[32mMapped {/questions/export, POST} route[39m[38;5;3m +0ms[39m
[32m[Nest] 5040  - [39m08/06/2026, 1:52:26 PM [32m    LOG[39m [38;5;3m[RouterExplorer] [39m[32mMapped {/questions/bulk-action, POST} route[39m[38;5;3m +1ms[39m
[32m[Nest] 5040  - [39m08/06/2026, 1:52:26 PM [32m    LOG[39m [38;5;3m[RouterExplorer] [39m[32mMapped {/questions/import/preview, POST} route[39m[38;5;3m +0ms[39m
[32m[Nest] 5040  - [39m08/06/2026, 1:52:26 PM [32m    LOG[39m [38;5;3m[RouterExplorer] [39m[32mMapped {/questions/import/confirm, POST} route[39m[38;5;3m +0ms[39m
[32m[Nest] 5040  - [39m08/06/2026, 1:52:26 PM [32m    LOG[39m [38;5;3m[RouterExplorer] [39m[32mMapped {/questions/ai-generate, POST} route[39m[38;5;3m +0ms[39m
[32m[Nest] 5040  - [39m08/06/2026, 1:52:26 PM [32m    LOG[39m [38;5;3m[RouterExplorer] [39m[32mMapped {/questions/ai-save, POST} route[39m[38;5;3m +1ms[39m
[32m[Nest] 5040  - [39m08/06/2026, 1:52:26 PM [32m    LOG[39m [38;5;3m[RouterExplorer] [39m[32mMapped {/questions/ai-extract-text, POST} route[39m[38;5;3m +0ms[39m
[32m[Nest] 5040  - [39m08/06/2026, 1:52:26 PM [32m    LOG[39m [38;5;3m[RouterExplorer] [39m[32mMapped {/questions, POST} route[39m[38;5;3m +0ms[39m
[32m[Nest] 5040  - [39m08/06/2026, 1:52:26 PM [32m    LOG[39m [38;5;3m[RouterExplorer] [39m[32mMapped {/questions/:id, GET} route[39m[38;5;3m +1ms[39m
[32m[Nest] 5040  - [39m08/06/2026, 1:52:26 PM [32m    LOG[39m [38;5;3m[RouterExplorer] [39m[32mMapped {/questions/:id, PATCH} route[39m[38;5;3m +1ms[39m
[32m[Nest] 5040  - [39m08/06/2026, 1:52:26 PM [32m    LOG[39m [38;5;3m[RouterExplorer] [39m[32mMapped {/questions/:id/duplicate, POST} route[39m[38;5;3m +1ms[39m
[32m[Nest] 5040  - [39m08/06/2026, 1:52:26 PM [32m    LOG[39m [38;5;3m[RouterExplorer] [39m[32mMapped {/questions/:id/submit, POST} route[39m[38;5;3m +0ms[39m
[32m[Nest] 5040  - [39m08/06/2026, 1:52:26 PM [32m    LOG[39m [38;5;3m[RouterExplorer] [39m[32mMapped {/questions/:id/approve, POST} route[39m[38;5;3m +1ms[39m
[32m[Nest] 5040  - [39m08/06/2026, 1:52:26 PM [32m    LOG[39m [38;5;3m[RouterExplorer] [39m[32mMapped {/questions/:id/reject, POST} route[39m[38;5;3m +0ms[39m
[32m[Nest] 5040  - [39m08/06/2026, 1:52:26 PM [32m    LOG[39m [38;5;3m[RouterExplorer] [39m[32mMapped {/questions/:id/archive, POST} route[39m[38;5;3m +1ms[39m
[32m[Nest] 5040  - [39m08/06/2026, 1:52:26 PM [32m    LOG[39m [38;5;3m[RouterExplorer] [39m[32mMapped {/questions/:id/restore, POST} route[39m[38;5;3m +0ms[39m
[32m[Nest] 5040  - [39m08/06/2026, 1:52:26 PM [32m    LOG[39m [38;5;3m[RouterExplorer] [39m[32mMapped {/questions/:id, DELETE} route[39m[38;5;3m +0ms[39m
[32m[Nest] 5040  - [39m08/06/2026, 1:52:26 PM [32m    LOG[39m [38;5;3m[RoutesResolver] [39m[32mExamPapersController {/exam-papers}:[39m[38;5;3m +0ms[39m
[32m[Nest] 5040  - [39m08/06/2026, 1:52:26 PM [32m    LOG[39m [38;5;3m[RouterExplorer] [39m[32mMapped {/exam-papers/create-random, POST} route[39m[38;5;3m +0ms[39m
[32m[Nest] 5040  - [39m08/06/2026, 1:52:26 PM [32m    LOG[39m [38;5;3m[RouterExplorer] [39m[32mMapped {/exam-papers/preview-random, POST} route[39m[38;5;3m +0ms[39m
[32m[Nest] 5040  - [39m08/06/2026, 1:52:26 PM [32m    LOG[39m [38;5;3m[RouterExplorer] [39m[32mMapped {/exam-papers, GET} route[39m[38;5;3m +1ms[39m
[32m[Nest] 5040  - [39m08/06/2026, 1:52:26 PM [32m    LOG[39m [38;5;3m[RouterExplorer] [39m[32mMapped {/exam-papers/:id, GET} route[39m[38;5;3m +1ms[39m
[32m[Nest] 5040  - [39m08/06/2026, 1:52:26 PM [32m    LOG[39m [38;5;3m[RouterExplorer] [39m[32mMapped {/exam-papers/:id/publish, POST} route[39m[38;5;3m +2ms[39m
[32m[Nest] 5040  - [39m08/06/2026, 1:52:26 PM [32m    LOG[39m [38;5;3m[RouterExplorer] [39m[32mMapped {/exam-papers/:id/archive, POST} route[39m[38;5;3m +1ms[39m
[32m[Nest] 5040  - [39m08/06/2026, 1:52:26 PM [32m    LOG[39m [38;5;3m[RouterExplorer] [39m[32mMapped {/exam-papers/:id/restore, POST} route[39m[38;5;3m +0ms[39m
[32m[Nest] 5040  - [39m08/06/2026, 1:52:26 PM [32m    LOG[39m [38;5;3m[RouterExplorer] [39m[32mMapped {/exam-papers/:id, DELETE} route[39m[38;5;3m +0ms[39m
[32m[Nest] 5040  - [39m08/06/2026, 1:52:26 PM [32m    LOG[39m [38;5;3m[RoutesResolver] [39m[32mDashboardController {/dashboard}:[39m[38;5;3m +1ms[39m
[32m[Nest] 5040  - [39m08/06/2026, 1:52:26 PM [32m    LOG[39m [38;5;3m[RouterExplorer] [39m[32mMapped {/dashboard/overview, GET} route[39m[38;5;3m +1ms[39m
[32m[Nest] 5040  - [39m08/06/2026, 1:52:26 PM [32m    LOG[39m [38;5;3m[RoutesResolver] [39m[32mOnlineExamsController {/online-exams}:[39m[38;5;3m +0ms[39m
[32m[Nest] 5040  - [39m08/06/2026, 1:52:26 PM [32m    LOG[39m [38;5;3m[RouterExplorer] [39m[32mMapped {/online-exams/schedule/:scheduleId/check-eligibility, GET} route[39m[38;5;3m +1ms[39m
[32m[Nest] 5040  - [39m08/06/2026, 1:52:26 PM [32m    LOG[39m [38;5;3m[RouterExplorer] [39m[32mMapped {/online-exams/schedule/:scheduleId/start, POST} route[39m[38;5;3m +1ms[39m
[32m[Nest] 5040  - [39m08/06/2026, 1:52:26 PM [32m    LOG[39m [38;5;3m[RouterExplorer] [39m[32mMapped {/online-exams/attempt/:token/questions, GET} route[39m[38;5;3m +0ms[39m
[32m[Nest] 5040  - [39m08/06/2026, 1:52:26 PM [32m    LOG[39m [38;5;3m[RouterExplorer] [39m[32mMapped {/online-exams/attempt/:token/answers/save, POST} route[39m[38;5;3m +0ms[39m
[32m[Nest] 5040  - [39m08/06/2026, 1:52:26 PM [32m    LOG[39m [38;5;3m[RouterExplorer] [39m[32mMapped {/online-exams/attempt/:token/heartbeat, POST} route[39m[38;5;3m +1ms[39m
[32m[Nest] 5040  - [39m08/06/2026, 1:52:26 PM [32m    LOG[39m [38;5;3m[RouterExplorer] [39m[32mMapped {/online-exams/attempt/:token/events, POST} route[39m[38;5;3m +0ms[39m
[32m[Nest] 5040  - [39m08/06/2026, 1:52:26 PM [32m    LOG[39m [38;5;3m[RouterExplorer] [39m[32mMapped {/online-exams/attempt/:token/submit, POST} route[39m[38;5;3m +0ms[39m
[32m[Nest] 5040  - [39m08/06/2026, 1:52:26 PM [32m    LOG[39m [38;5;3m[RouterExplorer] [39m[32mMapped {/online-exams/attempt/:attemptId/result, GET} route[39m[38;5;3m +1ms[39m
[32m[Nest] 5040  - [39m08/06/2026, 1:52:26 PM [32m    LOG[39m [38;5;3m[RouterExplorer] [39m[32mMapped {/online-exams/attempt/:attemptId/appeal, POST} route[39m[38;5;3m +1ms[39m
[32m[Nest] 5040  - [39m08/06/2026, 1:52:26 PM [32m    LOG[39m [38;5;3m[RouterExplorer] [39m[32mMapped {/online-exams/schedule/:scheduleId/grade-report, GET} route[39m[38;5;3m +0ms[39m
[32m[Nest] 5040  - [39m08/06/2026, 1:52:26 PM [32m    LOG[39m [38;5;3m[RoutesResolver] [39m[32mProctorController {/proctor}:[39m[38;5;3m +0ms[39m
[32m[Nest] 5040  - [39m08/06/2026, 1:52:26 PM [32m    LOG[39m [38;5;3m[RouterExplorer] [39m[32mMapped {/proctor/live-dashboard/:scheduleRoomId, GET} route[39m[38;5;3m +1ms[39m
[32m[Nest] 5040  - [39m08/06/2026, 1:52:26 PM [32m    LOG[39m [38;5;3m[RouterExplorer] [39m[32mMapped {/proctor/attempt/:attemptId/extend-time, POST} route[39m[38;5;3m +0ms[39m
[32m[Nest] 5040  - [39m08/06/2026, 1:52:26 PM [32m    LOG[39m [38;5;3m[RouterExplorer] [39m[32mMapped {/proctor/attempt/:attemptId/reopen, POST} route[39m[38;5;3m +0ms[39m
[32m[Nest] 5040  - [39m08/06/2026, 1:52:26 PM [32m    LOG[39m [38;5;3m[RouterExplorer] [39m[32mMapped {/proctor/attempt/:attemptId/flag-incident, POST} route[39m[38;5;3m +0ms[39m
[32m[Nest] 5040  - [39m08/06/2026, 1:52:26 PM [32m    LOG[39m [38;5;3m[RouterExplorer] [39m[32mMapped {/proctor/attempt/:attemptId/resolve-incident, POST} route[39m[38;5;3m +1ms[39m
[32m[Nest] 5040  - [39m08/06/2026, 1:52:26 PM [32m    LOG[39m [38;5;3m[RoutesResolver] [39m[32mEssayController {/essay}:[39m[38;5;3m +0ms[39m
[32m[Nest] 5040  - [39m08/06/2026, 1:52:26 PM [32m    LOG[39m [38;5;3m[RouterExplorer] [39m[32mMapped {/essay/questions/:questionId/rubric, GET} route[39m[38;5;3m +3ms[39m
[32m[Nest] 5040  - [39m08/06/2026, 1:52:26 PM [32m    LOG[39m [38;5;3m[RouterExplorer] [39m[32mMapped {/essay/questions/:questionId/rubric, POST} route[39m[38;5;3m +1ms[39m
[32m[Nest] 5040  - [39m08/06/2026, 1:52:26 PM [32m    LOG[39m [38;5;3m[RouterExplorer] [39m[32mMapped {/essay/grading/assignments, GET} route[39m[38;5;3m +0ms[39m
[32m[Nest] 5040  - [39m08/06/2026, 1:52:26 PM [32m    LOG[39m [38;5;3m[RouterExplorer] [39m[32mMapped {/essay/grading/attempts/:attemptId, GET} route[39m[38;5;3m +1ms[39m
[32m[Nest] 5040  - [39m08/06/2026, 1:52:26 PM [32m    LOG[39m [38;5;3m[RouterExplorer] [39m[32mMapped {/essay/grading/answers/:answerId, PATCH} route[39m[38;5;3m +0ms[39m
[32m[Nest] 5040  - [39m08/06/2026, 1:52:26 PM [32m    LOG[39m [38;5;3m[RouterExplorer] [39m[32mMapped {/essay/grading/attempts/:attemptId/submit, POST} route[39m[38;5;3m +1ms[39m
[32m[Nest] 5040  - [39m08/06/2026, 1:52:26 PM [32m    LOG[39m [38;5;3m[RouterExplorer] [39m[32mMapped {/essay/grading/attempts/:attemptId/approve, POST} route[39m[38;5;3m +1ms[39m
[32m[Nest] 5040  - [39m08/06/2026, 1:52:26 PM [32m    LOG[39m [38;5;3m[RouterExplorer] [39m[32mMapped {/essay/grading/attempts/:attemptId/publish, POST} route[39m[38;5;3m +1ms[39m
[32m[Nest] 5040  - [39m08/06/2026, 1:52:26 PM [32m    LOG[39m [38;5;3m[RouterExplorer] [39m[32mMapped {/essay/grading/attempts/:attemptId/reopen, POST} route[39m[38;5;3m +1ms[39m
[32m[Nest] 5040  - [39m08/06/2026, 1:52:27 PM [32m    LOG[39m [38;5;3m[RouterExplorer] [39m[32mMapped {/essay/grading/attempts/:attemptId/extend-time, POST} route[39m[38;5;3m +3ms[39m
[32m[Nest] 5040  - [39m08/06/2026, 1:52:27 PM [32m    LOG[39m [38;5;3m[RouterExplorer] [39m[32mMapped {/essay/grading/attempts/:attemptId/penalty, POST} route[39m[38;5;3m +1ms[39m
[32m[Nest] 5040  - [39m08/06/2026, 1:52:27 PM [32m    LOG[39m [38;5;3m[RouterExplorer] [39m[32mMapped {/essay/attempt/:token/answers/:questionId/files, POST} route[39m[38;5;3m +1ms[39m
[32m[Nest] 5040  - [39m08/06/2026, 1:52:27 PM [32m    LOG[39m [38;5;3m[RoutesResolver] [39m[32mEssayGradingController {/essay-grading}:[39m[38;5;3m +0ms[39m
[32m[Nest] 5040  - [39m08/06/2026, 1:52:27 PM [32m    LOG[39m [38;5;3m[RouterExplorer] [39m[32mMapped {/essay-grading/assignments, GET} route[39m[38;5;3m +1ms[39m
[32m[Nest] 5040  - [39m08/06/2026, 1:52:27 PM [32m    LOG[39m [38;5;3m[RouterExplorer] [39m[32mMapped {/essay-grading/attempts/:attemptId, GET} route[39m[38;5;3m +1ms[39m
[32m[Nest] 5040  - [39m08/06/2026, 1:52:27 PM [32m    LOG[39m [38;5;3m[RouterExplorer] [39m[32mMapped {/essay-grading/answers/:answerId, PATCH} route[39m[38;5;3m +0ms[39m
[32m[Nest] 5040  - [39m08/06/2026, 1:52:27 PM [32m    LOG[39m [38;5;3m[RouterExplorer] [39m[32mMapped {/essay-grading/answers/:answerId/ai-suggest, POST} route[39m[38;5;3m +1ms[39m
[32m[Nest] 5040  - [39m08/06/2026, 1:52:27 PM [32m    LOG[39m [38;5;3m[RouterExplorer] [39m[32mMapped {/essay-grading/attempts/:attemptId/submit, POST} route[39m[38;5;3m +0ms[39m
[32m[Nest] 5040  - [39m08/06/2026, 1:52:27 PM [32m    LOG[39m [38;5;3m[RouterExplorer] [39m[32mMapped {/essay-grading/attempts/:attemptId/approve, POST} route[39m[38;5;3m +0ms[39m
[32m[Nest] 5040  - [39m08/06/2026, 1:52:27 PM [32m    LOG[39m [38;5;3m[RouterExplorer] [39m[32mMapped {/essay-grading/attempts/:attemptId/publish, POST} route[39m[38;5;3m +0ms[39m
[32m[Nest] 5040  - [39m08/06/2026, 1:52:27 PM [32m    LOG[39m [38;5;3m[RouterExplorer] [39m[32mMapped {/essay-grading/attempts/:attemptId/reopen, POST} route[39m[38;5;3m +1ms[39m
[32m[Nest] 5040  - [39m08/06/2026, 1:52:27 PM [32m    LOG[39m [38;5;3m[RouterExplorer] [39m[32mMapped {/essay-grading/attempts/:attemptId/extend-time, POST} route[39m[38;5;3m +0ms[39m
[32m[Nest] 5040  - [39m08/06/2026, 1:52:27 PM [32m    LOG[39m [38;5;3m[RouterExplorer] [39m[32mMapped {/essay-grading/attempts/:attemptId/penalty, POST} route[39m[38;5;3m +0ms[39m
[32m[Nest] 5040  - [39m08/06/2026, 1:52:27 PM [32m    LOG[39m [38;5;3m[RoutesResolver] [39m[32mEssayConfigController {/online-exam-config}:[39m[38;5;3m +0ms[39m
[32m[Nest] 5040  - [39m08/06/2026, 1:52:27 PM [32m    LOG[39m [38;5;3m[RouterExplorer] [39m[32mMapped {/online-exam-config/:scheduleId/essay, PATCH} route[39m[38;5;3m +1ms[39m
[32m[Nest] 5040  - [39m08/06/2026, 1:52:27 PM [32m    LOG[39m [38;5;3m[RoutesResolver] [39m[32mContactController {/contact}:[39m[38;5;3m +0ms[39m
[32m[Nest] 5040  - [39m08/06/2026, 1:52:27 PM [32m    LOG[39m [38;5;3m[RouterExplorer] [39m[32mMapped {/contact/send, POST} route[39m[38;5;3m +0ms[39m
[32m[Nest] 5040  - [39m08/06/2026, 1:52:27 PM [32m    LOG[39m [38;5;3m[NestApplication] [39m[32mNest application successfully started[39m[38;5;3m +265ms[39m
Backend Application is running on: http://localhost:3001
[2J[3J[H[[90m1:52:30 PM[0m] File change detected. Starting incremental compilation...

[96msrc/app.module.ts[0m:[93m1[0m:[93m10[0m - [91merror[0m[90m TS2300: [0mDuplicate identifier 'Module'.

[7m1[0m import { Module } from '@nestjs/common';
[7m [0m [91m         ~~~~~~[0m

[96msrc/app.module.ts[0m:[93m2[0m:[93m10[0m - [91merror[0m[90m TS2300: [0mDuplicate identifier 'ConfigModule'.

[7m2[0m import { ConfigModule } from '@nestjs/config';
[7m [0m [91m         ~~~~~~~~~~~~[0m

[96msrc/app.module.ts[0m:[93m3[0m:[93m10[0m - [91merror[0m[90m TS2300: [0mDuplicate identifier 'PrismaModule'.

[7m3[0m import { PrismaModule } from './prisma/prisma.module';
[7m [0m [91m         ~~~~~~~~~~~~[0m

[96msrc/app.module.ts[0m:[93m4[0m:[93m10[0m - [91merror[0m[90m TS2300: [0mDuplicate identifier 'AuthModule'.

[7m4[0m import { AuthModule } from './auth/auth.module';
[7m [0m [91m         ~~~~~~~~~~[0m

[96msrc/app.module.ts[0m:[93m5[0m:[93m10[0m - [91merror[0m[90m TS2300: [0mDuplicate identifier 'UsersModule'.

[7m5[0m import { UsersModule } from './users/users.module';
[7m [0m [91m         ~~~~~~~~~~~[0m

[96msrc/app.module.ts[0m:[93m6[0m:[93m10[0m - [91merror[0m[90m TS2300: [0mDuplicate identifier 'DepartmentsModule'.

[7m6[0m import { DepartmentsModule } from './departments/departments.module';
[7m [0m [91m         ~~~~~~~~~~~~~~~~~[0m

[96msrc/app.module.ts[0m:[93m7[0m:[93m10[0m - [91merror[0m[90m TS2300: [0mDuplicate identifier 'ClassesModule'.

[7m7[0m import { ClassesModule } from './classes/classes.module';
[7m [0m [91m         ~~~~~~~~~~~~~[0m

[96msrc/app.module.ts[0m:[93m8[0m:[93m10[0m - [91merror[0m[90m TS2300: [0mDuplicate identifier 'StudentsModule'.

[7m8[0m import { StudentsModule } from './students/students.module';
[7m [0m [91m         ~~~~~~~~~~~~~~[0m

[96msrc/app.module.ts[0m:[93m9[0m:[93m10[0m - [91merror[0m[90m TS2300: [0mDuplicate identifier 'TeachersModule'.

[7m9[0m import { TeachersModule } from './teachers/teachers.module';
[7m [0m [91m         ~~~~~~~~~~~~~~[0m

[96msrc/app.module.ts[0m:[93m10[0m:[93m10[0m - [91merror[0m[90m TS2300: [0mDuplicate identifier 'SubjectsModule'.

[7m10[0m import { SubjectsModule } from './subjects/subjects.module';
[7m  [0m [91m         ~~~~~~~~~~~~~~[0m

[96msrc/app.module.ts[0m:[93m11[0m:[93m10[0m - [91merror[0m[90m TS2300: [0mDuplicate identifier 'ExamRoomsModule'.

[7m11[0m import { ExamRoomsModule } from './exam-rooms/exam-rooms.module';
[7m  [0m [91m         ~~~~~~~~~~~~~~~[0m

[96msrc/app.module.ts[0m:[93m12[0m:[93m10[0m - [91merror[0m[90m TS2300: [0mDuplicate identifier 'ExamPeriodsModule'.

[7m12[0m import { ExamPeriodsModule } from './exam-periods/exam-periods.module';
[7m  [0m [91m         ~~~~~~~~~~~~~~~~~[0m

[96msrc/app.module.ts[0m:[93m13[0m:[93m10[0m - [91merror[0m[90m TS2300: [0mDuplicate identifier 'ExamSchedulesModule'.

[7m13[0m import { ExamSchedulesModule } from './exam-schedules/exam-schedules.module';
[7m  [0m [91m         ~~~~~~~~~~~~~~~~~~~[0m

[96msrc/app.module.ts[0m:[93m14[0m:[93m10[0m - [91merror[0m[90m TS2300: [0mDuplicate identifier 'ExamArrangementModule'.

[7m14[0m import { ExamArrangementModule } from './exam-arrangement/exam-arrangement.module';
[7m  [0m [91m         ~~~~~~~~~~~~~~~~~~~~~[0m

[96msrc/app.module.ts[0m:[93m15[0m:[93m10[0m - [91merror[0m[90m TS2300: [0mDuplicate identifier 'ExamSupervisorsModule'.

[7m15[0m import { ExamSupervisorsModule } from './exam-supervisors/exam-supervisors.module';
[7m  [0m [91m         ~~~~~~~~~~~~~~~~~~~~~[0m

[96msrc/app.module.ts[0m:[93m16[0m:[93m10[0m - [91merror[0m[90m TS2300: [0mDuplicate identifier 'QuestionsModule'.

[7m16[0m import { QuestionsModule } from './questions/questions.module';
[7m  [0m [91m         ~~~~~~~~~~~~~~~[0m

[96msrc/app.module.ts[0m:[93m17[0m:[93m10[0m - [91merror[0m[90m TS2300: [0mDuplicate identifier 'ExamPapersModule'.

[7m17[0m import { ExamPapersModule } from './exam-papers/exam-papers.module';
[7m  [0m [91m         ~~~~~~~~~~~~~~~~[0m

[96msrc/app.module.ts[0m:[93m18[0m:[93m10[0m - [91merror[0m[90m TS2300: [0mDuplicate identifier 'AuditModule'.

[7m18[0m import { AuditModule } from './audit/audit.module';
[7m  [0m [91m         ~~~~~~~~~~~[0m

[96msrc/app.module.ts[0m:[93m19[0m:[93m10[0m - [91merror[0m[90m TS2300: [0mDuplicate identifier 'Module'.

[7m19[0m import { Module } from '@nestjs/common';
[7m  [0m [91m         ~~~~~~[0m

[96msrc/app.module.ts[0m:[93m20[0m:[93m10[0m - [91merror[0m[90m TS2300: [0mDuplicate identifier 'ConfigModule'.

[7m20[0m import { ConfigModule } from '@nestjs/config';
[7m  [0m [91m         ~~~~~~~~~~~~[0m

[96msrc/app.module.ts[0m:[93m21[0m:[93m10[0m - [91merror[0m[90m TS2300: [0mDuplicate identifier 'PrismaModule'.

[7m21[0m import { PrismaModule } from './prisma/prisma.module';
[7m  [0m [91m         ~~~~~~~~~~~~[0m

[96msrc/app.module.ts[0m:[93m22[0m:[93m10[0m - [91merror[0m[90m TS2300: [0mDuplicate identifier 'AuthModule'.

[7m22[0m import { AuthModule } from './auth/auth.module';
[7m  [0m [91m         ~~~~~~~~~~[0m

[96msrc/app.module.ts[0m:[93m23[0m:[93m10[0m - [91merror[0m[90m TS2300: [0mDuplicate identifier 'UsersModule'.

[7m23[0m import { UsersModule } from './users/users.module';
[7m  [0m [91m         ~~~~~~~~~~~[0m

[96msrc/app.module.ts[0m:[93m24[0m:[93m10[0m - [91merror[0m[90m TS2300: [0mDuplicate identifier 'DepartmentsModule'.

[7m24[0m import { DepartmentsModule } from './departments/departments.module';
[7m  [0m [91m         ~~~~~~~~~~~~~~~~~[0m

[96msrc/app.module.ts[0m:[93m25[0m:[93m10[0m - [91merror[0m[90m TS2300: [0mDuplicate identifier 'ClassesModule'.

[7m25[0m import { ClassesModule } from './classes/classes.module';
[7m  [0m [91m         ~~~~~~~~~~~~~[0m

[96msrc/app.module.ts[0m:[93m26[0m:[93m10[0m - [91merror[0m[90m TS2300: [0mDuplicate identifier 'StudentsModule'.

[7m26[0m import { StudentsModule } from './students/students.module';
[7m  [0m [91m         ~~~~~~~~~~~~~~[0m

[96msrc/app.module.ts[0m:[93m27[0m:[93m10[0m - [91merror[0m[90m TS2300: [0mDuplicate identifier 'TeachersModule'.

[7m27[0m import { TeachersModule } from './teachers/teachers.module';
[7m  [0m [91m         ~~~~~~~~~~~~~~[0m

[96msrc/app.module.ts[0m:[93m28[0m:[93m10[0m - [91merror[0m[90m TS2300: [0mDuplicate identifier 'SubjectsModule'.

[7m28[0m import { SubjectsModule } from './subjects/subjects.module';
[7m  [0m [91m         ~~~~~~~~~~~~~~[0m

[96msrc/app.module.ts[0m:[93m29[0m:[93m10[0m - [91merror[0m[90m TS2300: [0mDuplicate identifier 'ExamRoomsModule'.

[7m29[0m import { ExamRoomsModule } from './exam-rooms/exam-rooms.module';
[7m  [0m [91m         ~~~~~~~~~~~~~~~[0m

[96msrc/app.module.ts[0m:[93m30[0m:[93m10[0m - [91merror[0m[90m TS2300: [0mDuplicate identifier 'ExamPeriodsModule'.

[7m30[0m import { ExamPeriodsModule } from './exam-periods/exam-periods.module';
[7m  [0m [91m         ~~~~~~~~~~~~~~~~~[0m

[96msrc/app.module.ts[0m:[93m31[0m:[93m10[0m - [91merror[0m[90m TS2300: [0mDuplicate identifier 'ExamSchedulesModule'.

[7m31[0m import { ExamSchedulesModule } from './exam-schedules/exam-schedules.module';
[7m  [0m [91m         ~~~~~~~~~~~~~~~~~~~[0m

[96msrc/app.module.ts[0m:[93m32[0m:[93m10[0m - [91merror[0m[90m TS2300: [0mDuplicate identifier 'ExamArrangementModule'.

[7m32[0m import { ExamArrangementModule } from './exam-arrangement/exam-arrangement.module';
[7m  [0m [91m         ~~~~~~~~~~~~~~~~~~~~~[0m

[96msrc/app.module.ts[0m:[93m33[0m:[93m10[0m - [91merror[0m[90m TS2300: [0mDuplicate identifier 'ExamSupervisorsModule'.

[7m33[0m import { ExamSupervisorsModule } from './exam-supervisors/exam-supervisors.module';
[7m  [0m [91m         ~~~~~~~~~~~~~~~~~~~~~[0m

[96msrc/app.module.ts[0m:[93m34[0m:[93m10[0m - [91merror[0m[90m TS2300: [0mDuplicate identifier 'QuestionsModule'.

[7m34[0m import { QuestionsModule } from './questions/questions.module';
[7m  [0m [91m         ~~~~~~~~~~~~~~~[0m

[96msrc/app.module.ts[0m:[93m35[0m:[93m10[0m - [91merror[0m[90m TS2300: [0mDuplicate identifier 'ExamPapersModule'.

[7m35[0m import { ExamPapersModule } from './exam-papers/exam-papers.module';
[7m  [0m [91m         ~~~~~~~~~~~~~~~~[0m

[96msrc/app.module.ts[0m:[93m36[0m:[93m10[0m - [91merror[0m[90m TS2300: [0mDuplicate identifier 'AuditModule'.

[7m36[0m import { AuditModule } from './audit/audit.module';
[7m  [0m [91m         ~~~~~~~~~~~[0m

[[90m1:52:32 PM[0m] Found 36 errors. Watching for file changes.

[2J[3J[H[[90m1:52:35 PM[0m] File change detected. Starting incremental compilation...

[[90m1:52:37 PM[0m] Found 0 errors. Watching for file changes.

[2J[3J[H[[90m1:52:41 PM[0m] File change detected. Starting incremental compilation...

[[90m1:52:42 PM[0m] Found 0 errors. Watching for file changes.

[32m[Nest] 3244  - [39m08/06/2026, 1:52:54 PM [32m    LOG[39m [38;5;3m[NestFactory] [39m[32mStarting Nest application...[39m
[32m[Nest] 3244  - [39m08/06/2026, 1:52:54 PM [32m    LOG[39m [38;5;3m[InstanceLoader] [39m[32mAppModule dependencies initialized[39m[38;5;3m +85ms[39m
[32m[Nest] 3244  - [39m08/06/2026, 1:52:54 PM [32m    LOG[39m [38;5;3m[InstanceLoader] [39m[32mPrismaModule dependencies initialized[39m[38;5;3m +49ms[39m
[32m[Nest] 3244  - [39m08/06/2026, 1:52:54 PM [32m    LOG[39m [38;5;3m[InstanceLoader] [39m[32mPassportModule dependencies initialized[39m[38;5;3m +1ms[39m
[32m[Nest] 3244  - [39m08/06/2026, 1:52:54 PM [32m    LOG[39m [38;5;3m[InstanceLoader] [39m[32mSecurityModule dependencies initialized[39m[38;5;3m +50ms[39m
[32m[Nest] 3244  - [39m08/06/2026, 1:52:54 PM [32m    LOG[39m [38;5;3m[InstanceLoader] [39m[32mAuditModule dependencies initialized[39m[38;5;3m +0ms[39m
[32m[Nest] 3244  - [39m08/06/2026, 1:52:54 PM [32m    LOG[39m [38;5;3m[InstanceLoader] [39m[32mConfigHostModule dependencies initialized[39m[38;5;3m +0ms[39m
[32m[Nest] 3244  - [39m08/06/2026, 1:52:54 PM [32m    LOG[39m [38;5;3m[InstanceLoader] [39m[32mJwtModule dependencies initialized[39m[38;5;3m +1ms[39m
[32m[Nest] 3244  - [39m08/06/2026, 1:52:54 PM [32m    LOG[39m [38;5;3m[InstanceLoader] [39m[32mConfigModule dependencies initialized[39m[38;5;3m +7ms[39m
[32m[Nest] 3244  - [39m08/06/2026, 1:52:54 PM [32m    LOG[39m [38;5;3m[InstanceLoader] [39m[32mConfigModule dependencies initialized[39m[38;5;3m +1ms[39m
[32m[Nest] 3244  - [39m08/06/2026, 1:52:54 PM [32m    LOG[39m [38;5;3m[InstanceLoader] [39m[32mUsersModule dependencies initialized[39m[38;5;3m +10ms[39m
[32m[Nest] 3244  - [39m08/06/2026, 1:52:54 PM [32m    LOG[39m [38;5;3m[InstanceLoader] [39m[32mDepartmentsModule dependencies initialized[39m[38;5;3m +0ms[39m
[32m[Nest] 3244  - [39m08/06/2026, 1:52:54 PM [32m    LOG[39m [38;5;3m[InstanceLoader] [39m[32mClassesModule dependencies initialized[39m[38;5;3m +0ms[39m
[32m[Nest] 3244  - [39m08/06/2026, 1:52:54 PM [32m    LOG[39m [38;5;3m[InstanceLoader] [39m[32mStudentsModule dependencies initialized[39m[38;5;3m +0ms[39m
[32m[Nest] 3244  - [39m08/06/2026, 1:52:54 PM [32m    LOG[39m [38;5;3m[InstanceLoader] [39m[32mSubjectsModule dependencies initialized[39m[38;5;3m +0ms[39m
[32m[Nest] 3244  - [39m08/06/2026, 1:52:54 PM [32m    LOG[39m [38;5;3m[InstanceLoader] [39m[32mDashboardModule dependencies initialized[39m[38;5;3m +0ms[39m
[32m[Nest] 3244  - [39m08/06/2026, 1:52:54 PM [32m    LOG[39m [38;5;3m[InstanceLoader] [39m[32mContactModule dependencies initialized[39m[38;5;3m +0ms[39m
[32m[Nest] 3244  - [39m08/06/2026, 1:52:54 PM [32m    LOG[39m [38;5;3m[InstanceLoader] [39m[32mProctorModule dependencies initialized[39m[38;5;3m +1ms[39m
[32m[Nest] 3244  - [39m08/06/2026, 1:52:54 PM [32m    LOG[39m [38;5;3m[InstanceLoader] [39m[32mTeachersModule dependencies initialized[39m[38;5;3m +1ms[39m
[32m[Nest] 3244  - [39m08/06/2026, 1:52:54 PM [32m    LOG[39m [38;5;3m[InstanceLoader] [39m[32mExamRoomsModule dependencies initialized[39m[38;5;3m +1ms[39m
[32m[Nest] 3244  - [39m08/06/2026, 1:52:54 PM [32m    LOG[39m [38;5;3m[InstanceLoader] [39m[32mExamPeriodsModule dependencies initialized[39m[38;5;3m +0ms[39m
[32m[Nest] 3244  - [39m08/06/2026, 1:52:54 PM [32m    LOG[39m [38;5;3m[InstanceLoader] [39m[32mExamSchedulesModule dependencies initialized[39m[38;5;3m +0ms[39m
[32m[Nest] 3244  - [39m08/06/2026, 1:52:54 PM [32m    LOG[39m [38;5;3m[InstanceLoader] [39m[32mExamArrangementModule dependencies initialized[39m[38;5;3m +0ms[39m
[32m[Nest] 3244  - [39m08/06/2026, 1:52:54 PM [32m    LOG[39m [38;5;3m[InstanceLoader] [39m[32mExamSupervisorsModule dependencies initialized[39m[38;5;3m +0ms[39m
[32m[Nest] 3244  - [39m08/06/2026, 1:52:54 PM [32m    LOG[39m [38;5;3m[InstanceLoader] [39m[32mQuestionsModule dependencies initialized[39m[38;5;3m +0ms[39m
[32m[Nest] 3244  - [39m08/06/2026, 1:52:54 PM [32m    LOG[39m [38;5;3m[InstanceLoader] [39m[32mExamPapersModule dependencies initialized[39m[38;5;3m +0ms[39m
[32m[Nest] 3244  - [39m08/06/2026, 1:52:54 PM [32m    LOG[39m [38;5;3m[InstanceLoader] [39m[32mEssayModule dependencies initialized[39m[38;5;3m +0ms[39m
[32m[Nest] 3244  - [39m08/06/2026, 1:52:54 PM [32m    LOG[39m [38;5;3m[InstanceLoader] [39m[32mOnlineExamsModule dependencies initialized[39m[38;5;3m +0ms[39m
[32m[Nest] 3244  - [39m08/06/2026, 1:52:54 PM [32m    LOG[39m [38;5;3m[InstanceLoader] [39m[32mAuthModule dependencies initialized[39m[38;5;3m +0ms[39m
[32m[Nest] 3244  - [39m08/06/2026, 1:52:54 PM [32m    LOG[39m [38;5;3m[InstanceLoader] [39m[32mAiModule dependencies initialized[39m[38;5;3m +1ms[39m
[32m[Nest] 3244  - [39m08/06/2026, 1:52:54 PM [32m    LOG[39m [38;5;3m[RoutesResolver] [39m[32mAuthController {/auth}:[39m[38;5;3m +13ms[39m
[32m[Nest] 3244  - [39m08/06/2026, 1:52:54 PM [32m    LOG[39m [38;5;3m[RouterExplorer] [39m[32mMapped {/auth/login, POST} route[39m[38;5;3m +8ms[39m
[32m[Nest] 3244  - [39m08/06/2026, 1:52:54 PM [32m    LOG[39m [38;5;3m[RouterExplorer] [39m[32mMapped {/auth/profile, GET} route[39m[38;5;3m +1ms[39m
[32m[Nest] 3244  - [39m08/06/2026, 1:52:54 PM [32m    LOG[39m [38;5;3m[RouterExplorer] [39m[32mMapped {/auth/change-password, POST} route[39m[38;5;3m +1ms[39m
[32m[Nest] 3244  - [39m08/06/2026, 1:52:54 PM [32m    LOG[39m [38;5;3m[RouterExplorer] [39m[32mMapped {/auth/profile, POST} route[39m[38;5;3m +2ms[39m
[32m[Nest] 3244  - [39m08/06/2026, 1:52:54 PM [32m    LOG[39m [38;5;3m[RoutesResolver] [39m[32mUsersController {/users}:[39m[38;5;3m +0ms[39m
[32m[Nest] 3244  - [39m08/06/2026, 1:52:54 PM [32m    LOG[39m [38;5;3m[RouterExplorer] [39m[32mMapped {/users/dashboard-stats, GET} route[39m[38;5;3m +1ms[39m
[32m[Nest] 3244  - [39m08/06/2026, 1:52:54 PM [32m    LOG[39m [38;5;3m[RouterExplorer] [39m[32mMapped {/users, GET} route[39m[38;5;3m +1ms[39m
[32m[Nest] 3244  - [39m08/06/2026, 1:52:54 PM [32m    LOG[39m [38;5;3m[RouterExplorer] [39m[32mMapped {/users/:id, GET} route[39m[38;5;3m +1ms[39m
[32m[Nest] 3244  - [39m08/06/2026, 1:52:54 PM [32m    LOG[39m [38;5;3m[RoutesResolver] [39m[32mDepartmentsController {/departments}:[39m[38;5;3m +0ms[39m
[32m[Nest] 3244  - [39m08/06/2026, 1:52:54 PM [32m    LOG[39m [38;5;3m[RouterExplorer] [39m[32mMapped {/departments, GET} route[39m[38;5;3m +0ms[39m
[32m[Nest] 3244  - [39m08/06/2026, 1:52:54 PM [32m    LOG[39m [38;5;3m[RouterExplorer] [39m[32mMapped {/departments/:id/curriculum, GET} route[39m[38;5;3m +1ms[39m
[32m[Nest] 3244  - [39m08/06/2026, 1:52:54 PM [32m    LOG[39m [38;5;3m[RouterExplorer] [39m[32mMapped {/departments/:id, GET} route[39m[38;5;3m +1ms[39m
[32m[Nest] 3244  - [39m08/06/2026, 1:52:54 PM [32m    LOG[39m [38;5;3m[RouterExplorer] [39m[32mMapped {/departments, POST} route[39m[38;5;3m +0ms[39m
[32m[Nest] 3244  - [39m08/06/2026, 1:52:54 PM [32m    LOG[39m [38;5;3m[RouterExplorer] [39m[32mMapped {/departments/:id/curriculum, POST} route[39m[38;5;3m +0ms[39m
[32m[Nest] 3244  - [39m08/06/2026, 1:52:54 PM [32m    LOG[39m [38;5;3m[RouterExplorer] [39m[32mMapped {/departments/:id, PATCH} route[39m[38;5;3m +1ms[39m
[32m[Nest] 3244  - [39m08/06/2026, 1:52:54 PM [32m    LOG[39m [38;5;3m[RouterExplorer] [39m[32mMapped {/departments/:id/curriculum/:subjectId, DELETE} route[39m[38;5;3m +1ms[39m
[32m[Nest] 3244  - [39m08/06/2026, 1:52:54 PM [32m    LOG[39m [38;5;3m[RouterExplorer] [39m[32mMapped {/departments/:id, DELETE} route[39m[38;5;3m +0ms[39m
[32m[Nest] 3244  - [39m08/06/2026, 1:52:54 PM [32m    LOG[39m [38;5;3m[RoutesResolver] [39m[32mClassesController {/classes}:[39m[38;5;3m +0ms[39m
[32m[Nest] 3244  - [39m08/06/2026, 1:52:54 PM [32m    LOG[39m [38;5;3m[RouterExplorer] [39m[32mMapped {/classes, GET} route[39m[38;5;3m +1ms[39m
[32m[Nest] 3244  - [39m08/06/2026, 1:52:54 PM [32m    LOG[39m [38;5;3m[RouterExplorer] [39m[32mMapped {/classes/:id, GET} route[39m[38;5;3m +0ms[39m
[32m[Nest] 3244  - [39m08/06/2026, 1:52:54 PM [32m    LOG[39m [38;5;3m[RouterExplorer] [39m[32mMapped {/classes, POST} route[39m[38;5;3m +1ms[39m
[32m[Nest] 3244  - [39m08/06/2026, 1:52:54 PM [32m    LOG[39m [38;5;3m[RouterExplorer] [39m[32mMapped {/classes/:id, PATCH} route[39m[38;5;3m +0ms[39m
[32m[Nest] 3244  - [39m08/06/2026, 1:52:54 PM [32m    LOG[39m [38;5;3m[RouterExplorer] [39m[32mMapped {/classes/:id, DELETE} route[39m[38;5;3m +1ms[39m
[32m[Nest] 3244  - [39m08/06/2026, 1:52:54 PM [32m    LOG[39m [38;5;3m[RoutesResolver] [39m[32mStudentsController {/students}:[39m[38;5;3m +0ms[39m
[32m[Nest] 3244  - [39m08/06/2026, 1:52:54 PM [32m    LOG[39m [38;5;3m[RouterExplorer] [39m[32mMapped {/students/my-schedule, GET} route[39m[38;5;3m +0ms[39m
[32m[Nest] 3244  - [39m08/06/2026, 1:52:54 PM [32m    LOG[39m [38;5;3m[RouterExplorer] [39m[32mMapped {/students/my-curriculum, GET} route[39m[38;5;3m +1ms[39m
[32m[Nest] 3244  - [39m08/06/2026, 1:52:54 PM [32m    LOG[39m [38;5;3m[RouterExplorer] [39m[32mMapped {/students, GET} route[39m[38;5;3m +0ms[39m
[32m[Nest] 3244  - [39m08/06/2026, 1:52:54 PM [32m    LOG[39m [38;5;3m[RouterExplorer] [39m[32mMapped {/students/:id, GET} route[39m[38;5;3m +0ms[39m
[32m[Nest] 3244  - [39m08/06/2026, 1:52:54 PM [32m    LOG[39m [38;5;3m[RouterExplorer] [39m[32mMapped {/students, POST} route[39m[38;5;3m +1ms[39m
[32m[Nest] 3244  - [39m08/06/2026, 1:52:54 PM [32m    LOG[39m [38;5;3m[RouterExplorer] [39m[32mMapped {/students/:id, PATCH} route[39m[38;5;3m +0ms[39m
[32m[Nest] 3244  - [39m08/06/2026, 1:52:54 PM [32m    LOG[39m [38;5;3m[RouterExplorer] [39m[32mMapped {/students/:id, DELETE} route[39m[38;5;3m +0ms[39m
[32m[Nest] 3244  - [39m08/06/2026, 1:52:54 PM [32m    LOG[39m [38;5;3m[RoutesResolver] [39m[32mTeachersController {/teachers}:[39m[38;5;3m +0ms[39m
[32m[Nest] 3244  - [39m08/06/2026, 1:52:54 PM [32m    LOG[39m [38;5;3m[RouterExplorer] [39m[32mMapped {/teachers/my-assignments, GET} route[39m[38;5;3m +1ms[39m
[32m[Nest] 3244  - [39m08/06/2026, 1:52:54 PM [32m    LOG[39m [38;5;3m[RouterExplorer] [39m[32mMapped {/teachers/my-assignments/:id/status, PATCH} route[39m[38;5;3m +0ms[39m
[32m[Nest] 3244  - [39m08/06/2026, 1:52:54 PM [32m    LOG[39m [38;5;3m[RouterExplorer] [39m[32mMapped {/teachers/my-assignments/:id/attendance-sheet, GET} route[39m[38;5;3m +0ms[39m
[32m[Nest] 3244  - [39m08/06/2026, 1:52:54 PM [32m    LOG[39m [38;5;3m[RouterExplorer] [39m[32mMapped {/teachers, GET} route[39m[38;5;3m +1ms[39m
[32m[Nest] 3244  - [39m08/06/2026, 1:52:54 PM [32m    LOG[39m [38;5;3m[RouterExplorer] [39m[32mMapped {/teachers/:id/lock, POST} route[39m[38;5;3m +0ms[39m
[32m[Nest] 3244  - [39m08/06/2026, 1:52:54 PM [32m    LOG[39m [38;5;3m[RouterExplorer] [39m[32mMapped {/teachers/:id/unlock, POST} route[39m[38;5;3m +1ms[39m
[32m[Nest] 3244  - [39m08/06/2026, 1:52:54 PM [32m    LOG[39m [38;5;3m[RouterExplorer] [39m[32mMapped {/teachers/:id, GET} route[39m[38;5;3m +0ms[39m
[32m[Nest] 3244  - [39m08/06/2026, 1:52:54 PM [32m    LOG[39m [38;5;3m[RouterExplorer] [39m[32mMapped {/teachers, POST} route[39m[38;5;3m +0ms[39m
[32m[Nest] 3244  - [39m08/06/2026, 1:52:54 PM [32m    LOG[39m [38;5;3m[RouterExplorer] [39m[32mMapped {/teachers/:id, PATCH} route[39m[38;5;3m +1ms[39m
[32m[Nest] 3244  - [39m08/06/2026, 1:52:54 PM [32m    LOG[39m [38;5;3m[RouterExplorer] [39m[32mMapped {/teachers/:id, DELETE} route[39m[38;5;3m +0ms[39m
[32m[Nest] 3244  - [39m08/06/2026, 1:52:54 PM [32m    LOG[39m [38;5;3m[RoutesResolver] [39m[32mSubjectsController {/subjects}:[39m[38;5;3m +0ms[39m
[32m[Nest] 3244  - [39m08/06/2026, 1:52:54 PM [32m    LOG[39m [38;5;3m[RouterExplorer] [39m[32mMapped {/subjects, GET} route[39m[38;5;3m +1ms[39m
[32m[Nest] 3244  - [39m08/06/2026, 1:52:54 PM [32m    LOG[39m [38;5;3m[RouterExplorer] [39m[32mMapped {/subjects/:id, GET} route[39m[38;5;3m +0ms[39m
[32m[Nest] 3244  - [39m08/06/2026, 1:52:54 PM [32m    LOG[39m [38;5;3m[RouterExplorer] [39m[32mMapped {/subjects/:id/chapters, GET} route[39m[38;5;3m +0ms[39m
[32m[Nest] 3244  - [39m08/06/2026, 1:52:54 PM [32m    LOG[39m [38;5;3m[RouterExplorer] [39m[32mMapped {/subjects/:id/enrollments, GET} route[39m[38;5;3m +0ms[39m
[32m[Nest] 3244  - [39m08/06/2026, 1:52:54 PM [32m    LOG[39m [38;5;3m[RouterExplorer] [39m[32mMapped {/subjects/:id/enroll-students, POST} route[39m[38;5;3m +1ms[39m
[32m[Nest] 3244  - [39m08/06/2026, 1:52:54 PM [32m    LOG[39m [38;5;3m[RouterExplorer] [39m[32mMapped {/subjects, POST} route[39m[38;5;3m +0ms[39m
[32m[Nest] 3244  - [39m08/06/2026, 1:52:54 PM [32m    LOG[39m [38;5;3m[RouterExplorer] [39m[32mMapped {/subjects/:id, PATCH} route[39m[38;5;3m +0ms[39m
[32m[Nest] 3244  - [39m08/06/2026, 1:52:54 PM [32m    LOG[39m [38;5;3m[RouterExplorer] [39m[32mMapped {/subjects/:id, DELETE} route[39m[38;5;3m +0ms[39m
[32m[Nest] 3244  - [39m08/06/2026, 1:52:54 PM [32m    LOG[39m [38;5;3m[RoutesResolver] [39m[32mExamRoomsController {/exam-rooms}:[39m[38;5;3m +1ms[39m
[32m[Nest] 3244  - [39m08/06/2026, 1:52:54 PM [32m    LOG[39m [38;5;3m[RouterExplorer] [39m[32mMapped {/exam-rooms, GET} route[39m[38;5;3m +0ms[39m
[32m[Nest] 3244  - [39m08/06/2026, 1:52:54 PM [32m    LOG[39m [38;5;3m[RouterExplorer] [39m[32mMapped {/exam-rooms/:id, GET} route[39m[38;5;3m +1ms[39m
[32m[Nest] 3244  - [39m08/06/2026, 1:52:54 PM [32m    LOG[39m [38;5;3m[RouterExplorer] [39m[32mMapped {/exam-rooms/:id/lock, POST} route[39m[38;5;3m +0ms[39m
[32m[Nest] 3244  - [39m08/06/2026, 1:52:54 PM [32m    LOG[39m [38;5;3m[RouterExplorer] [39m[32mMapped {/exam-rooms/:id/unlock, POST} route[39m[38;5;3m +1ms[39m
[32m[Nest] 3244  - [39m08/06/2026, 1:52:54 PM [32m    LOG[39m [38;5;3m[RouterExplorer] [39m[32mMapped {/exam-rooms, POST} route[39m[38;5;3m +0ms[39m
[32m[Nest] 3244  - [39m08/06/2026, 1:52:54 PM [32m    LOG[39m [38;5;3m[RouterExplorer] [39m[32mMapped {/exam-rooms/:id, PATCH} route[39m[38;5;3m +1ms[39m
[32m[Nest] 3244  - [39m08/06/2026, 1:52:54 PM [32m    LOG[39m [38;5;3m[RouterExplorer] [39m[32mMapped {/exam-rooms/:id, DELETE} route[39m[38;5;3m +0ms[39m
[32m[Nest] 3244  - [39m08/06/2026, 1:52:54 PM [32m    LOG[39m [38;5;3m[RoutesResolver] [39m[32mExamPeriodsController {/exam-periods}:[39m[38;5;3m +0ms[39m
[32m[Nest] 3244  - [39m08/06/2026, 1:52:54 PM [32m    LOG[39m [38;5;3m[RouterExplorer] [39m[32mMapped {/exam-periods, GET} route[39m[38;5;3m +1ms[39m
[32m[Nest] 3244  - [39m08/06/2026, 1:52:54 PM [32m    LOG[39m [38;5;3m[RouterExplorer] [39m[32mMapped {/exam-periods/:id, GET} route[39m[38;5;3m +0ms[39m
[32m[Nest] 3244  - [39m08/06/2026, 1:52:54 PM [32m    LOG[39m [38;5;3m[RouterExplorer] [39m[32mMapped {/exam-periods, POST} route[39m[38;5;3m +1ms[39m
[32m[Nest] 3244  - [39m08/06/2026, 1:52:54 PM [32m    LOG[39m [38;5;3m[RouterExplorer] [39m[32mMapped {/exam-periods/:id, PATCH} route[39m[38;5;3m +0ms[39m
[32m[Nest] 3244  - [39m08/06/2026, 1:52:54 PM [32m    LOG[39m [38;5;3m[RouterExplorer] [39m[32mMapped {/exam-periods/:id, DELETE} route[39m[38;5;3m +1ms[39m
[32m[Nest] 3244  - [39m08/06/2026, 1:52:54 PM [32m    LOG[39m [38;5;3m[RouterExplorer] [39m[32mMapped {/exam-periods/:id/lock, POST} route[39m[38;5;3m +0ms[39m
[32m[Nest] 3244  - [39m08/06/2026, 1:52:54 PM [32m    LOG[39m [38;5;3m[RouterExplorer] [39m[32mMapped {/exam-periods/:id/unlock, POST} route[39m[38;5;3m +0ms[39m
[32m[Nest] 3244  - [39m08/06/2026, 1:52:54 PM [32m    LOG[39m [38;5;3m[RoutesResolver] [39m[32mExamSchedulesController {/exam-schedules}:[39m[38;5;3m +1ms[39m
[32m[Nest] 3244  - [39m08/06/2026, 1:52:54 PM [32m    LOG[39m [38;5;3m[RouterExplorer] [39m[32mMapped {/exam-schedules, GET} route[39m[38;5;3m +0ms[39m
[32m[Nest] 3244  - [39m08/06/2026, 1:52:54 PM [32m    LOG[39m [38;5;3m[RouterExplorer] [39m[32mMapped {/exam-schedules/conflicts, GET} route[39m[38;5;3m +0ms[39m
[32m[Nest] 3244  - [39m08/06/2026, 1:52:54 PM [32m    LOG[39m [38;5;3m[RouterExplorer] [39m[32mMapped {/exam-schedules/trash, GET} route[39m[38;5;3m +1ms[39m
[32m[Nest] 3244  - [39m08/06/2026, 1:52:54 PM [32m    LOG[39m [38;5;3m[RouterExplorer] [39m[32mMapped {/exam-schedules/auto-preview, POST} route[39m[38;5;3m +0ms[39m
[32m[Nest] 3244  - [39m08/06/2026, 1:52:54 PM [32m    LOG[39m [38;5;3m[RouterExplorer] [39m[32mMapped {/exam-schedules/auto-apply, POST} route[39m[38;5;3m +0ms[39m
[32m[Nest] 3244  - [39m08/06/2026, 1:52:54 PM [32m    LOG[39m [38;5;3m[RouterExplorer] [39m[32mMapped {/exam-schedules/:id/lock, POST} route[39m[38;5;3m +0ms[39m
[32m[Nest] 3244  - [39m08/06/2026, 1:52:54 PM [32m    LOG[39m [38;5;3m[RouterExplorer] [39m[32mMapped {/exam-schedules/:id/unlock, POST} route[39m[38;5;3m +1ms[39m
[32m[Nest] 3244  - [39m08/06/2026, 1:52:54 PM [32m    LOG[39m [38;5;3m[RouterExplorer] [39m[32mMapped {/exam-schedules/:id, GET} route[39m[38;5;3m +0ms[39m
[32m[Nest] 3244  - [39m08/06/2026, 1:52:54 PM [32m    LOG[39m [38;5;3m[RouterExplorer] [39m[32mMapped {/exam-schedules, POST} route[39m[38;5;3m +1ms[39m
[32m[Nest] 3244  - [39m08/06/2026, 1:52:54 PM [32m    LOG[39m [38;5;3m[RouterExplorer] [39m[32mMapped {/exam-schedules/:id, PATCH} route[39m[38;5;3m +0ms[39m
[32m[Nest] 3244  - [39m08/06/2026, 1:52:54 PM [32m    LOG[39m [38;5;3m[RouterExplorer] [39m[32mMapped {/exam-schedules/:id, DELETE} route[39m[38;5;3m +1ms[39m
[32m[Nest] 3244  - [39m08/06/2026, 1:52:54 PM [32m    LOG[39m [38;5;3m[RouterExplorer] [39m[32mMapped {/exam-schedules/:id/reopen-entry, POST} route[39m[38;5;3m +0ms[39m
[32m[Nest] 3244  - [39m08/06/2026, 1:52:54 PM [32m    LOG[39m [38;5;3m[RouterExplorer] [39m[32mMapped {/exam-schedules/:id/restore, POST} route[39m[38;5;3m +0ms[39m
[32m[Nest] 3244  - [39m08/06/2026, 1:52:54 PM [32m    LOG[39m [38;5;3m[RoutesResolver] [39m[32mExamArrangementController {/exam-arrangement}:[39m[38;5;3m +1ms[39m
[32m[Nest] 3244  - [39m08/06/2026, 1:52:54 PM [32m    LOG[39m [38;5;3m[RouterExplorer] [39m[32mMapped {/exam-arrangement/auto-arrange, POST} route[39m[38;5;3m +0ms[39m
[32m[Nest] 3244  - [39m08/06/2026, 1:52:54 PM [32m    LOG[39m [38;5;3m[RouterExplorer] [39m[32mMapped {/exam-arrangement/preview, POST} route[39m[38;5;3m +0ms[39m
[32m[Nest] 3244  - [39m08/06/2026, 1:52:54 PM [32m    LOG[39m [38;5;3m[RouterExplorer] [39m[32mMapped {/exam-arrangement/result, GET} route[39m[38;5;3m +1ms[39m
[32m[Nest] 3244  - [39m08/06/2026, 1:52:54 PM [32m    LOG[39m [38;5;3m[RouterExplorer] [39m[32mMapped {/exam-arrangement/room-availability, GET} route[39m[38;5;3m +0ms[39m
[32m[Nest] 3244  - [39m08/06/2026, 1:52:54 PM [32m    LOG[39m [38;5;3m[RouterExplorer] [39m[32mMapped {/exam-arrangement/reset/:examScheduleId, DELETE} route[39m[38;5;3m +0ms[39m
[32m[Nest] 3244  - [39m08/06/2026, 1:52:54 PM [32m    LOG[39m [38;5;3m[RouterExplorer] [39m[32mMapped {/exam-arrangement/history, GET} route[39m[38;5;3m +0ms[39m
[32m[Nest] 3244  - [39m08/06/2026, 1:52:54 PM [32m    LOG[39m [38;5;3m[RoutesResolver] [39m[32mExamSupervisorsController {/exam-supervisors}:[39m[38;5;3m +1ms[39m
[32m[Nest] 3244  - [39m08/06/2026, 1:52:54 PM [32m    LOG[39m [38;5;3m[RouterExplorer] [39m[32mMapped {/exam-supervisors/assign, POST} route[39m[38;5;3m +0ms[39m
[32m[Nest] 3244  - [39m08/06/2026, 1:52:54 PM [32m    LOG[39m [38;5;3m[RouterExplorer] [39m[32mMapped {/exam-supervisors/auto-preview, POST} route[39m[38;5;3m +0ms[39m
[32m[Nest] 3244  - [39m08/06/2026, 1:52:54 PM [32m    LOG[39m [38;5;3m[RouterExplorer] [39m[32mMapped {/exam-supervisors/auto-assign, POST} route[39m[38;5;3m +0ms[39m
[32m[Nest] 3244  - [39m08/06/2026, 1:52:54 PM [32m    LOG[39m [38;5;3m[RouterExplorer] [39m[32mMapped {/exam-supervisors, GET} route[39m[38;5;3m +1ms[39m
[32m[Nest] 3244  - [39m08/06/2026, 1:52:54 PM [32m    LOG[39m [38;5;3m[RouterExplorer] [39m[32mMapped {/exam-supervisors/:id/status, PATCH} route[39m[38;5;3m +0ms[39m
[32m[Nest] 3244  - [39m08/06/2026, 1:52:54 PM [32m    LOG[39m [38;5;3m[RouterExplorer] [39m[32mMapped {/exam-supervisors/:id, DELETE} route[39m[38;5;3m +0ms[39m
[32m[Nest] 3244  - [39m08/06/2026, 1:52:54 PM [32m    LOG[39m [38;5;3m[RoutesResolver] [39m[32mQuestionsController {/questions}:[39m[38;5;3m +0ms[39m
[32m[Nest] 3244  - [39m08/06/2026, 1:52:54 PM [32m    LOG[39m [38;5;3m[RouterExplorer] [39m[32mMapped {/questions, GET} route[39m[38;5;3m +1ms[39m
[32m[Nest] 3244  - [39m08/06/2026, 1:52:54 PM [32m    LOG[39m [38;5;3m[RouterExplorer] [39m[32mMapped {/questions/statistics, GET} route[39m[38;5;3m +0ms[39m
[32m[Nest] 3244  - [39m08/06/2026, 1:52:54 PM [32m    LOG[39m [38;5;3m[RouterExplorer] [39m[32mMapped {/questions/filter-options, GET} route[39m[38;5;3m +0ms[39m
[32m[Nest] 3244  - [39m08/06/2026, 1:52:54 PM [32m    LOG[39m [38;5;3m[RouterExplorer] [39m[32mMapped {/questions/import/template, GET} route[39m[38;5;3m +0ms[39m
[32m[Nest] 3244  - [39m08/06/2026, 1:52:54 PM [32m    LOG[39m [38;5;3m[RouterExplorer] [39m[32mMapped {/questions/media/preview, POST} route[39m[38;5;3m +1ms[39m
[32m[Nest] 3244  - [39m08/06/2026, 1:52:54 PM [32m    LOG[39m [38;5;3m[RouterExplorer] [39m[32mMapped {/questions/media/upload, POST} route[39m[38;5;3m +0ms[39m
[32m[Nest] 3244  - [39m08/06/2026, 1:52:54 PM [32m    LOG[39m [38;5;3m[RouterExplorer] [39m[32mMapped {/questions/media/:id, DELETE} route[39m[38;5;3m +0ms[39m
[32m[Nest] 3244  - [39m08/06/2026, 1:52:54 PM [32m    LOG[39m [38;5;3m[RouterExplorer] [39m[32mMapped {/questions/export, POST} route[39m[38;5;3m +1ms[39m
[32m[Nest] 3244  - [39m08/06/2026, 1:52:54 PM [32m    LOG[39m [38;5;3m[RouterExplorer] [39m[32mMapped {/questions/bulk-action, POST} route[39m[38;5;3m +0ms[39m
[32m[Nest] 3244  - [39m08/06/2026, 1:52:54 PM [32m    LOG[39m [38;5;3m[RouterExplorer] [39m[32mMapped {/questions/import/preview, POST} route[39m[38;5;3m +0ms[39m
[32m[Nest] 3244  - [39m08/06/2026, 1:52:54 PM [32m    LOG[39m [38;5;3m[RouterExplorer] [39m[32mMapped {/questions/import/confirm, POST} route[39m[38;5;3m +1ms[39m
[32m[Nest] 3244  - [39m08/06/2026, 1:52:54 PM [32m    LOG[39m [38;5;3m[RouterExplorer] [39m[32mMapped {/questions/ai-generate, POST} route[39m[38;5;3m +0ms[39m
[32m[Nest] 3244  - [39m08/06/2026, 1:52:54 PM [32m    LOG[39m [38;5;3m[RouterExplorer] [39m[32mMapped {/questions/ai-save, POST} route[39m[38;5;3m +1ms[39m
[32m[Nest] 3244  - [39m08/06/2026, 1:52:54 PM [32m    LOG[39m [38;5;3m[RouterExplorer] [39m[32mMapped {/questions/ai-extract-text, POST} route[39m[38;5;3m +0ms[39m
[32m[Nest] 3244  - [39m08/06/2026, 1:52:54 PM [32m    LOG[39m [38;5;3m[RouterExplorer] [39m[32mMapped {/questions, POST} route[39m[38;5;3m +0ms[39m
[32m[Nest] 3244  - [39m08/06/2026, 1:52:54 PM [32m    LOG[39m [38;5;3m[RouterExplorer] [39m[32mMapped {/questions/:id, GET} route[39m[38;5;3m +1ms[39m
[32m[Nest] 3244  - [39m08/06/2026, 1:52:54 PM [32m    LOG[39m [38;5;3m[RouterExplorer] [39m[32mMapped {/questions/:id, PATCH} route[39m[38;5;3m +0ms[39m
[32m[Nest] 3244  - [39m08/06/2026, 1:52:54 PM [32m    LOG[39m [38;5;3m[RouterExplorer] [39m[32mMapped {/questions/:id/duplicate, POST} route[39m[38;5;3m +1ms[39m
[32m[Nest] 3244  - [39m08/06/2026, 1:52:54 PM [32m    LOG[39m [38;5;3m[RouterExplorer] [39m[32mMapped {/questions/:id/submit, POST} route[39m[38;5;3m +0ms[39m
[32m[Nest] 3244  - [39m08/06/2026, 1:52:54 PM [32m    LOG[39m [38;5;3m[RouterExplorer] [39m[32mMapped {/questions/:id/approve, POST} route[39m[38;5;3m +0ms[39m
[32m[Nest] 3244  - [39m08/06/2026, 1:52:54 PM [32m    LOG[39m [38;5;3m[RouterExplorer] [39m[32mMapped {/questions/:id/reject, POST} route[39m[38;5;3m +0ms[39m
[32m[Nest] 3244  - [39m08/06/2026, 1:52:54 PM [32m    LOG[39m [38;5;3m[RouterExplorer] [39m[32mMapped {/questions/:id/archive, POST} route[39m[38;5;3m +1ms[39m
[32m[Nest] 3244  - [39m08/06/2026, 1:52:54 PM [32m    LOG[39m [38;5;3m[RouterExplorer] [39m[32mMapped {/questions/:id/restore, POST} route[39m[38;5;3m +0ms[39m
[32m[Nest] 3244  - [39m08/06/2026, 1:52:54 PM [32m    LOG[39m [38;5;3m[RouterExplorer] [39m[32mMapped {/questions/:id, DELETE} route[39m[38;5;3m +0ms[39m
[32m[Nest] 3244  - [39m08/06/2026, 1:52:54 PM [32m    LOG[39m [38;5;3m[RoutesResolver] [39m[32mExamPapersController {/exam-papers}:[39m[38;5;3m +0ms[39m
[32m[Nest] 3244  - [39m08/06/2026, 1:52:54 PM [32m    LOG[39m [38;5;3m[RouterExplorer] [39m[32mMapped {/exam-papers/create-random, POST} route[39m[38;5;3m +0ms[39m
[32m[Nest] 3244  - [39m08/06/2026, 1:52:54 PM [32m    LOG[39m [38;5;3m[RouterExplorer] [39m[32mMapped {/exam-papers/preview-random, POST} route[39m[38;5;3m +1ms[39m
[32m[Nest] 3244  - [39m08/06/2026, 1:52:54 PM [32m    LOG[39m [38;5;3m[RouterExplorer] [39m[32mMapped {/exam-papers, GET} route[39m[38;5;3m +0ms[39m
[32m[Nest] 3244  - [39m08/06/2026, 1:52:54 PM [32m    LOG[39m [38;5;3m[RouterExplorer] [39m[32mMapped {/exam-papers/:id, GET} route[39m[38;5;3m +0ms[39m
[32m[Nest] 3244  - [39m08/06/2026, 1:52:54 PM [32m    LOG[39m [38;5;3m[RouterExplorer] [39m[32mMapped {/exam-papers/:id/publish, POST} route[39m[38;5;3m +1ms[39m
[32m[Nest] 3244  - [39m08/06/2026, 1:52:54 PM [32m    LOG[39m [38;5;3m[RouterExplorer] [39m[32mMapped {/exam-papers/:id/archive, POST} route[39m[38;5;3m +0ms[39m
[32m[Nest] 3244  - [39m08/06/2026, 1:52:54 PM [32m    LOG[39m [38;5;3m[RouterExplorer] [39m[32mMapped {/exam-papers/:id/restore, POST} route[39m[38;5;3m +0ms[39m
[32m[Nest] 3244  - [39m08/06/2026, 1:52:54 PM [32m    LOG[39m [38;5;3m[RouterExplorer] [39m[32mMapped {/exam-papers/:id, DELETE} route[39m[38;5;3m +0ms[39m
[32m[Nest] 3244  - [39m08/06/2026, 1:52:54 PM [32m    LOG[39m [38;5;3m[RoutesResolver] [39m[32mDashboardController {/dashboard}:[39m[38;5;3m +0ms[39m
[32m[Nest] 3244  - [39m08/06/2026, 1:52:54 PM [32m    LOG[39m [38;5;3m[RouterExplorer] [39m[32mMapped {/dashboard/overview, GET} route[39m[38;5;3m +1ms[39m
[32m[Nest] 3244  - [39m08/06/2026, 1:52:54 PM [32m    LOG[39m [38;5;3m[RoutesResolver] [39m[32mOnlineExamsController {/online-exams}:[39m[38;5;3m +0ms[39m
[32m[Nest] 3244  - [39m08/06/2026, 1:52:54 PM [32m    LOG[39m [38;5;3m[RouterExplorer] [39m[32mMapped {/online-exams/schedule/:scheduleId/check-eligibility, GET} route[39m[38;5;3m +0ms[39m
[32m[Nest] 3244  - [39m08/06/2026, 1:52:54 PM [32m    LOG[39m [38;5;3m[RouterExplorer] [39m[32mMapped {/online-exams/schedule/:scheduleId/start, POST} route[39m[38;5;3m +0ms[39m
[32m[Nest] 3244  - [39m08/06/2026, 1:52:54 PM [32m    LOG[39m [38;5;3m[RouterExplorer] [39m[32mMapped {/online-exams/attempt/:token/questions, GET} route[39m[38;5;3m +1ms[39m
[32m[Nest] 3244  - [39m08/06/2026, 1:52:54 PM [32m    LOG[39m [38;5;3m[RouterExplorer] [39m[32mMapped {/online-exams/attempt/:token/answers/save, POST} route[39m[38;5;3m +0ms[39m
[32m[Nest] 3244  - [39m08/06/2026, 1:52:54 PM [32m    LOG[39m [38;5;3m[RouterExplorer] [39m[32mMapped {/online-exams/attempt/:token/heartbeat, POST} route[39m[38;5;3m +0ms[39m
[32m[Nest] 3244  - [39m08/06/2026, 1:52:54 PM [32m    LOG[39m [38;5;3m[RouterExplorer] [39m[32mMapped {/online-exams/attempt/:token/events, POST} route[39m[38;5;3m +0ms[39m
[32m[Nest] 3244  - [39m08/06/2026, 1:52:54 PM [32m    LOG[39m [38;5;3m[RouterExplorer] [39m[32mMapped {/online-exams/attempt/:token/submit, POST} route[39m[38;5;3m +1ms[39m
[32m[Nest] 3244  - [39m08/06/2026, 1:52:54 PM [32m    LOG[39m [38;5;3m[RouterExplorer] [39m[32mMapped {/online-exams/attempt/:attemptId/result, GET} route[39m[38;5;3m +0ms[39m
[32m[Nest] 3244  - [39m08/06/2026, 1:52:54 PM [32m    LOG[39m [38;5;3m[RouterExplorer] [39m[32mMapped {/online-exams/attempt/:attemptId/appeal, POST} route[39m[38;5;3m +1ms[39m
[32m[Nest] 3244  - [39m08/06/2026, 1:52:54 PM [32m    LOG[39m [38;5;3m[RouterExplorer] [39m[32mMapped {/online-exams/schedule/:scheduleId/grade-report, GET} route[39m[38;5;3m +0ms[39m
[32m[Nest] 3244  - [39m08/06/2026, 1:52:54 PM [32m    LOG[39m [38;5;3m[RoutesResolver] [39m[32mProctorController {/proctor}:[39m[38;5;3m +0ms[39m
[32m[Nest] 3244  - [39m08/06/2026, 1:52:54 PM [32m    LOG[39m [38;5;3m[RouterExplorer] [39m[32mMapped {/proctor/live-dashboard/:scheduleRoomId, GET} route[39m[38;5;3m +1ms[39m
[32m[Nest] 3244  - [39m08/06/2026, 1:52:54 PM [32m    LOG[39m [38;5;3m[RouterExplorer] [39m[32mMapped {/proctor/attempt/:attemptId/extend-time, POST} route[39m[38;5;3m +0ms[39m
[32m[Nest] 3244  - [39m08/06/2026, 1:52:54 PM [32m    LOG[39m [38;5;3m[RouterExplorer] [39m[32mMapped {/proctor/attempt/:attemptId/reopen, POST} route[39m[38;5;3m +0ms[39m
[32m[Nest] 3244  - [39m08/06/2026, 1:52:54 PM [32m    LOG[39m [38;5;3m[RouterExplorer] [39m[32mMapped {/proctor/attempt/:attemptId/flag-incident, POST} route[39m[38;5;3m +1ms[39m
[32m[Nest] 3244  - [39m08/06/2026, 1:52:54 PM [32m    LOG[39m [38;5;3m[RouterExplorer] [39m[32mMapped {/proctor/attempt/:attemptId/resolve-incident, POST} route[39m[38;5;3m +0ms[39m
[32m[Nest] 3244  - [39m08/06/2026, 1:52:54 PM [32m    LOG[39m [38;5;3m[RoutesResolver] [39m[32mEssayController {/essay}:[39m[38;5;3m +0ms[39m
[32m[Nest] 3244  - [39m08/06/2026, 1:52:54 PM [32m    LOG[39m [38;5;3m[RouterExplorer] [39m[32mMapped {/essay/questions/:questionId/rubric, GET} route[39m[38;5;3m +0ms[39m
[32m[Nest] 3244  - [39m08/06/2026, 1:52:54 PM [32m    LOG[39m [38;5;3m[RouterExplorer] [39m[32mMapped {/essay/questions/:questionId/rubric, POST} route[39m[38;5;3m +0ms[39m
[32m[Nest] 3244  - [39m08/06/2026, 1:52:54 PM [32m    LOG[39m [38;5;3m[RouterExplorer] [39m[32mMapped {/essay/grading/assignments, GET} route[39m[38;5;3m +1ms[39m
[32m[Nest] 3244  - [39m08/06/2026, 1:52:54 PM [32m    LOG[39m [38;5;3m[RouterExplorer] [39m[32mMapped {/essay/grading/attempts/:attemptId, GET} route[39m[38;5;3m +0ms[39m
[32m[Nest] 3244  - [39m08/06/2026, 1:52:54 PM [32m    LOG[39m [38;5;3m[RouterExplorer] [39m[32mMapped {/essay/grading/answers/:answerId, PATCH} route[39m[38;5;3m +0ms[39m
[32m[Nest] 3244  - [39m08/06/2026, 1:52:54 PM [32m    LOG[39m [38;5;3m[RouterExplorer] [39m[32mMapped {/essay/grading/attempts/:attemptId/submit, POST} route[39m[38;5;3m +0ms[39m
[32m[Nest] 3244  - [39m08/06/2026, 1:52:54 PM [32m    LOG[39m [38;5;3m[RouterExplorer] [39m[32mMapped {/essay/grading/attempts/:attemptId/approve, POST} route[39m[38;5;3m +0ms[39m
[32m[Nest] 3244  - [39m08/06/2026, 1:52:54 PM [32m    LOG[39m [38;5;3m[RouterExplorer] [39m[32mMapped {/essay/grading/attempts/:attemptId/publish, POST} route[39m[38;5;3m +1ms[39m
[32m[Nest] 3244  - [39m08/06/2026, 1:52:54 PM [32m    LOG[39m [38;5;3m[RouterExplorer] [39m[32mMapped {/essay/grading/attempts/:attemptId/reopen, POST} route[39m[38;5;3m +0ms[39m
[32m[Nest] 3244  - [39m08/06/2026, 1:52:54 PM [32m    LOG[39m [38;5;3m[RouterExplorer] [39m[32mMapped {/essay/grading/attempts/:attemptId/extend-time, POST} route[39m[38;5;3m +0ms[39m
[32m[Nest] 3244  - [39m08/06/2026, 1:52:54 PM [32m    LOG[39m [38;5;3m[RouterExplorer] [39m[32mMapped {/essay/grading/attempts/:attemptId/penalty, POST} route[39m[38;5;3m +1ms[39m
[32m[Nest] 3244  - [39m08/06/2026, 1:52:54 PM [32m    LOG[39m [38;5;3m[RouterExplorer] [39m[32mMapped {/essay/attempt/:token/answers/:questionId/files, POST} route[39m[38;5;3m +1ms[39m
[32m[Nest] 3244  - [39m08/06/2026, 1:52:54 PM [32m    LOG[39m [38;5;3m[RoutesResolver] [39m[32mEssayGradingController {/essay-grading}:[39m[38;5;3m +0ms[39m
[32m[Nest] 3244  - [39m08/06/2026, 1:52:54 PM [32m    LOG[39m [38;5;3m[RouterExplorer] [39m[32mMapped {/essay-grading/assignments, GET} route[39m[38;5;3m +0ms[39m
[32m[Nest] 3244  - [39m08/06/2026, 1:52:54 PM [32m    LOG[39m [38;5;3m[RouterExplorer] [39m[32mMapped {/essay-grading/attempts/:attemptId, GET} route[39m[38;5;3m +1ms[39m
[32m[Nest] 3244  - [39m08/06/2026, 1:52:54 PM [32m    LOG[39m [38;5;3m[RouterExplorer] [39m[32mMapped {/essay-grading/answers/:answerId, PATCH} route[39m[38;5;3m +1ms[39m
[32m[Nest] 3244  - [39m08/06/2026, 1:52:54 PM [32m    LOG[39m [38;5;3m[RouterExplorer] [39m[32mMapped {/essay-grading/answers/:answerId/ai-suggest, POST} route[39m[38;5;3m +0ms[39m
[32m[Nest] 3244  - [39m08/06/2026, 1:52:54 PM [32m    LOG[39m [38;5;3m[RouterExplorer] [39m[32mMapped {/essay-grading/attempts/:attemptId/submit, POST} route[39m[38;5;3m +1ms[39m
[32m[Nest] 3244  - [39m08/06/2026, 1:52:54 PM [32m    LOG[39m [38;5;3m[RouterExplorer] [39m[32mMapped {/essay-grading/attempts/:attemptId/approve, POST} route[39m[38;5;3m +0ms[39m
[32m[Nest] 3244  - [39m08/06/2026, 1:52:54 PM [32m    LOG[39m [38;5;3m[RouterExplorer] [39m[32mMapped {/essay-grading/attempts/:attemptId/publish, POST} route[39m[38;5;3m +0ms[39m
[32m[Nest] 3244  - [39m08/06/2026, 1:52:54 PM [32m    LOG[39m [38;5;3m[RouterExplorer] [39m[32mMapped {/essay-grading/attempts/:attemptId/reopen, POST} route[39m[38;5;3m +0ms[39m
[32m[Nest] 3244  - [39m08/06/2026, 1:52:54 PM [32m    LOG[39m [38;5;3m[RouterExplorer] [39m[32mMapped {/essay-grading/attempts/:attemptId/extend-time, POST} route[39m[38;5;3m +1ms[39m
[32m[Nest] 3244  - [39m08/06/2026, 1:52:54 PM [32m    LOG[39m [38;5;3m[RouterExplorer] [39m[32mMapped {/essay-grading/attempts/:attemptId/penalty, POST} route[39m[38;5;3m +0ms[39m
[32m[Nest] 3244  - [39m08/06/2026, 1:52:54 PM [32m    LOG[39m [38;5;3m[RoutesResolver] [39m[32mEssayConfigController {/online-exam-config}:[39m[38;5;3m +0ms[39m
[32m[Nest] 3244  - [39m08/06/2026, 1:52:54 PM [32m    LOG[39m [38;5;3m[RouterExplorer] [39m[32mMapped {/online-exam-config/:scheduleId/essay, PATCH} route[39m[38;5;3m +0ms[39m
[32m[Nest] 3244  - [39m08/06/2026, 1:52:54 PM [32m    LOG[39m [38;5;3m[RoutesResolver] [39m[32mContactController {/contact}:[39m[38;5;3m +0ms[39m
[32m[Nest] 3244  - [39m08/06/2026, 1:52:54 PM [32m    LOG[39m [38;5;3m[RouterExplorer] [39m[32mMapped {/contact/send, POST} route[39m[38;5;3m +1ms[39m
[32m[Nest] 3244  - [39m08/06/2026, 1:52:54 PM [32m    LOG[39m [38;5;3m[RoutesResolver] [39m[32mAiController {/ai}:[39m[38;5;3m +0ms[39m
[32m[Nest] 3244  - [39m08/06/2026, 1:52:54 PM [32m    LOG[39m [38;5;3m[RouterExplorer] [39m[32mMapped {/ai/status, GET} route[39m[38;5;3m +0ms[39m
[32m[Nest] 3244  - [39m08/06/2026, 1:52:54 PM [32m    LOG[39m [38;5;3m[RouterExplorer] [39m[32mMapped {/ai/grade-essay, POST} route[39m[38;5;3m +0ms[39m
[32m[Nest] 3244  - [39m08/06/2026, 1:52:54 PM [32m    LOG[39m [38;5;3m[RouterExplorer] [39m[32mMapped {/ai/generate-questions, POST} route[39m[38;5;3m +0ms[39m
[32m[Nest] 3244  - [39m08/06/2026, 1:52:54 PM [32m    LOG[39m [38;5;3m[NestApplication] [39m[32mNest application successfully started[39m[38;5;3m +272ms[39m
Backend Application is running on: http://localhost:3001
[32m[Nest] 3244  - [39m08/06/2026, 1:55:17 PM [32m    LOG[39m [38;5;3m[HTTP] [39m[32m[GET] /questions/statistics - Finished in 259ms[39m
[32m[Nest] 3244  - [39m08/06/2026, 1:55:17 PM [32m    LOG[39m [38;5;3m[HTTP] [39m[32m[GET] /departments - Finished in 262ms[39m
[32m[Nest] 3244  - [39m08/06/2026, 1:55:17 PM [32m    LOG[39m [38;5;3m[HTTP] [39m[32m[GET] /exam-schedules - Finished in 323ms[39m
[32m[Nest] 3244  - [39m08/06/2026, 1:55:17 PM [32m    LOG[39m [38;5;3m[HTTP] [39m[32m[GET] /exam-periods - Finished in 218ms[39m
[32m[Nest] 3244  - [39m08/06/2026, 1:55:17 PM [32m    LOG[39m [38;5;3m[HTTP] [39m[32m[GET] /exam-rooms - Finished in 140ms[39m
[32m[Nest] 3244  - [39m08/06/2026, 1:55:17 PM [32m    LOG[39m [38;5;3m[HTTP] [39m[32m[GET] /dashboard/overview - Finished in 283ms[39m
[32m[Nest] 3244  - [39m08/06/2026, 1:55:17 PM [32m    LOG[39m [38;5;3m[HTTP] [39m[32m[GET] /classes - Finished in 31ms[39m
[32m[Nest] 3244  - [39m08/06/2026, 1:55:17 PM [32m    LOG[39m [38;5;3m[HTTP] [39m[32m[GET] /exam-papers - Finished in 43ms[39m
[32m[Nest] 3244  - [39m08/06/2026, 1:55:17 PM [32m    LOG[39m [38;5;3m[HTTP] [39m[32m[GET] /students?page=1&limit=20 - Finished in 41ms[39m
[32m[Nest] 3244  - [39m08/06/2026, 1:55:17 PM [32m    LOG[39m [38;5;3m[HTTP] [39m[32m[GET] /teachers - Finished in 41ms[39m
[32m[Nest] 3244  - [39m08/06/2026, 1:55:17 PM [32m    LOG[39m [38;5;3m[HTTP] [39m[32m[GET] /subjects - Finished in 70ms[39m
[32m[Nest] 3244  - [39m08/06/2026, 1:55:17 PM [32m    LOG[39m [38;5;3m[HTTP] [39m[32m[GET] /exam-schedules/trash - Finished in 105ms[39m
[32m[Nest] 3244  - [39m08/06/2026, 1:55:17 PM [32m    LOG[39m [38;5;3m[HTTP] [39m[32m[GET] /questions/filter-options - Finished in 24ms[39m
[32m[Nest] 3244  - [39m08/06/2026, 1:55:18 PM [32m    LOG[39m [38;5;3m[HTTP] [39m[32m[GET] /questions/statistics - Finished in 19ms[39m
[32m[Nest] 3244  - [39m08/06/2026, 1:55:18 PM [32m    LOG[39m [38;5;3m[HTTP] [39m[32m[GET] /exam-arrangement/history - Finished in 36ms[39m
[32m[Nest] 3244  - [39m08/06/2026, 1:55:18 PM [32m    LOG[39m [38;5;3m[HTTP] [39m[32m[GET] /exam-schedules - Finished in 22ms[39m
[32m[Nest] 3244  - [39m08/06/2026, 1:55:18 PM [32m    LOG[39m [38;5;3m[HTTP] [39m[32m[GET] /exam-periods - Finished in 23ms[39m
[32m[Nest] 3244  - [39m08/06/2026, 1:55:18 PM [32m    LOG[39m [38;5;3m[HTTP] [39m[32m[GET] /exam-rooms - Finished in 17ms[39m
[32m[Nest] 3244  - [39m08/06/2026, 1:55:18 PM [32m    LOG[39m [38;5;3m[HTTP] [39m[32m[GET] /questions?page=1&limit=20 - Finished in 129ms[39m
[32m[Nest] 3244  - [39m08/06/2026, 1:55:18 PM [32m    LOG[39m [38;5;3m[HTTP] [39m[32m[GET] /questions/statistics - Finished in 26ms[39m
[32m[Nest] 3244  - [39m08/06/2026, 1:55:18 PM [32m    LOG[39m [38;5;3m[HTTP] [39m[32m[GET] /exam-schedules - Finished in 20ms[39m
[32m[Nest] 3244  - [39m08/06/2026, 1:55:18 PM [32m    LOG[39m [38;5;3m[HTTP] [39m[32m[GET] /exam-periods - Finished in 19ms[39m
[32m[Nest] 3244  - [39m08/06/2026, 1:55:18 PM [32m    LOG[39m [38;5;3m[HTTP] [39m[32m[GET] /exam-rooms - Finished in 8ms[39m
[33m[Nest] 3244  - [39m08/06/2026, 1:55:44 PM [33m   WARN[39m [38;5;3m[HTTP-ERROR] [39m[33m[31m[POST] /exam-schedules - Status 400 - Error: {"message":["examPeriodId must not be less than 1","examPeriodId must be an integer number","subjectId must not be less than 1","subjectId must be an integer number"],"error":"Bad Request","statusCode":400}[0m[39m
[32m[Nest] 3244  - [39m08/06/2026, 1:55:44 PM [32m    LOG[39m [38;5;3m[HTTP] [39m[32m[GET] /exam-periods - Finished in 3ms[39m
[32m[Nest] 3244  - [39m08/06/2026, 1:55:44 PM [32m    LOG[39m [38;5;3m[HTTP] [39m[32m[GET] /exam-rooms - Finished in 2ms[39m
[32m[Nest] 3244  - [39m08/06/2026, 1:55:44 PM [32m    LOG[39m [38;5;3m[HTTP] [39m[32m[GET] /exam-schedules - Finished in 6ms[39m
[32m[Nest] 3244  - [39m08/06/2026, 1:55:50 PM [32m    LOG[39m [38;5;3m[HTTP] [39m[32m[GET] /questions/statistics - Finished in 6ms[39m
[32m[Nest] 3244  - [39m08/06/2026, 1:55:50 PM [32m    LOG[39m [38;5;3m[HTTP] [39m[32m[GET] /exam-periods - Finished in 6ms[39m
[32m[Nest] 3244  - [39m08/06/2026, 1:55:50 PM [32m    LOG[39m [38;5;3m[HTTP] [39m[32m[GET] /questions/statistics - Finished in 4ms[39m
[32m[Nest] 3244  - [39m08/06/2026, 1:55:50 PM [32m    LOG[39m [38;5;3m[HTTP] [39m[32m[GET] /exam-periods - Finished in 7ms[39m
[32m[Nest] 3244  - [39m08/06/2026, 1:55:50 PM [32m    LOG[39m [38;5;3m[HTTP] [39m[32m[GET] /exam-rooms - Finished in 21ms[39m
[32m[Nest] 3244  - [39m08/06/2026, 1:55:50 PM [32m    LOG[39m [38;5;3m[HTTP] [39m[32m[GET] /exam-rooms - Finished in 3ms[39m
[32m[Nest] 3244  - [39m08/06/2026, 1:55:50 PM [32m    LOG[39m [38;5;3m[HTTP] [39m[32m[GET] /exam-schedules - Finished in 28ms[39m
[32m[Nest] 3244  - [39m08/06/2026, 1:55:50 PM [32m    LOG[39m [38;5;3m[HTTP] [39m[32m[GET] /exam-schedules - Finished in 8ms[39m
[32m[Nest] 3244  - [39m08/06/2026, 1:55:50 PM [32m    LOG[39m [38;5;3m[HTTP] [39m[32m[GET] /teachers - Finished in 10ms[39m
[32m[Nest] 3244  - [39m08/06/2026, 1:55:50 PM [32m    LOG[39m [38;5;3m[HTTP] [39m[32m[GET] /classes - Finished in 12ms[39m
[32m[Nest] 3244  - [39m08/06/2026, 1:55:50 PM [32m    LOG[39m [38;5;3m[HTTP] [39m[32m[GET] /dashboard/overview - Finished in 23ms[39m
[32m[Nest] 3244  - [39m08/06/2026, 1:55:50 PM [32m    LOG[39m [38;5;3m[HTTP] [39m[32m[GET] /departments - Finished in 19ms[39m
[32m[Nest] 3244  - [39m08/06/2026, 1:55:50 PM [32m    LOG[39m [38;5;3m[HTTP] [39m[32m[GET] /students?page=1&limit=20 - Finished in 19ms[39m
[32m[Nest] 3244  - [39m08/06/2026, 1:55:50 PM [32m    LOG[39m [38;5;3m[HTTP] [39m[32m[GET] /questions/filter-options - Finished in 9ms[39m
[32m[Nest] 3244  - [39m08/06/2026, 1:55:50 PM [32m    LOG[39m [38;5;3m[HTTP] [39m[32m[GET] /exam-arrangement/history - Finished in 11ms[39m
[32m[Nest] 3244  - [39m08/06/2026, 1:55:50 PM [32m    LOG[39m [38;5;3m[HTTP] [39m[32m[GET] /exam-papers - Finished in 18ms[39m
[32m[Nest] 3244  - [39m08/06/2026, 1:55:50 PM [32m    LOG[39m [38;5;3m[HTTP] [39m[32m[GET] /subjects - Finished in 34ms[39m
[32m[Nest] 3244  - [39m08/06/2026, 1:55:50 PM [32m    LOG[39m [38;5;3m[HTTP] [39m[32m[GET] /exam-schedules/trash - Finished in 29ms[39m
[32m[Nest] 3244  - [39m08/06/2026, 1:55:50 PM [32m    LOG[39m [38;5;3m[HTTP] [39m[32m[GET] /questions?page=1&limit=20 - Finished in 43ms[39m
[32m[Nest] 3244  - [39m08/06/2026, 1:56:02 PM [32m    LOG[39m [38;5;3m[HTTP] [39m[32m[GET] /exam-rooms - Finished in 4ms[39m
[32m[Nest] 3244  - [39m08/06/2026, 1:56:02 PM [32m    LOG[39m [38;5;3m[HTTP] [39m[32m[GET] /exam-periods - Finished in 4ms[39m
[32m[Nest] 3244  - [39m08/06/2026, 1:56:02 PM [32m    LOG[39m [38;5;3m[HTTP] [39m[32m[GET] /exam-schedules - Finished in 11ms[39m
[32m[Nest] 3244  - [39m08/06/2026, 1:56:02 PM [32m    LOG[39m [38;5;3m[HTTP] [39m[32m[GET] /questions/statistics - Finished in 15ms[39m
[32m[Nest] 3244  - [39m08/06/2026, 1:56:02 PM [32m    LOG[39m [38;5;3m[HTTP] [39m[32m[GET] /exam-rooms - Finished in 4ms[39m
[32m[Nest] 3244  - [39m08/06/2026, 1:56:02 PM [32m    LOG[39m [38;5;3m[HTTP] [39m[32m[GET] /exam-periods - Finished in 5ms[39m
[32m[Nest] 3244  - [39m08/06/2026, 1:56:02 PM [32m    LOG[39m [38;5;3m[HTTP] [39m[32m[GET] /questions/statistics - Finished in 4ms[39m
[32m[Nest] 3244  - [39m08/06/2026, 1:56:02 PM [32m    LOG[39m [38;5;3m[HTTP] [39m[32m[GET] /exam-schedules - Finished in 27ms[39m
[32m[Nest] 3244  - [39m08/06/2026, 1:56:02 PM [32m    LOG[39m [38;5;3m[HTTP] [39m[32m[GET] /dashboard/overview - Finished in 34ms[39m
[32m[Nest] 3244  - [39m08/06/2026, 1:56:02 PM [32m    LOG[39m [38;5;3m[HTTP] [39m[32m[GET] /departments - Finished in 26ms[39m
[32m[Nest] 3244  - [39m08/06/2026, 1:56:02 PM [32m    LOG[39m [38;5;3m[HTTP] [39m[32m[GET] /classes - Finished in 22ms[39m
[32m[Nest] 3244  - [39m08/06/2026, 1:56:02 PM [32m    LOG[39m [38;5;3m[HTTP] [39m[32m[GET] /students?page=1&limit=20 - Finished in 25ms[39m
[32m[Nest] 3244  - [39m08/06/2026, 1:56:02 PM [32m    LOG[39m [38;5;3m[HTTP] [39m[32m[GET] /teachers - Finished in 8ms[39m
[32m[Nest] 3244  - [39m08/06/2026, 1:56:03 PM [32m    LOG[39m [38;5;3m[HTTP] [39m[32m[GET] /subjects - Finished in 24ms[39m
[32m[Nest] 3244  - [39m08/06/2026, 1:56:03 PM [32m    LOG[39m [38;5;3m[HTTP] [39m[32m[GET] /exam-schedules/trash - Finished in 7ms[39m
[32m[Nest] 3244  - [39m08/06/2026, 1:56:03 PM [32m    LOG[39m [38;5;3m[HTTP] [39m[32m[GET] /questions/filter-options - Finished in 8ms[39m
[32m[Nest] 3244  - [39m08/06/2026, 1:56:03 PM [32m    LOG[39m [38;5;3m[HTTP] [39m[32m[GET] /exam-papers - Finished in 19ms[39m
[32m[Nest] 3244  - [39m08/06/2026, 1:56:03 PM [32m    LOG[39m [38;5;3m[HTTP] [39m[32m[GET] /exam-arrangement/history - Finished in 14ms[39m
[32m[Nest] 3244  - [39m08/06/2026, 1:56:03 PM [32m    LOG[39m [38;5;3m[HTTP] [39m[32m[GET] /questions?page=1&limit=20 - Finished in 35ms[39m
[32m[Nest] 3244  - [39m08/06/2026, 1:57:55 PM [32m    LOG[39m [38;5;3m[HTTP] [39m[32m[GET] /exam-periods - Finished in 95ms[39m
[32m[Nest] 3244  - [39m08/06/2026, 1:57:55 PM [32m    LOG[39m [38;5;3m[HTTP] [39m[32m[GET] /exam-rooms - Finished in 44ms[39m
[32m[Nest] 3244  - [39m08/06/2026, 1:57:55 PM [32m    LOG[39m [38;5;3m[HTTP] [39m[32m[GET] /exam-schedules - Finished in 102ms[39m
[32m[Nest] 3244  - [39m08/06/2026, 1:57:55 PM [32m    LOG[39m [38;5;3m[HTTP] [39m[32m[GET] /subjects - Finished in 60ms[39m
[32m[Nest] 3244  - [39m08/06/2026, 1:57:55 PM [32m    LOG[39m [38;5;3m[HTTP] [39m[32m[GET] /exam-periods - Finished in 4ms[39m
[32m[Nest] 3244  - [39m08/06/2026, 1:57:55 PM [32m    LOG[39m [38;5;3m[HTTP] [39m[32m[GET] /exam-rooms - Finished in 3ms[39m
[32m[Nest] 3244  - [39m08/06/2026, 1:57:55 PM [32m    LOG[39m [38;5;3m[HTTP] [39m[32m[GET] /subjects - Finished in 17ms[39m
[32m[Nest] 3244  - [39m08/06/2026, 1:57:55 PM [32m    LOG[39m [38;5;3m[HTTP] [39m[32m[GET] /exam-schedules - Finished in 18ms[39m
[32m[Nest] 3244  - [39m08/06/2026, 1:58:45 PM [32m    LOG[39m [38;5;3m[HTTP] [39m[32m[GET] /questions/statistics - Finished in 81ms[39m
[32m[Nest] 3244  - [39m08/06/2026, 1:58:45 PM [32m    LOG[39m [38;5;3m[HTTP] [39m[32m[GET] /exam-periods - Finished in 21ms[39m
[32m[Nest] 3244  - [39m08/06/2026, 1:58:45 PM [32m    LOG[39m [38;5;3m[HTTP] [39m[32m[GET] /exam-rooms - Finished in 17ms[39m
[32m[Nest] 3244  - [39m08/06/2026, 1:58:45 PM [32m    LOG[39m [38;5;3m[HTTP] [39m[32m[GET] /subjects - Finished in 127ms[39m
[32m[Nest] 3244  - [39m08/06/2026, 1:58:45 PM [32m    LOG[39m [38;5;3m[HTTP] [39m[32m[GET] /classes - Finished in 58ms[39m
[32m[Nest] 3244  - [39m08/06/2026, 1:58:45 PM [32m    LOG[39m [38;5;3m[HTTP] [39m[32m[GET] /exam-schedules - Finished in 89ms[39m
[32m[Nest] 3244  - [39m08/06/2026, 1:58:45 PM [32m    LOG[39m [38;5;3m[HTTP] [39m[32m[GET] /students?page=1&limit=20 - Finished in 29ms[39m
[32m[Nest] 3244  - [39m08/06/2026, 1:58:45 PM [32m    LOG[39m [38;5;3m[HTTP] [39m[32m[GET] /departments - Finished in 43ms[39m
[32m[Nest] 3244  - [39m08/06/2026, 1:58:45 PM [32m    LOG[39m [38;5;3m[HTTP] [39m[32m[GET] /teachers - Finished in 47ms[39m
[32m[Nest] 3244  - [39m08/06/2026, 1:58:45 PM [32m    LOG[39m [38;5;3m[HTTP] [39m[32m[GET] /exam-schedules/trash - Finished in 84ms[39m
[32m[Nest] 3244  - [39m08/06/2026, 1:58:45 PM [32m    LOG[39m [38;5;3m[HTTP] [39m[32m[GET] /exam-papers - Finished in 56ms[39m
[32m[Nest] 3244  - [39m08/06/2026, 1:58:45 PM [32m    LOG[39m [38;5;3m[HTTP] [39m[32m[GET] /questions/statistics - Finished in 50ms[39m
[32m[Nest] 3244  - [39m08/06/2026, 1:58:45 PM [32m    LOG[39m [38;5;3m[HTTP] [39m[32m[GET] /dashboard/overview - Finished in 304ms[39m
[32m[Nest] 3244  - [39m08/06/2026, 1:58:45 PM [32m    LOG[39m [38;5;3m[HTTP] [39m[32m[GET] /questions/filter-options - Finished in 32ms[39m
[32m[Nest] 3244  - [39m08/06/2026, 1:58:45 PM [32m    LOG[39m [38;5;3m[HTTP] [39m[32m[GET] /exam-arrangement/history - Finished in 17ms[39m
[32m[Nest] 3244  - [39m08/06/2026, 1:58:45 PM [32m    LOG[39m [38;5;3m[HTTP] [39m[32m[GET] /exam-periods - Finished in 15ms[39m
[32m[Nest] 3244  - [39m08/06/2026, 1:58:45 PM [32m    LOG[39m [38;5;3m[HTTP] [39m[32m[GET] /exam-rooms - Finished in 26ms[39m
[32m[Nest] 3244  - [39m08/06/2026, 1:58:45 PM [32m    LOG[39m [38;5;3m[HTTP] [39m[32m[GET] /exam-schedules - Finished in 24ms[39m
[32m[Nest] 3244  - [39m08/06/2026, 1:58:45 PM [32m    LOG[39m [38;5;3m[HTTP] [39m[32m[GET] /subjects - Finished in 39ms[39m
[32m[Nest] 3244  - [39m08/06/2026, 1:58:45 PM [32m    LOG[39m [38;5;3m[HTTP] [39m[32m[GET] /questions?page=1&limit=20 - Finished in 158ms[39m
[32m[Nest] 3244  - [39m08/06/2026, 1:58:45 PM [32m    LOG[39m [38;5;3m[HTTP] [39m[32m[GET] /questions/statistics - Finished in 28ms[39m
[32m[Nest] 3244  - [39m08/06/2026, 1:58:45 PM [32m    LOG[39m [38;5;3m[HTTP] [39m[32m[GET] /exam-rooms - Finished in 22ms[39m
[32m[Nest] 3244  - [39m08/06/2026, 1:58:45 PM [32m    LOG[39m [38;5;3m[HTTP] [39m[32m[GET] /exam-periods - Finished in 26ms[39m
[32m[Nest] 3244  - [39m08/06/2026, 1:58:45 PM [32m    LOG[39m [38;5;3m[HTTP] [39m[32m[GET] /subjects - Finished in 6ms[39m
[32m[Nest] 3244  - [39m08/06/2026, 1:58:45 PM [32m    LOG[39m [38;5;3m[HTTP] [39m[32m[GET] /exam-schedules - Finished in 37ms[39m
[33m[Nest] 3244  - [39m08/06/2026, 1:59:03 PM [33m   WARN[39m [38;5;3m[HTTP-ERROR] [39m[33m[31m[POST] /exam-schedules - Status 400 - Error: {"message":"Ngày thi phải nằm trong khoảng thời gian của kỳ thi.","error":"Bad Request","statusCode":400}[0m[39m
[33m[Nest] 3244  - [39m08/06/2026, 1:59:09 PM [33m   WARN[39m [38;5;3m[HTTP-ERROR] [39m[33m[31m[POST] /exam-schedules - Status 400 - Error: {"message":"Ngày thi phải nằm trong khoảng thời gian của kỳ thi.","error":"Bad Request","statusCode":400}[0m[39m
[33m[Nest] 3244  - [39m08/06/2026, 1:59:11 PM [33m   WARN[39m [38;5;3m[HTTP-ERROR] [39m[33m[31m[POST] /exam-schedules - Status 400 - Error: {"message":"Ngày thi phải nằm trong khoảng thời gian của kỳ thi.","error":"Bad Request","statusCode":400}[0m[39m
[32m[Nest] 3244  - [39m08/06/2026, 1:59:16 PM [32m    LOG[39m [38;5;3m[HTTP] [39m[32m[POST] /exam-schedules - Finished in 91ms[39m
[32m[Nest] 3244  - [39m08/06/2026, 1:59:16 PM [32m    LOG[39m [38;5;3m[HTTP] [39m[32m[GET] /exam-periods - Finished in 2ms[39m
[32m[Nest] 3244  - [39m08/06/2026, 1:59:16 PM [32m    LOG[39m [38;5;3m[HTTP] [39m[32m[GET] /exam-rooms - Finished in 3ms[39m
[32m[Nest] 3244  - [39m08/06/2026, 1:59:16 PM [32m    LOG[39m [38;5;3m[HTTP] [39m[32m[GET] /subjects - Finished in 9ms[39m
[32m[Nest] 3244  - [39m08/06/2026, 1:59:16 PM [32m    LOG[39m [38;5;3m[HTTP] [39m[32m[GET] /exam-schedules - Finished in 16ms[39m
[32m[Nest] 3244  - [39m08/06/2026, 1:59:23 PM [32m    LOG[39m [38;5;3m[HTTP] [39m[32m[GET] /questions/statistics - Finished in 10ms[39m
[32m[Nest] 3244  - [39m08/06/2026, 1:59:23 PM [32m    LOG[39m [38;5;3m[HTTP] [39m[32m[GET] /departments - Finished in 37ms[39m
[32m[Nest] 3244  - [39m08/06/2026, 1:59:23 PM [32m    LOG[39m [38;5;3m[HTTP] [39m[32m[GET] /dashboard/overview - Finished in 112ms[39m
[32m[Nest] 3244  - [39m08/06/2026, 1:59:23 PM [32m    LOG[39m [38;5;3m[HTTP] [39m[32m[GET] /classes - Finished in 74ms[39m
[32m[Nest] 3244  - [39m08/06/2026, 1:59:23 PM [32m    LOG[39m [38;5;3m[HTTP] [39m[32m[GET] /students?page=1&limit=20 - Finished in 34ms[39m
[32m[Nest] 3244  - [39m08/06/2026, 1:59:23 PM [32m    LOG[39m [38;5;3m[HTTP] [39m[32m[GET] /exam-schedules/trash - Finished in 35ms[39m
[32m[Nest] 3244  - [39m08/06/2026, 1:59:23 PM [32m    LOG[39m [38;5;3m[HTTP] [39m[32m[GET] /teachers - Finished in 40ms[39m
[32m[Nest] 3244  - [39m08/06/2026, 1:59:23 PM [32m    LOG[39m [38;5;3m[HTTP] [39m[32m[GET] /exam-papers - Finished in 33ms[39m
[32m[Nest] 3244  - [39m08/06/2026, 1:59:23 PM [32m    LOG[39m [38;5;3m[HTTP] [39m[32m[GET] /questions/filter-options - Finished in 32ms[39m
[32m[Nest] 3244  - [39m08/06/2026, 1:59:23 PM [32m    LOG[39m [38;5;3m[HTTP] [39m[32m[GET] /exam-arrangement/history - Finished in 33ms[39m
[32m[Nest] 3244  - [39m08/06/2026, 1:59:23 PM [32m    LOG[39m [38;5;3m[HTTP] [39m[32m[GET] /questions?page=1&limit=20 - Finished in 82ms[39m
[32m[Nest] 3244  - [39m08/06/2026, 1:59:27 PM [32m    LOG[39m [38;5;3m[HTTP] [39m[32m[GET] /exam-arrangement/room-availability?examScheduleId=7 - Finished in 25ms[39m
[32m[Nest] 3244  - [39m08/06/2026, 1:59:27 PM [32m    LOG[39m [38;5;3m[HTTP] [39m[32m[GET] /exam-arrangement/room-availability?examScheduleId=7 - Finished in 19ms[39m
[32m[Nest] 3244  - [39m08/06/2026, 1:59:27 PM [32m    LOG[39m [38;5;3m[HTTP] [39m[32m[GET] /exam-arrangement/result?examScheduleId=7 - Finished in 27ms[39m
[32m[Nest] 3244  - [39m08/06/2026, 1:59:27 PM [32m    LOG[39m [38;5;3m[HTTP] [39m[32m[GET] /exam-arrangement/room-availability?examScheduleId=7 - Finished in 21ms[39m
[32m[Nest] 3244  - [39m08/06/2026, 1:59:27 PM [32m    LOG[39m [38;5;3m[HTTP] [39m[32m[GET] /exam-arrangement/result?examScheduleId=7 - Finished in 10ms[39m
[32m[Nest] 3244  - [39m08/06/2026, 1:59:39 PM [32m    LOG[39m [38;5;3m[HTTP] [39m[32m[GET] /exam-arrangement/room-availability?examScheduleId=11 - Finished in 11ms[39m
[32m[Nest] 3244  - [39m08/06/2026, 1:59:39 PM [32m    LOG[39m [38;5;3m[HTTP] [39m[32m[GET] /exam-arrangement/result?examScheduleId=11 - Finished in 14ms[39m
[32m[Nest] 3244  - [39m08/06/2026, 1:59:45 PM [32m    LOG[39m [38;5;3m[HTTP] [39m[32m[GET] /exam-arrangement/room-availability?examScheduleId=12 - Finished in 8ms[39m
[32m[Nest] 3244  - [39m08/06/2026, 1:59:45 PM [32m    LOG[39m [38;5;3m[HTTP] [39m[32m[GET] /exam-arrangement/result?examScheduleId=12 - Finished in 2ms[39m
[32m[Nest] 3244  - [39m08/06/2026, 1:59:51 PM [32m    LOG[39m [38;5;3m[HTTP] [39m[32m[POST] /exam-arrangement/preview - Finished in 57ms[39m
[32m[Nest] 3244  - [39m08/06/2026, 1:59:54 PM [32m    LOG[39m [38;5;3m[HTTP] [39m[32m[POST] /exam-arrangement/auto-arrange - Finished in 86ms[39m
[32m[Nest] 3244  - [39m08/06/2026, 1:59:54 PM [32m    LOG[39m [38;5;3m[HTTP] [39m[32m[GET] /exam-arrangement/result?examScheduleId=12 - Finished in 6ms[39m
[32m[Nest] 3244  - [39m08/06/2026, 1:59:54 PM [32m    LOG[39m [38;5;3m[HTTP] [39m[32m[GET] /exam-arrangement/history - Finished in 5ms[39m
[32m[Nest] 3244  - [39m08/06/2026, 2:00:02 PM [32m    LOG[39m [38;5;3m[HTTP] [39m[32m[GET] /questions/statistics - Finished in 8ms[39m
[32m[Nest] 3244  - [39m08/06/2026, 2:00:02 PM [32m    LOG[39m [38;5;3m[HTTP] [39m[32m[GET] /teachers - Finished in 15ms[39m
[32m[Nest] 3244  - [39m08/06/2026, 2:00:02 PM [32m    LOG[39m [38;5;3m[HTTP] [39m[32m[GET] /exam-schedules - Finished in 29ms[39m
[32m[Nest] 3244  - [39m08/06/2026, 2:00:02 PM [32m    LOG[39m [38;5;3m[HTTP] [39m[32m[GET] /teachers - Finished in 12ms[39m
[32m[Nest] 3244  - [39m08/06/2026, 2:00:02 PM [32m    LOG[39m [38;5;3m[HTTP] [39m[32m[GET] /exam-schedules - Finished in 28ms[39m
[32m[Nest] 3244  - [39m08/06/2026, 2:00:02 PM [32m    LOG[39m [38;5;3m[HTTP] [39m[32m[GET] /exam-schedules/7 - Finished in 34ms[39m
[32m[Nest] 3244  - [39m08/06/2026, 2:00:02 PM [32m    LOG[39m [38;5;3m[HTTP] [39m[32m[GET] /classes - Finished in 31ms[39m
[32m[Nest] 3244  - [39m08/06/2026, 2:00:02 PM [32m    LOG[39m [38;5;3m[HTTP] [39m[32m[GET] /departments - Finished in 36ms[39m
[32m[Nest] 3244  - [39m08/06/2026, 2:00:02 PM [32m    LOG[39m [38;5;3m[HTTP] [39m[32m[GET] /students?page=1&limit=20 - Finished in 33ms[39m
[32m[Nest] 3244  - [39m08/06/2026, 2:00:02 PM [32m    LOG[39m [38;5;3m[HTTP] [39m[32m[GET] /dashboard/overview - Finished in 57ms[39m
[32m[Nest] 3244  - [39m08/06/2026, 2:00:02 PM [32m    LOG[39m [38;5;3m[HTTP] [39m[32m[GET] /subjects - Finished in 34ms[39m
[32m[Nest] 3244  - [39m08/06/2026, 2:00:02 PM [32m    LOG[39m [38;5;3m[HTTP] [39m[32m[GET] /exam-rooms - Finished in 21ms[39m
[32m[Nest] 3244  - [39m08/06/2026, 2:00:02 PM [32m    LOG[39m [38;5;3m[HTTP] [39m[32m[GET] /exam-periods - Finished in 24ms[39m
[32m[Nest] 3244  - [39m08/06/2026, 2:00:02 PM [32m    LOG[39m [38;5;3m[HTTP] [39m[32m[GET] /exam-schedules/trash - Finished in 39ms[39m
[32m[Nest] 3244  - [39m08/06/2026, 2:00:02 PM [32m    LOG[39m [38;5;3m[HTTP] [39m[32m[GET] /exam-papers - Finished in 34ms[39m
[32m[Nest] 3244  - [39m08/06/2026, 2:00:02 PM [32m    LOG[39m [38;5;3m[HTTP] [39m[32m[GET] /questions/filter-options - Finished in 35ms[39m
[32m[Nest] 3244  - [39m08/06/2026, 2:00:02 PM [32m    LOG[39m [38;5;3m[HTTP] [39m[32m[GET] /questions?page=1&limit=20 - Finished in 61ms[39m
[32m[Nest] 3244  - [39m08/06/2026, 2:00:02 PM [32m    LOG[39m [38;5;3m[HTTP] [39m[32m[GET] /exam-schedules/7 - Finished in 51ms[39m
[32m[Nest] 3244  - [39m08/06/2026, 2:00:02 PM [32m    LOG[39m [38;5;3m[HTTP] [39m[32m[GET] /exam-supervisors?examScheduleId=7 - Finished in 27ms[39m
[32m[Nest] 3244  - [39m08/06/2026, 2:00:02 PM [32m    LOG[39m [38;5;3m[HTTP] [39m[32m[GET] /exam-supervisors?examScheduleId=7 - Finished in 13ms[39m
[32m[Nest] 3244  - [39m08/06/2026, 2:00:02 PM [32m    LOG[39m [38;5;3m[HTTP] [39m[32m[GET] /exam-supervisors?examScheduleRoomId=7 - Finished in 8ms[39m
[32m[Nest] 3244  - [39m08/06/2026, 2:00:02 PM [32m    LOG[39m [38;5;3m[HTTP] [39m[32m[GET] /exam-supervisors?examScheduleRoomId=7 - Finished in 7ms[39m
[32m[Nest] 3244  - [39m08/06/2026, 2:00:10 PM [32m    LOG[39m [38;5;3m[HTTP] [39m[32m[GET] /exam-schedules/12 - Finished in 5ms[39m
[32m[Nest] 3244  - [39m08/06/2026, 2:00:10 PM [32m    LOG[39m [38;5;3m[HTTP] [39m[32m[GET] /exam-supervisors?examScheduleId=12 - Finished in 3ms[39m
[32m[Nest] 3244  - [39m08/06/2026, 2:00:10 PM [32m    LOG[39m [38;5;3m[HTTP] [39m[32m[GET] /exam-supervisors?examScheduleRoomId=9 - Finished in 3ms[39m
[32m[Nest] 3244  - [39m08/06/2026, 2:00:12 PM [32m    LOG[39m [38;5;3m[HTTP] [39m[32m[POST] /exam-supervisors/auto-preview - Finished in 18ms[39m
[32m[Nest] 3244  - [39m08/06/2026, 2:00:16 PM [32m    LOG[39m [38;5;3m[HTTP] [39m[32m[POST] /exam-supervisors/auto-assign - Finished in 50ms[39m
[32m[Nest] 3244  - [39m08/06/2026, 2:00:16 PM [32m    LOG[39m [38;5;3m[HTTP] [39m[32m[GET] /exam-schedules/12 - Finished in 4ms[39m
[32m[Nest] 3244  - [39m08/06/2026, 2:00:16 PM [32m    LOG[39m [38;5;3m[HTTP] [39m[32m[GET] /exam-supervisors?examScheduleId=12 - Finished in 5ms[39m
[32m[Nest] 3244  - [39m08/06/2026, 2:00:16 PM [32m    LOG[39m [38;5;3m[HTTP] [39m[32m[GET] /exam-supervisors?examScheduleRoomId=9 - Finished in 3ms[39m
[32m[Nest] 3244  - [39m08/06/2026, 2:00:21 PM [32m    LOG[39m [38;5;3m[HTTP] [39m[32m[GET] /exam-papers - Finished in 16ms[39m
[32m[Nest] 3244  - [39m08/06/2026, 2:00:21 PM [32m    LOG[39m [38;5;3m[HTTP] [39m[32m[GET] /exam-papers - Finished in 7ms[39m
[32m[Nest] 3244  - [39m08/06/2026, 2:00:21 PM [32m    LOG[39m [38;5;3m[HTTP] [39m[32m[GET] /classes - Finished in 67ms[39m
[32m[Nest] 3244  - [39m08/06/2026, 2:00:21 PM [32m    LOG[39m [38;5;3m[HTTP] [39m[32m[GET] /students?page=1&limit=20 - Finished in 99ms[39m
[32m[Nest] 3244  - [39m08/06/2026, 2:00:21 PM [32m    LOG[39m [38;5;3m[HTTP] [39m[32m[GET] /questions/statistics - Finished in 30ms[39m
[32m[Nest] 3244  - [39m08/06/2026, 2:00:21 PM [32m    LOG[39m [38;5;3m[HTTP] [39m[32m[GET] /teachers - Finished in 18ms[39m
[32m[Nest] 3244  - [39m08/06/2026, 2:00:21 PM [32m    LOG[39m [38;5;3m[HTTP] [39m[32m[GET] /departments - Finished in 31ms[39m
[32m[Nest] 3244  - [39m08/06/2026, 2:00:21 PM [32m    LOG[39m [38;5;3m[HTTP] [39m[32m[GET] /exam-schedules - Finished in 73ms[39m
[32m[Nest] 3244  - [39m08/06/2026, 2:00:22 PM [32m    LOG[39m [38;5;3m[HTTP] [39m[32m[GET] /exam-rooms - Finished in 9ms[39m
[32m[Nest] 3244  - [39m08/06/2026, 2:00:22 PM [32m    LOG[39m [38;5;3m[HTTP] [39m[32m[GET] /dashboard/overview - Finished in 285ms[39m
[32m[Nest] 3244  - [39m08/06/2026, 2:00:22 PM [32m    LOG[39m [38;5;3m[HTTP] [39m[32m[GET] /exam-periods - Finished in 113ms[39m
[32m[Nest] 3244  - [39m08/06/2026, 2:00:22 PM [32m    LOG[39m [38;5;3m[HTTP] [39m[32m[GET] /questions/statistics - Finished in 122ms[39m
[32m[Nest] 3244  - [39m08/06/2026, 2:00:22 PM [32m    LOG[39m [38;5;3m[HTTP] [39m[32m[GET] /subjects - Finished in 127ms[39m
[32m[Nest] 3244  - [39m08/06/2026, 2:00:22 PM [32m    LOG[39m [38;5;3m[HTTP] [39m[32m[GET] /questions/filter-options - Finished in 32ms[39m
[32m[Nest] 3244  - [39m08/06/2026, 2:00:22 PM [32m    LOG[39m [38;5;3m[HTTP] [39m[32m[GET] /exam-schedules/trash - Finished in 51ms[39m
[32m[Nest] 3244  - [39m08/06/2026, 2:00:22 PM [32m    LOG[39m [38;5;3m[HTTP] [39m[32m[GET] /exam-schedules - Finished in 16ms[39m
[32m[Nest] 3244  - [39m08/06/2026, 2:00:22 PM [32m    LOG[39m [38;5;3m[HTTP] [39m[32m[GET] /exam-arrangement/history - Finished in 17ms[39m
[32m[Nest] 3244  - [39m08/06/2026, 2:00:22 PM [32m    LOG[39m [38;5;3m[HTTP] [39m[32m[GET] /questions?page=1&limit=20 - Finished in 66ms[39m
[32m[Nest] 3244  - [39m08/06/2026, 2:00:22 PM [32m    LOG[39m [38;5;3m[HTTP] [39m[32m[GET] /exam-schedules - Finished in 42ms[39m
[32m[Nest] 3244  - [39m08/06/2026, 2:00:30 PM [32m    LOG[39m [38;5;3m[HTTP] [39m[32m[POST] /exam-papers/preview-random - Finished in 57ms[39m
[32m[Nest] 3244  - [39m08/06/2026, 2:00:32 PM [32m    LOG[39m [38;5;3m[HTTP] [39m[32m[POST] /exam-papers/preview-random - Finished in 33ms[39m
[32m[Nest] 3244  - [39m08/06/2026, 2:00:32 PM [32m    LOG[39m [38;5;3m[HTTP] [39m[32m[POST] /exam-papers/preview-random - Finished in 30ms[39m
[32m[Nest] 3244  - [39m08/06/2026, 2:00:32 PM [32m    LOG[39m [38;5;3m[HTTP] [39m[32m[POST] /exam-papers/preview-random - Finished in 26ms[39m
[32m[Nest] 3244  - [39m08/06/2026, 2:00:50 PM [32m    LOG[39m [38;5;3m[HTTP] [39m[32m[GET] /questions/statistics - Finished in 16ms[39m
[32m[Nest] 3244  - [39m08/06/2026, 2:00:50 PM [32m    LOG[39m [38;5;3m[HTTP] [39m[32m[GET] /questions/filter-options - Finished in 22ms[39m
[32m[Nest] 3244  - [39m08/06/2026, 2:00:50 PM [32m    LOG[39m [38;5;3m[HTTP] [39m[32m[GET] /questions/statistics - Finished in 12ms[39m
[32m[Nest] 3244  - [39m08/06/2026, 2:00:50 PM [32m    LOG[39m [38;5;3m[HTTP] [39m[32m[GET] /classes - Finished in 18ms[39m
[32m[Nest] 3244  - [39m08/06/2026, 2:00:50 PM [32m    LOG[39m [38;5;3m[HTTP] [39m[32m[GET] /questions?page=1&limit=20 - Finished in 82ms[39m
[32m[Nest] 3244  - [39m08/06/2026, 2:00:50 PM [32m    LOG[39m [38;5;3m[HTTP] [39m[32m[GET] /departments - Finished in 31ms[39m
[32m[Nest] 3244  - [39m08/06/2026, 2:00:50 PM [32m    LOG[39m [38;5;3m[HTTP] [39m[32m[GET] /students?page=1&limit=20 - Finished in 29ms[39m
[32m[Nest] 3244  - [39m08/06/2026, 2:00:50 PM [32m    LOG[39m [38;5;3m[HTTP] [39m[32m[GET] /teachers - Finished in 8ms[39m
[32m[Nest] 3244  - [39m08/06/2026, 2:00:50 PM [32m    LOG[39m [38;5;3m[HTTP] [39m[32m[GET] /exam-rooms - Finished in 9ms[39m
[32m[Nest] 3244  - [39m08/06/2026, 2:00:50 PM [32m    LOG[39m [38;5;3m[HTTP] [39m[32m[GET] /subjects - Finished in 21ms[39m
[32m[Nest] 3244  - [39m08/06/2026, 2:00:50 PM [32m    LOG[39m [38;5;3m[HTTP] [39m[32m[GET] /exam-periods - Finished in 5ms[39m
[32m[Nest] 3244  - [39m08/06/2026, 2:00:50 PM [32m    LOG[39m [38;5;3m[HTTP] [39m[32m[GET] /dashboard/overview - Finished in 84ms[39m
[32m[Nest] 3244  - [39m08/06/2026, 2:00:50 PM [32m    LOG[39m [38;5;3m[HTTP] [39m[32m[GET] /exam-schedules - Finished in 22ms[39m
[32m[Nest] 3244  - [39m08/06/2026, 2:00:50 PM [32m    LOG[39m [38;5;3m[HTTP] [39m[32m[GET] /questions/filter-options - Finished in 12ms[39m
[32m[Nest] 3244  - [39m08/06/2026, 2:00:50 PM [32m    LOG[39m [38;5;3m[HTTP] [39m[32m[GET] /questions/statistics - Finished in 14ms[39m
[32m[Nest] 3244  - [39m08/06/2026, 2:00:50 PM [32m    LOG[39m [38;5;3m[HTTP] [39m[32m[GET] /exam-schedules/trash - Finished in 36ms[39m
[32m[Nest] 3244  - [39m08/06/2026, 2:00:50 PM [32m    LOG[39m [38;5;3m[HTTP] [39m[32m[GET] /exam-arrangement/history - Finished in 7ms[39m
[32m[Nest] 3244  - [39m08/06/2026, 2:00:50 PM [32m    LOG[39m [38;5;3m[HTTP] [39m[32m[GET] /exam-papers - Finished in 32ms[39m
[32m[Nest] 3244  - [39m08/06/2026, 2:00:50 PM [32m    LOG[39m [38;5;3m[HTTP] [39m[32m[GET] /questions/statistics - Finished in 8ms[39m
[32m[Nest] 3244  - [39m08/06/2026, 2:00:50 PM [32m    LOG[39m [38;5;3m[HTTP] [39m[32m[GET] /questions?page=1&limit=20 - Finished in 30ms[39m
[32m[Nest] 3244  - [39m08/06/2026, 2:00:50 PM [32m    LOG[39m [38;5;3m[HTTP] [39m[32m[GET] /questions/filter-options - Finished in 20ms[39m
[32m[Nest] 3244  - [39m08/06/2026, 2:00:50 PM [32m    LOG[39m [38;5;3m[HTTP] [39m[32m[GET] /questions/statistics - Finished in 14ms[39m
[32m[Nest] 3244  - [39m08/06/2026, 2:01:05 PM [32m    LOG[39m [38;5;3m[HTTP] [39m[32m[POST] /questions/ai-extract-text - Finished in 267ms[39m
[31m[Nest] 3244  - [39m08/06/2026, 2:01:05 PM [31m  ERROR[39m [38;5;3m[HTTP-ERROR] [39m[31m[31m[POST] /questions/ai-generate - Status 502 - Error: {"message":"Gemini trả lỗi HTTP 404: {\n  \"error\": {\n    \"code\": 404,\n    \"message\": \"models/gemini-1.5-flash is not found for API version","error":"Bad Gateway","statusCode":502}[0m[39m
BadGatewayException: Gemini trả lỗi HTTP 404: {
  "error": {
    "code": 404,
    "message": "models/gemini-1.5-flash is not found for API version
    at AiQuestionsService.generate (C:\Users\loiho\.gemini\antigravity-ide\scratch\exam-management\backend\src\questions\ai.service.ts:70:15)
    at process.processTicksAndRejections (node:internal/process/task_queues:104:5)
[2J[3J[H[[90m2:02:08 PM[0m] File change detected. Starting incremental compilation...

[[90m2:02:19 PM[0m] Found 0 errors. Watching for file changes.

[32m[Nest] 17580  - [39m08/06/2026, 2:02:34 PM [32m    LOG[39m [38;5;3m[NestFactory] [39m[32mStarting Nest application...[39m
[32m[Nest] 17580  - [39m08/06/2026, 2:02:34 PM [32m    LOG[39m [38;5;3m[InstanceLoader] [39m[32mAppModule dependencies initialized[39m[38;5;3m +51ms[39m
[32m[Nest] 17580  - [39m08/06/2026, 2:02:34 PM [32m    LOG[39m [38;5;3m[InstanceLoader] [39m[32mPrismaModule dependencies initialized[39m[38;5;3m +10ms[39m
[32m[Nest] 17580  - [39m08/06/2026, 2:02:34 PM [32m    LOG[39m [38;5;3m[InstanceLoader] [39m[32mPassportModule dependencies initialized[39m[38;5;3m +0ms[39m
[32m[Nest] 17580  - [39m08/06/2026, 2:02:34 PM [32m    LOG[39m [38;5;3m[InstanceLoader] [39m[32mSecurityModule dependencies initialized[39m[38;5;3m +11ms[39m
[32m[Nest] 17580  - [39m08/06/2026, 2:02:34 PM [32m    LOG[39m [38;5;3m[InstanceLoader] [39m[32mAuditModule dependencies initialized[39m[38;5;3m +0ms[39m
[32m[Nest] 17580  - [39m08/06/2026, 2:02:34 PM [32m    LOG[39m [38;5;3m[InstanceLoader] [39m[32mConfigHostModule dependencies initialized[39m[38;5;3m +0ms[39m
[32m[Nest] 17580  - [39m08/06/2026, 2:02:34 PM [32m    LOG[39m [38;5;3m[InstanceLoader] [39m[32mJwtModule dependencies initialized[39m[38;5;3m +1ms[39m
[32m[Nest] 17580  - [39m08/06/2026, 2:02:34 PM [32m    LOG[39m [38;5;3m[InstanceLoader] [39m[32mConfigModule dependencies initialized[39m[38;5;3m +6ms[39m
[32m[Nest] 17580  - [39m08/06/2026, 2:02:34 PM [32m    LOG[39m [38;5;3m[InstanceLoader] [39m[32mConfigModule dependencies initialized[39m[38;5;3m +1ms[39m
[32m[Nest] 17580  - [39m08/06/2026, 2:02:34 PM [32m    LOG[39m [38;5;3m[InstanceLoader] [39m[32mUsersModule dependencies initialized[39m[38;5;3m +9ms[39m
[32m[Nest] 17580  - [39m08/06/2026, 2:02:34 PM [32m    LOG[39m [38;5;3m[InstanceLoader] [39m[32mDepartmentsModule dependencies initialized[39m[38;5;3m +0ms[39m
[32m[Nest] 17580  - [39m08/06/2026, 2:02:34 PM [32m    LOG[39m [38;5;3m[InstanceLoader] [39m[32mClassesModule dependencies initialized[39m[38;5;3m +0ms[39m
[32m[Nest] 17580  - [39m08/06/2026, 2:02:34 PM [32m    LOG[39m [38;5;3m[InstanceLoader] [39m[32mStudentsModule dependencies initialized[39m[38;5;3m +0ms[39m
[32m[Nest] 17580  - [39m08/06/2026, 2:02:34 PM [32m    LOG[39m [38;5;3m[InstanceLoader] [39m[32mSubjectsModule dependencies initialized[39m[38;5;3m +0ms[39m
[32m[Nest] 17580  - [39m08/06/2026, 2:02:34 PM [32m    LOG[39m [38;5;3m[InstanceLoader] [39m[32mDashboardModule dependencies initialized[39m[38;5;3m +0ms[39m
[32m[Nest] 17580  - [39m08/06/2026, 2:02:34 PM [32m    LOG[39m [38;5;3m[InstanceLoader] [39m[32mContactModule dependencies initialized[39m[38;5;3m +1ms[39m
[32m[Nest] 17580  - [39m08/06/2026, 2:02:34 PM [32m    LOG[39m [38;5;3m[InstanceLoader] [39m[32mProctorModule dependencies initialized[39m[38;5;3m +1ms[39m
[32m[Nest] 17580  - [39m08/06/2026, 2:02:34 PM [32m    LOG[39m [38;5;3m[InstanceLoader] [39m[32mTeachersModule dependencies initialized[39m[38;5;3m +1ms[39m
[32m[Nest] 17580  - [39m08/06/2026, 2:02:34 PM [32m    LOG[39m [38;5;3m[InstanceLoader] [39m[32mExamRoomsModule dependencies initialized[39m[38;5;3m +0ms[39m
[32m[Nest] 17580  - [39m08/06/2026, 2:02:34 PM [32m    LOG[39m [38;5;3m[InstanceLoader] [39m[32mExamPeriodsModule dependencies initialized[39m[38;5;3m +0ms[39m
[32m[Nest] 17580  - [39m08/06/2026, 2:02:34 PM [32m    LOG[39m [38;5;3m[InstanceLoader] [39m[32mExamSchedulesModule dependencies initialized[39m[38;5;3m +0ms[39m
[32m[Nest] 17580  - [39m08/06/2026, 2:02:34 PM [32m    LOG[39m [38;5;3m[InstanceLoader] [39m[32mExamArrangementModule dependencies initialized[39m[38;5;3m +0ms[39m
[32m[Nest] 17580  - [39m08/06/2026, 2:02:34 PM [32m    LOG[39m [38;5;3m[InstanceLoader] [39m[32mExamSupervisorsModule dependencies initialized[39m[38;5;3m +0ms[39m
[32m[Nest] 17580  - [39m08/06/2026, 2:02:34 PM [32m    LOG[39m [38;5;3m[InstanceLoader] [39m[32mQuestionsModule dependencies initialized[39m[38;5;3m +0ms[39m
[32m[Nest] 17580  - [39m08/06/2026, 2:02:34 PM [32m    LOG[39m [38;5;3m[InstanceLoader] [39m[32mExamPapersModule dependencies initialized[39m[38;5;3m +0ms[39m
[32m[Nest] 17580  - [39m08/06/2026, 2:02:34 PM [32m    LOG[39m [38;5;3m[InstanceLoader] [39m[32mEssayModule dependencies initialized[39m[38;5;3m +0ms[39m
[32m[Nest] 17580  - [39m08/06/2026, 2:02:34 PM [32m    LOG[39m [38;5;3m[InstanceLoader] [39m[32mOnlineExamsModule dependencies initialized[39m[38;5;3m +0ms[39m
[32m[Nest] 17580  - [39m08/06/2026, 2:02:34 PM [32m    LOG[39m [38;5;3m[InstanceLoader] [39m[32mAuthModule dependencies initialized[39m[38;5;3m +0ms[39m
[32m[Nest] 17580  - [39m08/06/2026, 2:02:34 PM [32m    LOG[39m [38;5;3m[InstanceLoader] [39m[32mAiModule dependencies initialized[39m[38;5;3m +1ms[39m
[32m[Nest] 17580  - [39m08/06/2026, 2:02:34 PM [32m    LOG[39m [38;5;3m[RoutesResolver] [39m[32mAuthController {/auth}:[39m[38;5;3m +11ms[39m
[32m[Nest] 17580  - [39m08/06/2026, 2:02:34 PM [32m    LOG[39m [38;5;3m[RouterExplorer] [39m[32mMapped {/auth/login, POST} route[39m[38;5;3m +6ms[39m
[32m[Nest] 17580  - [39m08/06/2026, 2:02:34 PM [32m    LOG[39m [38;5;3m[RouterExplorer] [39m[32mMapped {/auth/profile, GET} route[39m[38;5;3m +2ms[39m
[32m[Nest] 17580  - [39m08/06/2026, 2:02:34 PM [32m    LOG[39m [38;5;3m[RouterExplorer] [39m[32mMapped {/auth/change-password, POST} route[39m[38;5;3m +1ms[39m
[32m[Nest] 17580  - [39m08/06/2026, 2:02:34 PM [32m    LOG[39m [38;5;3m[RouterExplorer] [39m[32mMapped {/auth/profile, POST} route[39m[38;5;3m +0ms[39m
[32m[Nest] 17580  - [39m08/06/2026, 2:02:34 PM [32m    LOG[39m [38;5;3m[RoutesResolver] [39m[32mUsersController {/users}:[39m[38;5;3m +0ms[39m
[32m[Nest] 17580  - [39m08/06/2026, 2:02:34 PM [32m    LOG[39m [38;5;3m[RouterExplorer] [39m[32mMapped {/users/dashboard-stats, GET} route[39m[38;5;3m +1ms[39m
[32m[Nest] 17580  - [39m08/06/2026, 2:02:34 PM [32m    LOG[39m [38;5;3m[RouterExplorer] [39m[32mMapped {/users, GET} route[39m[38;5;3m +0ms[39m
[32m[Nest] 17580  - [39m08/06/2026, 2:02:34 PM [32m    LOG[39m [38;5;3m[RouterExplorer] [39m[32mMapped {/users/:id, GET} route[39m[38;5;3m +1ms[39m
[32m[Nest] 17580  - [39m08/06/2026, 2:02:34 PM [32m    LOG[39m [38;5;3m[RoutesResolver] [39m[32mDepartmentsController {/departments}:[39m[38;5;3m +0ms[39m
[32m[Nest] 17580  - [39m08/06/2026, 2:02:34 PM [32m    LOG[39m [38;5;3m[RouterExplorer] [39m[32mMapped {/departments, GET} route[39m[38;5;3m +0ms[39m
[32m[Nest] 17580  - [39m08/06/2026, 2:02:34 PM [32m    LOG[39m [38;5;3m[RouterExplorer] [39m[32mMapped {/departments/:id/curriculum, GET} route[39m[38;5;3m +1ms[39m
[32m[Nest] 17580  - [39m08/06/2026, 2:02:34 PM [32m    LOG[39m [38;5;3m[RouterExplorer] [39m[32mMapped {/departments/:id, GET} route[39m[38;5;3m +1ms[39m
[32m[Nest] 17580  - [39m08/06/2026, 2:02:34 PM [32m    LOG[39m [38;5;3m[RouterExplorer] [39m[32mMapped {/departments, POST} route[39m[38;5;3m +0ms[39m
[32m[Nest] 17580  - [39m08/06/2026, 2:02:34 PM [32m    LOG[39m [38;5;3m[RouterExplorer] [39m[32mMapped {/departments/:id/curriculum, POST} route[39m[38;5;3m +0ms[39m
[32m[Nest] 17580  - [39m08/06/2026, 2:02:34 PM [32m    LOG[39m [38;5;3m[RouterExplorer] [39m[32mMapped {/departments/:id, PATCH} route[39m[38;5;3m +1ms[39m
[32m[Nest] 17580  - [39m08/06/2026, 2:02:34 PM [32m    LOG[39m [38;5;3m[RouterExplorer] [39m[32mMapped {/departments/:id/curriculum/:subjectId, DELETE} route[39m[38;5;3m +0ms[39m
[32m[Nest] 17580  - [39m08/06/2026, 2:02:34 PM [32m    LOG[39m [38;5;3m[RouterExplorer] [39m[32mMapped {/departments/:id, DELETE} route[39m[38;5;3m +0ms[39m
[32m[Nest] 17580  - [39m08/06/2026, 2:02:34 PM [32m    LOG[39m [38;5;3m[RoutesResolver] [39m[32mClassesController {/classes}:[39m[38;5;3m +0ms[39m
[32m[Nest] 17580  - [39m08/06/2026, 2:02:34 PM [32m    LOG[39m [38;5;3m[RouterExplorer] [39m[32mMapped {/classes, GET} route[39m[38;5;3m +1ms[39m
[32m[Nest] 17580  - [39m08/06/2026, 2:02:34 PM [32m    LOG[39m [38;5;3m[RouterExplorer] [39m[32mMapped {/classes/:id, GET} route[39m[38;5;3m +0ms[39m
[32m[Nest] 17580  - [39m08/06/2026, 2:02:34 PM [32m    LOG[39m [38;5;3m[RouterExplorer] [39m[32mMapped {/classes, POST} route[39m[38;5;3m +0ms[39m
[32m[Nest] 17580  - [39m08/06/2026, 2:02:34 PM [32m    LOG[39m [38;5;3m[RouterExplorer] [39m[32mMapped {/classes/:id, PATCH} route[39m[38;5;3m +0ms[39m
[32m[Nest] 17580  - [39m08/06/2026, 2:02:34 PM [32m    LOG[39m [38;5;3m[RouterExplorer] [39m[32mMapped {/classes/:id, DELETE} route[39m[38;5;3m +1ms[39m
[32m[Nest] 17580  - [39m08/06/2026, 2:02:34 PM [32m    LOG[39m [38;5;3m[RoutesResolver] [39m[32mStudentsController {/students}:[39m[38;5;3m +0ms[39m
[32m[Nest] 17580  - [39m08/06/2026, 2:02:34 PM [32m    LOG[39m [38;5;3m[RouterExplorer] [39m[32mMapped {/students/my-schedule, GET} route[39m[38;5;3m +0ms[39m
[32m[Nest] 17580  - [39m08/06/2026, 2:02:34 PM [32m    LOG[39m [38;5;3m[RouterExplorer] [39m[32mMapped {/students/my-curriculum, GET} route[39m[38;5;3m +0ms[39m
[32m[Nest] 17580  - [39m08/06/2026, 2:02:34 PM [32m    LOG[39m [38;5;3m[RouterExplorer] [39m[32mMapped {/students, GET} route[39m[38;5;3m +1ms[39m
[32m[Nest] 17580  - [39m08/06/2026, 2:02:34 PM [32m    LOG[39m [38;5;3m[RouterExplorer] [39m[32mMapped {/students/:id, GET} route[39m[38;5;3m +0ms[39m
[32m[Nest] 17580  - [39m08/06/2026, 2:02:34 PM [32m    LOG[39m [38;5;3m[RouterExplorer] [39m[32mMapped {/students, POST} route[39m[38;5;3m +0ms[39m
[32m[Nest] 17580  - [39m08/06/2026, 2:02:34 PM [32m    LOG[39m [38;5;3m[RouterExplorer] [39m[32mMapped {/students/:id, PATCH} route[39m[38;5;3m +1ms[39m
[32m[Nest] 17580  - [39m08/06/2026, 2:02:34 PM [32m    LOG[39m [38;5;3m[RouterExplorer] [39m[32mMapped {/students/:id, DELETE} route[39m[38;5;3m +0ms[39m
[32m[Nest] 17580  - [39m08/06/2026, 2:02:34 PM [32m    LOG[39m [38;5;3m[RoutesResolver] [39m[32mTeachersController {/teachers}:[39m[38;5;3m +0ms[39m
[32m[Nest] 17580  - [39m08/06/2026, 2:02:34 PM [32m    LOG[39m [38;5;3m[RouterExplorer] [39m[32mMapped {/teachers/my-assignments, GET} route[39m[38;5;3m +1ms[39m
[32m[Nest] 17580  - [39m08/06/2026, 2:02:34 PM [32m    LOG[39m [38;5;3m[RouterExplorer] [39m[32mMapped {/teachers/my-assignments/:id/status, PATCH} route[39m[38;5;3m +0ms[39m
[32m[Nest] 17580  - [39m08/06/2026, 2:02:34 PM [32m    LOG[39m [38;5;3m[RouterExplorer] [39m[32mMapped {/teachers/my-assignments/:id/attendance-sheet, GET} route[39m[38;5;3m +0ms[39m
[32m[Nest] 17580  - [39m08/06/2026, 2:02:34 PM [32m    LOG[39m [38;5;3m[RouterExplorer] [39m[32mMapped {/teachers, GET} route[39m[38;5;3m +0ms[39m
[32m[Nest] 17580  - [39m08/06/2026, 2:02:34 PM [32m    LOG[39m [38;5;3m[RouterExplorer] [39m[32mMapped {/teachers/:id/lock, POST} route[39m[38;5;3m +1ms[39m
[32m[Nest] 17580  - [39m08/06/2026, 2:02:34 PM [32m    LOG[39m [38;5;3m[RouterExplorer] [39m[32mMapped {/teachers/:id/unlock, POST} route[39m[38;5;3m +0ms[39m
[32m[Nest] 17580  - [39m08/06/2026, 2:02:34 PM [32m    LOG[39m [38;5;3m[RouterExplorer] [39m[32mMapped {/teachers/:id, GET} route[39m[38;5;3m +0ms[39m
[32m[Nest] 17580  - [39m08/06/2026, 2:02:34 PM [32m    LOG[39m [38;5;3m[RouterExplorer] [39m[32mMapped {/teachers, POST} route[39m[38;5;3m +1ms[39m
[32m[Nest] 17580  - [39m08/06/2026, 2:02:34 PM [32m    LOG[39m [38;5;3m[RouterExplorer] [39m[32mMapped {/teachers/:id, PATCH} route[39m[38;5;3m +0ms[39m
[32m[Nest] 17580  - [39m08/06/2026, 2:02:34 PM [32m    LOG[39m [38;5;3m[RouterExplorer] [39m[32mMapped {/teachers/:id, DELETE} route[39m[38;5;3m +0ms[39m
[32m[Nest] 17580  - [39m08/06/2026, 2:02:34 PM [32m    LOG[39m [38;5;3m[RoutesResolver] [39m[32mSubjectsController {/subjects}:[39m[38;5;3m +0ms[39m
[32m[Nest] 17580  - [39m08/06/2026, 2:02:34 PM [32m    LOG[39m [38;5;3m[RouterExplorer] [39m[32mMapped {/subjects, GET} route[39m[38;5;3m +1ms[39m
[32m[Nest] 17580  - [39m08/06/2026, 2:02:34 PM [32m    LOG[39m [38;5;3m[RouterExplorer] [39m[32mMapped {/subjects/:id, GET} route[39m[38;5;3m +0ms[39m
[32m[Nest] 17580  - [39m08/06/2026, 2:02:34 PM [32m    LOG[39m [38;5;3m[RouterExplorer] [39m[32mMapped {/subjects/:id/chapters, GET} route[39m[38;5;3m +0ms[39m
[32m[Nest] 17580  - [39m08/06/2026, 2:02:34 PM [32m    LOG[39m [38;5;3m[RouterExplorer] [39m[32mMapped {/subjects/:id/enrollments, GET} route[39m[38;5;3m +0ms[39m
[32m[Nest] 17580  - [39m08/06/2026, 2:02:34 PM [32m    LOG[39m [38;5;3m[RouterExplorer] [39m[32mMapped {/subjects/:id/enroll-students, POST} route[39m[38;5;3m +1ms[39m
[32m[Nest] 17580  - [39m08/06/2026, 2:02:34 PM [32m    LOG[39m [38;5;3m[RouterExplorer] [39m[32mMapped {/subjects, POST} route[39m[38;5;3m +0ms[39m
[32m[Nest] 17580  - [39m08/06/2026, 2:02:34 PM [32m    LOG[39m [38;5;3m[RouterExplorer] [39m[32mMapped {/subjects/:id, PATCH} route[39m[38;5;3m +0ms[39m
[32m[Nest] 17580  - [39m08/06/2026, 2:02:34 PM [32m    LOG[39m [38;5;3m[RouterExplorer] [39m[32mMapped {/subjects/:id, DELETE} route[39m[38;5;3m +0ms[39m
[32m[Nest] 17580  - [39m08/06/2026, 2:02:34 PM [32m    LOG[39m [38;5;3m[RoutesResolver] [39m[32mExamRoomsController {/exam-rooms}:[39m[38;5;3m +0ms[39m
[32m[Nest] 17580  - [39m08/06/2026, 2:02:34 PM [32m    LOG[39m [38;5;3m[RouterExplorer] [39m[32mMapped {/exam-rooms, GET} route[39m[38;5;3m +1ms[39m
[32m[Nest] 17580  - [39m08/06/2026, 2:02:34 PM [32m    LOG[39m [38;5;3m[RouterExplorer] [39m[32mMapped {/exam-rooms/:id, GET} route[39m[38;5;3m +0ms[39m
[32m[Nest] 17580  - [39m08/06/2026, 2:02:34 PM [32m    LOG[39m [38;5;3m[RouterExplorer] [39m[32mMapped {/exam-rooms/:id/lock, POST} route[39m[38;5;3m +1ms[39m
[32m[Nest] 17580  - [39m08/06/2026, 2:02:34 PM [32m    LOG[39m [38;5;3m[RouterExplorer] [39m[32mMapped {/exam-rooms/:id/unlock, POST} route[39m[38;5;3m +0ms[39m
[32m[Nest] 17580  - [39m08/06/2026, 2:02:34 PM [32m    LOG[39m [38;5;3m[RouterExplorer] [39m[32mMapped {/exam-rooms, POST} route[39m[38;5;3m +0ms[39m
[32m[Nest] 17580  - [39m08/06/2026, 2:02:34 PM [32m    LOG[39m [38;5;3m[RouterExplorer] [39m[32mMapped {/exam-rooms/:id, PATCH} route[39m[38;5;3m +0ms[39m
[32m[Nest] 17580  - [39m08/06/2026, 2:02:34 PM [32m    LOG[39m [38;5;3m[RouterExplorer] [39m[32mMapped {/exam-rooms/:id, DELETE} route[39m[38;5;3m +1ms[39m
[32m[Nest] 17580  - [39m08/06/2026, 2:02:34 PM [32m    LOG[39m [38;5;3m[RoutesResolver] [39m[32mExamPeriodsController {/exam-periods}:[39m[38;5;3m +0ms[39m
[32m[Nest] 17580  - [39m08/06/2026, 2:02:34 PM [32m    LOG[39m [38;5;3m[RouterExplorer] [39m[32mMapped {/exam-periods, GET} route[39m[38;5;3m +0ms[39m
[32m[Nest] 17580  - [39m08/06/2026, 2:02:34 PM [32m    LOG[39m [38;5;3m[RouterExplorer] [39m[32mMapped {/exam-periods/:id, GET} route[39m[38;5;3m +0ms[39m
[32m[Nest] 17580  - [39m08/06/2026, 2:02:34 PM [32m    LOG[39m [38;5;3m[RouterExplorer] [39m[32mMapped {/exam-periods, POST} route[39m[38;5;3m +1ms[39m
[32m[Nest] 17580  - [39m08/06/2026, 2:02:34 PM [32m    LOG[39m [38;5;3m[RouterExplorer] [39m[32mMapped {/exam-periods/:id, PATCH} route[39m[38;5;3m +0ms[39m
[32m[Nest] 17580  - [39m08/06/2026, 2:02:34 PM [32m    LOG[39m [38;5;3m[RouterExplorer] [39m[32mMapped {/exam-periods/:id, DELETE} route[39m[38;5;3m +0ms[39m
[32m[Nest] 17580  - [39m08/06/2026, 2:02:34 PM [32m    LOG[39m [38;5;3m[RouterExplorer] [39m[32mMapped {/exam-periods/:id/lock, POST} route[39m[38;5;3m +0ms[39m
[32m[Nest] 17580  - [39m08/06/2026, 2:02:34 PM [32m    LOG[39m [38;5;3m[RouterExplorer] [39m[32mMapped {/exam-periods/:id/unlock, POST} route[39m[38;5;3m +1ms[39m
[32m[Nest] 17580  - [39m08/06/2026, 2:02:34 PM [32m    LOG[39m [38;5;3m[RoutesResolver] [39m[32mExamSchedulesController {/exam-schedules}:[39m[38;5;3m +0ms[39m
[32m[Nest] 17580  - [39m08/06/2026, 2:02:34 PM [32m    LOG[39m [38;5;3m[RouterExplorer] [39m[32mMapped {/exam-schedules, GET} route[39m[38;5;3m +0ms[39m
[32m[Nest] 17580  - [39m08/06/2026, 2:02:34 PM [32m    LOG[39m [38;5;3m[RouterExplorer] [39m[32mMapped {/exam-schedules/conflicts, GET} route[39m[38;5;3m +0ms[39m
[32m[Nest] 17580  - [39m08/06/2026, 2:02:34 PM [32m    LOG[39m [38;5;3m[RouterExplorer] [39m[32mMapped {/exam-schedules/trash, GET} route[39m[38;5;3m +0ms[39m
[32m[Nest] 17580  - [39m08/06/2026, 2:02:34 PM [32m    LOG[39m [38;5;3m[RouterExplorer] [39m[32mMapped {/exam-schedules/auto-preview, POST} route[39m[38;5;3m +1ms[39m
[32m[Nest] 17580  - [39m08/06/2026, 2:02:34 PM [32m    LOG[39m [38;5;3m[RouterExplorer] [39m[32mMapped {/exam-schedules/auto-apply, POST} route[39m[38;5;3m +0ms[39m
[32m[Nest] 17580  - [39m08/06/2026, 2:02:34 PM [32m    LOG[39m [38;5;3m[RouterExplorer] [39m[32mMapped {/exam-schedules/:id/lock, POST} route[39m[38;5;3m +0ms[39m
[32m[Nest] 17580  - [39m08/06/2026, 2:02:34 PM [32m    LOG[39m [38;5;3m[RouterExplorer] [39m[32mMapped {/exam-schedules/:id/unlock, POST} route[39m[38;5;3m +0ms[39m
[32m[Nest] 17580  - [39m08/06/2026, 2:02:34 PM [32m    LOG[39m [38;5;3m[RouterExplorer] [39m[32mMapped {/exam-schedules/:id, GET} route[39m[38;5;3m +1ms[39m
[32m[Nest] 17580  - [39m08/06/2026, 2:02:34 PM [32m    LOG[39m [38;5;3m[RouterExplorer] [39m[32mMapped {/exam-schedules, POST} route[39m[38;5;3m +0ms[39m
[32m[Nest] 17580  - [39m08/06/2026, 2:02:34 PM [32m    LOG[39m [38;5;3m[RouterExplorer] [39m[32mMapped {/exam-schedules/:id, PATCH} route[39m[38;5;3m +0ms[39m
[32m[Nest] 17580  - [39m08/06/2026, 2:02:34 PM [32m    LOG[39m [38;5;3m[RouterExplorer] [39m[32mMapped {/exam-schedules/:id, DELETE} route[39m[38;5;3m +0ms[39m
[32m[Nest] 17580  - [39m08/06/2026, 2:02:34 PM [32m    LOG[39m [38;5;3m[RouterExplorer] [39m[32mMapped {/exam-schedules/:id/reopen-entry, POST} route[39m[38;5;3m +1ms[39m
[32m[Nest] 17580  - [39m08/06/2026, 2:02:34 PM [32m    LOG[39m [38;5;3m[RouterExplorer] [39m[32mMapped {/exam-schedules/:id/restore, POST} route[39m[38;5;3m +0ms[39m
[32m[Nest] 17580  - [39m08/06/2026, 2:02:34 PM [32m    LOG[39m [38;5;3m[RoutesResolver] [39m[32mExamArrangementController {/exam-arrangement}:[39m[38;5;3m +0ms[39m
[32m[Nest] 17580  - [39m08/06/2026, 2:02:34 PM [32m    LOG[39m [38;5;3m[RouterExplorer] [39m[32mMapped {/exam-arrangement/auto-arrange, POST} route[39m[38;5;3m +1ms[39m
[32m[Nest] 17580  - [39m08/06/2026, 2:02:34 PM [32m    LOG[39m [38;5;3m[RouterExplorer] [39m[32mMapped {/exam-arrangement/preview, POST} route[39m[38;5;3m +0ms[39m
[32m[Nest] 17580  - [39m08/06/2026, 2:02:34 PM [32m    LOG[39m [38;5;3m[RouterExplorer] [39m[32mMapped {/exam-arrangement/result, GET} route[39m[38;5;3m +0ms[39m
[32m[Nest] 17580  - [39m08/06/2026, 2:02:34 PM [32m    LOG[39m [38;5;3m[RouterExplorer] [39m[32mMapped {/exam-arrangement/room-availability, GET} route[39m[38;5;3m +0ms[39m
[32m[Nest] 17580  - [39m08/06/2026, 2:02:34 PM [32m    LOG[39m [38;5;3m[RouterExplorer] [39m[32mMapped {/exam-arrangement/reset/:examScheduleId, DELETE} route[39m[38;5;3m +1ms[39m
[32m[Nest] 17580  - [39m08/06/2026, 2:02:34 PM [32m    LOG[39m [38;5;3m[RouterExplorer] [39m[32mMapped {/exam-arrangement/history, GET} route[39m[38;5;3m +0ms[39m
[32m[Nest] 17580  - [39m08/06/2026, 2:02:34 PM [32m    LOG[39m [38;5;3m[RoutesResolver] [39m[32mExamSupervisorsController {/exam-supervisors}:[39m[38;5;3m +1ms[39m
[32m[Nest] 17580  - [39m08/06/2026, 2:02:34 PM [32m    LOG[39m [38;5;3m[RouterExplorer] [39m[32mMapped {/exam-supervisors/assign, POST} route[39m[38;5;3m +0ms[39m
[32m[Nest] 17580  - [39m08/06/2026, 2:02:34 PM [32m    LOG[39m [38;5;3m[RouterExplorer] [39m[32mMapped {/exam-supervisors/auto-preview, POST} route[39m[38;5;3m +0ms[39m
[32m[Nest] 17580  - [39m08/06/2026, 2:02:34 PM [32m    LOG[39m [38;5;3m[RouterExplorer] [39m[32mMapped {/exam-supervisors/auto-assign, POST} route[39m[38;5;3m +1ms[39m
[32m[Nest] 17580  - [39m08/06/2026, 2:02:34 PM [32m    LOG[39m [38;5;3m[RouterExplorer] [39m[32mMapped {/exam-supervisors, GET} route[39m[38;5;3m +0ms[39m
[32m[Nest] 17580  - [39m08/06/2026, 2:02:34 PM [32m    LOG[39m [38;5;3m[RouterExplorer] [39m[32mMapped {/exam-supervisors/:id/status, PATCH} route[39m[38;5;3m +1ms[39m
[32m[Nest] 17580  - [39m08/06/2026, 2:02:34 PM [32m    LOG[39m [38;5;3m[RouterExplorer] [39m[32mMapped {/exam-supervisors/:id, DELETE} route[39m[38;5;3m +0ms[39m
[32m[Nest] 17580  - [39m08/06/2026, 2:02:34 PM [32m    LOG[39m [38;5;3m[RoutesResolver] [39m[32mQuestionsController {/questions}:[39m[38;5;3m +0ms[39m
[32m[Nest] 17580  - [39m08/06/2026, 2:02:34 PM [32m    LOG[39m [38;5;3m[RouterExplorer] [39m[32mMapped {/questions, GET} route[39m[38;5;3m +1ms[39m
[32m[Nest] 17580  - [39m08/06/2026, 2:02:34 PM [32m    LOG[39m [38;5;3m[RouterExplorer] [39m[32mMapped {/questions/statistics, GET} route[39m[38;5;3m +0ms[39m
[32m[Nest] 17580  - [39m08/06/2026, 2:02:34 PM [32m    LOG[39m [38;5;3m[RouterExplorer] [39m[32mMapped {/questions/filter-options, GET} route[39m[38;5;3m +0ms[39m
[32m[Nest] 17580  - [39m08/06/2026, 2:02:34 PM [32m    LOG[39m [38;5;3m[RouterExplorer] [39m[32mMapped {/questions/import/template, GET} route[39m[38;5;3m +0ms[39m
[32m[Nest] 17580  - [39m08/06/2026, 2:02:34 PM [32m    LOG[39m [38;5;3m[RouterExplorer] [39m[32mMapped {/questions/media/preview, POST} route[39m[38;5;3m +1ms[39m
[32m[Nest] 17580  - [39m08/06/2026, 2:02:34 PM [32m    LOG[39m [38;5;3m[RouterExplorer] [39m[32mMapped {/questions/media/upload, POST} route[39m[38;5;3m +0ms[39m
[32m[Nest] 17580  - [39m08/06/2026, 2:02:34 PM [32m    LOG[39m [38;5;3m[RouterExplorer] [39m[32mMapped {/questions/media/:id, DELETE} route[39m[38;5;3m +0ms[39m
[32m[Nest] 17580  - [39m08/06/2026, 2:02:34 PM [32m    LOG[39m [38;5;3m[RouterExplorer] [39m[32mMapped {/questions/export, POST} route[39m[38;5;3m +0ms[39m
[32m[Nest] 17580  - [39m08/06/2026, 2:02:34 PM [32m    LOG[39m [38;5;3m[RouterExplorer] [39m[32mMapped {/questions/bulk-action, POST} route[39m[38;5;3m +1ms[39m
[32m[Nest] 17580  - [39m08/06/2026, 2:02:34 PM [32m    LOG[39m [38;5;3m[RouterExplorer] [39m[32mMapped {/questions/import/preview, POST} route[39m[38;5;3m +0ms[39m
[32m[Nest] 17580  - [39m08/06/2026, 2:02:34 PM [32m    LOG[39m [38;5;3m[RouterExplorer] [39m[32mMapped {/questions/import/confirm, POST} route[39m[38;5;3m +0ms[39m
[32m[Nest] 17580  - [39m08/06/2026, 2:02:34 PM [32m    LOG[39m [38;5;3m[RouterExplorer] [39m[32mMapped {/questions/ai-generate, POST} route[39m[38;5;3m +1ms[39m
[32m[Nest] 17580  - [39m08/06/2026, 2:02:34 PM [32m    LOG[39m [38;5;3m[RouterExplorer] [39m[32mMapped {/questions/ai-save, POST} route[39m[38;5;3m +0ms[39m
[32m[Nest] 17580  - [39m08/06/2026, 2:02:34 PM [32m    LOG[39m [38;5;3m[RouterExplorer] [39m[32mMapped {/questions/ai-extract-text, POST} route[39m[38;5;3m +0ms[39m
[32m[Nest] 17580  - [39m08/06/2026, 2:02:34 PM [32m    LOG[39m [38;5;3m[RouterExplorer] [39m[32mMapped {/questions, POST} route[39m[38;5;3m +0ms[39m
[32m[Nest] 17580  - [39m08/06/2026, 2:02:34 PM [32m    LOG[39m [38;5;3m[RouterExplorer] [39m[32mMapped {/questions/:id, GET} route[39m[38;5;3m +1ms[39m
[32m[Nest] 17580  - [39m08/06/2026, 2:02:34 PM [32m    LOG[39m [38;5;3m[RouterExplorer] [39m[32mMapped {/questions/:id, PATCH} route[39m[38;5;3m +0ms[39m
[32m[Nest] 17580  - [39m08/06/2026, 2:02:34 PM [32m    LOG[39m [38;5;3m[RouterExplorer] [39m[32mMapped {/questions/:id/duplicate, POST} route[39m[38;5;3m +0ms[39m
[32m[Nest] 17580  - [39m08/06/2026, 2:02:34 PM [32m    LOG[39m [38;5;3m[RouterExplorer] [39m[32mMapped {/questions/:id/submit, POST} route[39m[38;5;3m +1ms[39m
[32m[Nest] 17580  - [39m08/06/2026, 2:02:34 PM [32m    LOG[39m [38;5;3m[RouterExplorer] [39m[32mMapped {/questions/:id/approve, POST} route[39m[38;5;3m +0ms[39m
[32m[Nest] 17580  - [39m08/06/2026, 2:02:34 PM [32m    LOG[39m [38;5;3m[RouterExplorer] [39m[32mMapped {/questions/:id/reject, POST} route[39m[38;5;3m +0ms[39m
[32m[Nest] 17580  - [39m08/06/2026, 2:02:34 PM [32m    LOG[39m [38;5;3m[RouterExplorer] [39m[32mMapped {/questions/:id/archive, POST} route[39m[38;5;3m +0ms[39m
[32m[Nest] 17580  - [39m08/06/2026, 2:02:34 PM [32m    LOG[39m [38;5;3m[RouterExplorer] [39m[32mMapped {/questions/:id/restore, POST} route[39m[38;5;3m +0ms[39m
[32m[Nest] 17580  - [39m08/06/2026, 2:02:34 PM [32m    LOG[39m [38;5;3m[RouterExplorer] [39m[32mMapped {/questions/:id, DELETE} route[39m[38;5;3m +1ms[39m
[32m[Nest] 17580  - [39m08/06/2026, 2:02:34 PM [32m    LOG[39m [38;5;3m[RoutesResolver] [39m[32mExamPapersController {/exam-papers}:[39m[38;5;3m +0ms[39m
[32m[Nest] 17580  - [39m08/06/2026, 2:02:34 PM [32m    LOG[39m [38;5;3m[RouterExplorer] [39m[32mMapped {/exam-papers/create-random, POST} route[39m[38;5;3m +0ms[39m
[32m[Nest] 17580  - [39m08/06/2026, 2:02:34 PM [32m    LOG[39m [38;5;3m[RouterExplorer] [39m[32mMapped {/exam-papers/preview-random, POST} route[39m[38;5;3m +0ms[39m
[32m[Nest] 17580  - [39m08/06/2026, 2:02:34 PM [32m    LOG[39m [38;5;3m[RouterExplorer] [39m[32mMapped {/exam-papers, GET} route[39m[38;5;3m +0ms[39m
[32m[Nest] 17580  - [39m08/06/2026, 2:02:34 PM [32m    LOG[39m [38;5;3m[RouterExplorer] [39m[32mMapped {/exam-papers/:id, GET} route[39m[38;5;3m +1ms[39m
[32m[Nest] 17580  - [39m08/06/2026, 2:02:34 PM [32m    LOG[39m [38;5;3m[RouterExplorer] [39m[32mMapped {/exam-papers/:id/publish, POST} route[39m[38;5;3m +0ms[39m
[32m[Nest] 17580  - [39m08/06/2026, 2:02:34 PM [32m    LOG[39m [38;5;3m[RouterExplorer] [39m[32mMapped {/exam-papers/:id/archive, POST} route[39m[38;5;3m +0ms[39m
[32m[Nest] 17580  - [39m08/06/2026, 2:02:34 PM [32m    LOG[39m [38;5;3m[RouterExplorer] [39m[32mMapped {/exam-papers/:id/restore, POST} route[39m[38;5;3m +0ms[39m
[32m[Nest] 17580  - [39m08/06/2026, 2:02:34 PM [32m    LOG[39m [38;5;3m[RouterExplorer] [39m[32mMapped {/exam-papers/:id, DELETE} route[39m[38;5;3m +1ms[39m
[32m[Nest] 17580  - [39m08/06/2026, 2:02:34 PM [32m    LOG[39m [38;5;3m[RoutesResolver] [39m[32mDashboardController {/dashboard}:[39m[38;5;3m +0ms[39m
[32m[Nest] 17580  - [39m08/06/2026, 2:02:34 PM [32m    LOG[39m [38;5;3m[RouterExplorer] [39m[32mMapped {/dashboard/overview, GET} route[39m[38;5;3m +0ms[39m
[32m[Nest] 17580  - [39m08/06/2026, 2:02:34 PM [32m    LOG[39m [38;5;3m[RoutesResolver] [39m[32mOnlineExamsController {/online-exams}:[39m[38;5;3m +0ms[39m
[32m[Nest] 17580  - [39m08/06/2026, 2:02:34 PM [32m    LOG[39m [38;5;3m[RouterExplorer] [39m[32mMapped {/online-exams/schedule/:scheduleId/check-eligibility, GET} route[39m[38;5;3m +0ms[39m
[32m[Nest] 17580  - [39m08/06/2026, 2:02:34 PM [32m    LOG[39m [38;5;3m[RouterExplorer] [39m[32mMapped {/online-exams/schedule/:scheduleId/start, POST} route[39m[38;5;3m +1ms[39m
[32m[Nest] 17580  - [39m08/06/2026, 2:02:34 PM [32m    LOG[39m [38;5;3m[RouterExplorer] [39m[32mMapped {/online-exams/attempt/:token/questions, GET} route[39m[38;5;3m +0ms[39m
[32m[Nest] 17580  - [39m08/06/2026, 2:02:34 PM [32m    LOG[39m [38;5;3m[RouterExplorer] [39m[32mMapped {/online-exams/attempt/:token/answers/save, POST} route[39m[38;5;3m +0ms[39m
[32m[Nest] 17580  - [39m08/06/2026, 2:02:34 PM [32m    LOG[39m [38;5;3m[RouterExplorer] [39m[32mMapped {/online-exams/attempt/:token/heartbeat, POST} route[39m[38;5;3m +0ms[39m
[32m[Nest] 17580  - [39m08/06/2026, 2:02:34 PM [32m    LOG[39m [38;5;3m[RouterExplorer] [39m[32mMapped {/online-exams/attempt/:token/events, POST} route[39m[38;5;3m +1ms[39m
[32m[Nest] 17580  - [39m08/06/2026, 2:02:34 PM [32m    LOG[39m [38;5;3m[RouterExplorer] [39m[32mMapped {/online-exams/attempt/:token/submit, POST} route[39m[38;5;3m +0ms[39m
[32m[Nest] 17580  - [39m08/06/2026, 2:02:34 PM [32m    LOG[39m [38;5;3m[RouterExplorer] [39m[32mMapped {/online-exams/attempt/:attemptId/result, GET} route[39m[38;5;3m +0ms[39m
[32m[Nest] 17580  - [39m08/06/2026, 2:02:34 PM [32m    LOG[39m [38;5;3m[RouterExplorer] [39m[32mMapped {/online-exams/attempt/:attemptId/appeal, POST} route[39m[38;5;3m +1ms[39m
[32m[Nest] 17580  - [39m08/06/2026, 2:02:34 PM [32m    LOG[39m [38;5;3m[RouterExplorer] [39m[32mMapped {/online-exams/schedule/:scheduleId/grade-report, GET} route[39m[38;5;3m +0ms[39m
[32m[Nest] 17580  - [39m08/06/2026, 2:02:34 PM [32m    LOG[39m [38;5;3m[RoutesResolver] [39m[32mProctorController {/proctor}:[39m[38;5;3m +0ms[39m
[32m[Nest] 17580  - [39m08/06/2026, 2:02:34 PM [32m    LOG[39m [38;5;3m[RouterExplorer] [39m[32mMapped {/proctor/live-dashboard/:scheduleRoomId, GET} route[39m[38;5;3m +1ms[39m
[32m[Nest] 17580  - [39m08/06/2026, 2:02:34 PM [32m    LOG[39m [38;5;3m[RouterExplorer] [39m[32mMapped {/proctor/attempt/:attemptId/extend-time, POST} route[39m[38;5;3m +0ms[39m
[32m[Nest] 17580  - [39m08/06/2026, 2:02:34 PM [32m    LOG[39m [38;5;3m[RouterExplorer] [39m[32mMapped {/proctor/attempt/:attemptId/reopen, POST} route[39m[38;5;3m +0ms[39m
[32m[Nest] 17580  - [39m08/06/2026, 2:02:34 PM [32m    LOG[39m [38;5;3m[RouterExplorer] [39m[32mMapped {/proctor/attempt/:attemptId/flag-incident, POST} route[39m[38;5;3m +0ms[39m
[32m[Nest] 17580  - [39m08/06/2026, 2:02:34 PM [32m    LOG[39m [38;5;3m[RouterExplorer] [39m[32mMapped {/proctor/attempt/:attemptId/resolve-incident, POST} route[39m[38;5;3m +0ms[39m
[32m[Nest] 17580  - [39m08/06/2026, 2:02:34 PM [32m    LOG[39m [38;5;3m[RoutesResolver] [39m[32mEssayController {/essay}:[39m[38;5;3m +1ms[39m
[32m[Nest] 17580  - [39m08/06/2026, 2:02:34 PM [32m    LOG[39m [38;5;3m[RouterExplorer] [39m[32mMapped {/essay/questions/:questionId/rubric, GET} route[39m[38;5;3m +0ms[39m
[32m[Nest] 17580  - [39m08/06/2026, 2:02:34 PM [32m    LOG[39m [38;5;3m[RouterExplorer] [39m[32mMapped {/essay/questions/:questionId/rubric, POST} route[39m[38;5;3m +0ms[39m
[32m[Nest] 17580  - [39m08/06/2026, 2:02:34 PM [32m    LOG[39m [38;5;3m[RouterExplorer] [39m[32mMapped {/essay/grading/assignments, GET} route[39m[38;5;3m +0ms[39m
[32m[Nest] 17580  - [39m08/06/2026, 2:02:34 PM [32m    LOG[39m [38;5;3m[RouterExplorer] [39m[32mMapped {/essay/grading/attempts/:attemptId, GET} route[39m[38;5;3m +0ms[39m
[32m[Nest] 17580  - [39m08/06/2026, 2:02:34 PM [32m    LOG[39m [38;5;3m[RouterExplorer] [39m[32mMapped {/essay/grading/answers/:answerId, PATCH} route[39m[38;5;3m +1ms[39m
[32m[Nest] 17580  - [39m08/06/2026, 2:02:34 PM [32m    LOG[39m [38;5;3m[RouterExplorer] [39m[32mMapped {/essay/grading/attempts/:attemptId/submit, POST} route[39m[38;5;3m +0ms[39m
[32m[Nest] 17580  - [39m08/06/2026, 2:02:34 PM [32m    LOG[39m [38;5;3m[RouterExplorer] [39m[32mMapped {/essay/grading/attempts/:attemptId/approve, POST} route[39m[38;5;3m +0ms[39m
[32m[Nest] 17580  - [39m08/06/2026, 2:02:34 PM [32m    LOG[39m [38;5;3m[RouterExplorer] [39m[32mMapped {/essay/grading/attempts/:attemptId/publish, POST} route[39m[38;5;3m +0ms[39m
[32m[Nest] 17580  - [39m08/06/2026, 2:02:34 PM [32m    LOG[39m [38;5;3m[RouterExplorer] [39m[32mMapped {/essay/grading/attempts/:attemptId/reopen, POST} route[39m[38;5;3m +1ms[39m
[32m[Nest] 17580  - [39m08/06/2026, 2:02:34 PM [32m    LOG[39m [38;5;3m[RouterExplorer] [39m[32mMapped {/essay/grading/attempts/:attemptId/extend-time, POST} route[39m[38;5;3m +0ms[39m
[32m[Nest] 17580  - [39m08/06/2026, 2:02:34 PM [32m    LOG[39m [38;5;3m[RouterExplorer] [39m[32mMapped {/essay/grading/attempts/:attemptId/penalty, POST} route[39m[38;5;3m +0ms[39m
[32m[Nest] 17580  - [39m08/06/2026, 2:02:34 PM [32m    LOG[39m [38;5;3m[RouterExplorer] [39m[32mMapped {/essay/attempt/:token/answers/:questionId/files, POST} route[39m[38;5;3m +1ms[39m
[32m[Nest] 17580  - [39m08/06/2026, 2:02:34 PM [32m    LOG[39m [38;5;3m[RoutesResolver] [39m[32mEssayGradingController {/essay-grading}:[39m[38;5;3m +0ms[39m
[32m[Nest] 17580  - [39m08/06/2026, 2:02:34 PM [32m    LOG[39m [38;5;3m[RouterExplorer] [39m[32mMapped {/essay-grading/assignments, GET} route[39m[38;5;3m +0ms[39m
[32m[Nest] 17580  - [39m08/06/2026, 2:02:34 PM [32m    LOG[39m [38;5;3m[RouterExplorer] [39m[32mMapped {/essay-grading/attempts/:attemptId, GET} route[39m[38;5;3m +0ms[39m
[32m[Nest] 17580  - [39m08/06/2026, 2:02:34 PM [32m    LOG[39m [38;5;3m[RouterExplorer] [39m[32mMapped {/essay-grading/answers/:answerId, PATCH} route[39m[38;5;3m +0ms[39m
[32m[Nest] 17580  - [39m08/06/2026, 2:02:34 PM [32m    LOG[39m [38;5;3m[RouterExplorer] [39m[32mMapped {/essay-grading/answers/:answerId/ai-suggest, POST} route[39m[38;5;3m +1ms[39m
[32m[Nest] 17580  - [39m08/06/2026, 2:02:34 PM [32m    LOG[39m [38;5;3m[RouterExplorer] [39m[32mMapped {/essay-grading/attempts/:attemptId/submit, POST} route[39m[38;5;3m +0ms[39m
[32m[Nest] 17580  - [39m08/06/2026, 2:02:34 PM [32m    LOG[39m [38;5;3m[RouterExplorer] [39m[32mMapped {/essay-grading/attempts/:attemptId/approve, POST} route[39m[38;5;3m +0ms[39m
[32m[Nest] 17580  - [39m08/06/2026, 2:02:34 PM [32m    LOG[39m [38;5;3m[RouterExplorer] [39m[32mMapped {/essay-grading/attempts/:attemptId/publish, POST} route[39m[38;5;3m +0ms[39m
[32m[Nest] 17580  - [39m08/06/2026, 2:02:34 PM [32m    LOG[39m [38;5;3m[RouterExplorer] [39m[32mMapped {/essay-grading/attempts/:attemptId/reopen, POST} route[39m[38;5;3m +0ms[39m
[32m[Nest] 17580  - [39m08/06/2026, 2:02:34 PM [32m    LOG[39m [38;5;3m[RouterExplorer] [39m[32mMapped {/essay-grading/attempts/:attemptId/extend-time, POST} route[39m[38;5;3m +0ms[39m
[32m[Nest] 17580  - [39m08/06/2026, 2:02:34 PM [32m    LOG[39m [38;5;3m[RouterExplorer] [39m[32mMapped {/essay-grading/attempts/:attemptId/penalty, POST} route[39m[38;5;3m +1ms[39m
[32m[Nest] 17580  - [39m08/06/2026, 2:02:34 PM [32m    LOG[39m [38;5;3m[RoutesResolver] [39m[32mEssayConfigController {/online-exam-config}:[39m[38;5;3m +0ms[39m
[32m[Nest] 17580  - [39m08/06/2026, 2:02:34 PM [32m    LOG[39m [38;5;3m[RouterExplorer] [39m[32mMapped {/online-exam-config/:scheduleId/essay, PATCH} route[39m[38;5;3m +0ms[39m
[32m[Nest] 17580  - [39m08/06/2026, 2:02:34 PM [32m    LOG[39m [38;5;3m[RoutesResolver] [39m[32mContactController {/contact}:[39m[38;5;3m +0ms[39m
[32m[Nest] 17580  - [39m08/06/2026, 2:02:34 PM [32m    LOG[39m [38;5;3m[RouterExplorer] [39m[32mMapped {/contact/send, POST} route[39m[38;5;3m +0ms[39m
[32m[Nest] 17580  - [39m08/06/2026, 2:02:34 PM [32m    LOG[39m [38;5;3m[RoutesResolver] [39m[32mAiController {/ai}:[39m[38;5;3m +0ms[39m
[32m[Nest] 17580  - [39m08/06/2026, 2:02:34 PM [32m    LOG[39m [38;5;3m[RouterExplorer] [39m[32mMapped {/ai/status, GET} route[39m[38;5;3m +1ms[39m
[32m[Nest] 17580  - [39m08/06/2026, 2:02:34 PM [32m    LOG[39m [38;5;3m[RouterExplorer] [39m[32mMapped {/ai/grade-essay, POST} route[39m[38;5;3m +0ms[39m
[32m[Nest] 17580  - [39m08/06/2026, 2:02:34 PM [32m    LOG[39m [38;5;3m[RouterExplorer] [39m[32mMapped {/ai/generate-questions, POST} route[39m[38;5;3m +0ms[39m
[32m[Nest] 17580  - [39m08/06/2026, 2:02:34 PM [32m    LOG[39m [38;5;3m[NestApplication] [39m[32mNest application successfully started[39m[38;5;3m +105ms[39m
[31m[Nest] 17580  - [39m08/06/2026, 2:02:34 PM [31m  ERROR[39m [38;5;3m[NestApplication] [39m[31mError: listen EADDRINUSE: address already in use :::3001[39m[38;5;3m +4ms[39m
node:net:2009
    const ex = new UVExceptionWithHostPort(err, 'listen', address, port);
               ^

Error: listen EADDRINUSE: address already in use :::3001
    at Server.setupListenHandle [as _listen2] (node:net:2009:16)
    at listenInCluster (node:net:2066:12)
    at Server.listen (node:net:2171:7)
    at ExpressAdapter.listen (C:\Users\loiho\.gemini\antigravity-ide\scratch\exam-management\backend\node_modules\@nestjs\platform-express\adapters\express-adapter.js:95:32)
    at C:\Users\loiho\.gemini\antigravity-ide\scratch\exam-management\backend\node_modules\@nestjs\core\nest-application.js:183:30
    at new Promise (<anonymous>)
    at NestApplication.listen (C:\Users\loiho\.gemini\antigravity-ide\scratch\exam-management\backend\node_modules\@nestjs\core\nest-application.js:173:16)
    at async bootstrap (C:\Users\loiho\.gemini\antigravity-ide\scratch\exam-management\backend\src\main.ts:32:3) {
  code: 'EADDRINUSE',
  errno: -4091,
  syscall: 'listen',
  address: '::',
  port: 3001
}

Node.js v24.18.1
[2J[3J[H[[90m2:02:43 PM[0m] File change detected. Starting incremental compilation...

[[90m2:02:53 PM[0m] Found 0 errors. Watching for file changes.

[2J[3J[H[[90m2:02:58 PM[0m] File change detected. Starting incremental compilation...

[[90m2:02:58 PM[0m] Found 0 errors. Watching for file changes.

[32m[Nest] 7896  - [39m08/06/2026, 2:03:07 PM [32m    LOG[39m [38;5;3m[NestFactory] [39m[32mStarting Nest application...[39m
[32m[Nest] 7896  - [39m08/06/2026, 2:03:07 PM [32m    LOG[39m [38;5;3m[InstanceLoader] [39m[32mAppModule dependencies initialized[39m[38;5;3m +69ms[39m
[32m[Nest] 7896  - [39m08/06/2026, 2:03:07 PM [32m    LOG[39m [38;5;3m[InstanceLoader] [39m[32mPrismaModule dependencies initialized[39m[38;5;3m +22ms[39m
[32m[Nest] 7896  - [39m08/06/2026, 2:03:07 PM [32m    LOG[39m [38;5;3m[InstanceLoader] [39m[32mPassportModule dependencies initialized[39m[38;5;3m +0ms[39m
[32m[Nest] 7896  - [39m08/06/2026, 2:03:07 PM [32m    LOG[39m [38;5;3m[InstanceLoader] [39m[32mSecurityModule dependencies initialized[39m[38;5;3m +42ms[39m
[32m[Nest] 7896  - [39m08/06/2026, 2:03:07 PM [32m    LOG[39m [38;5;3m[InstanceLoader] [39m[32mAuditModule dependencies initialized[39m[38;5;3m +1ms[39m
[32m[Nest] 7896  - [39m08/06/2026, 2:03:07 PM [32m    LOG[39m [38;5;3m[InstanceLoader] [39m[32mConfigHostModule dependencies initialized[39m[38;5;3m +0ms[39m
[32m[Nest] 7896  - [39m08/06/2026, 2:03:07 PM [32m    LOG[39m [38;5;3m[InstanceLoader] [39m[32mJwtModule dependencies initialized[39m[38;5;3m +0ms[39m
[32m[Nest] 7896  - [39m08/06/2026, 2:03:07 PM [32m    LOG[39m [38;5;3m[InstanceLoader] [39m[32mConfigModule dependencies initialized[39m[38;5;3m +11ms[39m
[32m[Nest] 7896  - [39m08/06/2026, 2:03:07 PM [32m    LOG[39m [38;5;3m[InstanceLoader] [39m[32mConfigModule dependencies initialized[39m[38;5;3m +0ms[39m
[32m[Nest] 7896  - [39m08/06/2026, 2:03:07 PM [32m    LOG[39m [38;5;3m[InstanceLoader] [39m[32mUsersModule dependencies initialized[39m[38;5;3m +22ms[39m
[32m[Nest] 7896  - [39m08/06/2026, 2:03:07 PM [32m    LOG[39m [38;5;3m[InstanceLoader] [39m[32mDepartmentsModule dependencies initialized[39m[38;5;3m +0ms[39m
[32m[Nest] 7896  - [39m08/06/2026, 2:03:07 PM [32m    LOG[39m [38;5;3m[InstanceLoader] [39m[32mClassesModule dependencies initialized[39m[38;5;3m +0ms[39m
[32m[Nest] 7896  - [39m08/06/2026, 2:03:07 PM [32m    LOG[39m [38;5;3m[InstanceLoader] [39m[32mStudentsModule dependencies initialized[39m[38;5;3m +1ms[39m
[32m[Nest] 7896  - [39m08/06/2026, 2:03:07 PM [32m    LOG[39m [38;5;3m[InstanceLoader] [39m[32mSubjectsModule dependencies initialized[39m[38;5;3m +0ms[39m
[32m[Nest] 7896  - [39m08/06/2026, 2:03:07 PM [32m    LOG[39m [38;5;3m[InstanceLoader] [39m[32mDashboardModule dependencies initialized[39m[38;5;3m +0ms[39m
[32m[Nest] 7896  - [39m08/06/2026, 2:03:07 PM [32m    LOG[39m [38;5;3m[InstanceLoader] [39m[32mContactModule dependencies initialized[39m[38;5;3m +0ms[39m
[32m[Nest] 7896  - [39m08/06/2026, 2:03:07 PM [32m    LOG[39m [38;5;3m[InstanceLoader] [39m[32mProctorModule dependencies initialized[39m[38;5;3m +1ms[39m
[32m[Nest] 7896  - [39m08/06/2026, 2:03:07 PM [32m    LOG[39m [38;5;3m[InstanceLoader] [39m[32mTeachersModule dependencies initialized[39m[38;5;3m +1ms[39m
[32m[Nest] 7896  - [39m08/06/2026, 2:03:07 PM [32m    LOG[39m [38;5;3m[InstanceLoader] [39m[32mExamRoomsModule dependencies initialized[39m[38;5;3m +1ms[39m
[32m[Nest] 7896  - [39m08/06/2026, 2:03:07 PM [32m    LOG[39m [38;5;3m[InstanceLoader] [39m[32mExamPeriodsModule dependencies initialized[39m[38;5;3m +0ms[39m
[32m[Nest] 7896  - [39m08/06/2026, 2:03:07 PM [32m    LOG[39m [38;5;3m[InstanceLoader] [39m[32mExamSchedulesModule dependencies initialized[39m[38;5;3m +0ms[39m
[32m[Nest] 7896  - [39m08/06/2026, 2:03:07 PM [32m    LOG[39m [38;5;3m[InstanceLoader] [39m[32mExamArrangementModule dependencies initialized[39m[38;5;3m +0ms[39m
[32m[Nest] 7896  - [39m08/06/2026, 2:03:07 PM [32m    LOG[39m [38;5;3m[InstanceLoader] [39m[32mExamSupervisorsModule dependencies initialized[39m[38;5;3m +3ms[39m
[32m[Nest] 7896  - [39m08/06/2026, 2:03:07 PM [32m    LOG[39m [38;5;3m[InstanceLoader] [39m[32mQuestionsModule dependencies initialized[39m[38;5;3m +0ms[39m
[32m[Nest] 7896  - [39m08/06/2026, 2:03:07 PM [32m    LOG[39m [38;5;3m[InstanceLoader] [39m[32mExamPapersModule dependencies initialized[39m[38;5;3m +1ms[39m
[32m[Nest] 7896  - [39m08/06/2026, 2:03:07 PM [32m    LOG[39m [38;5;3m[InstanceLoader] [39m[32mEssayModule dependencies initialized[39m[38;5;3m +0ms[39m
[32m[Nest] 7896  - [39m08/06/2026, 2:03:07 PM [32m    LOG[39m [38;5;3m[InstanceLoader] [39m[32mOnlineExamsModule dependencies initialized[39m[38;5;3m +0ms[39m
[32m[Nest] 7896  - [39m08/06/2026, 2:03:07 PM [32m    LOG[39m [38;5;3m[InstanceLoader] [39m[32mAuthModule dependencies initialized[39m[38;5;3m +1ms[39m
[32m[Nest] 7896  - [39m08/06/2026, 2:03:07 PM [32m    LOG[39m [38;5;3m[InstanceLoader] [39m[32mAiModule dependencies initialized[39m[38;5;3m +0ms[39m
[32m[Nest] 7896  - [39m08/06/2026, 2:03:07 PM [32m    LOG[39m [38;5;3m[RoutesResolver] [39m[32mAuthController {/auth}:[39m[38;5;3m +19ms[39m
[32m[Nest] 7896  - [39m08/06/2026, 2:03:07 PM [32m    LOG[39m [38;5;3m[RouterExplorer] [39m[32mMapped {/auth/login, POST} route[39m[38;5;3m +6ms[39m
[32m[Nest] 7896  - [39m08/06/2026, 2:03:07 PM [32m    LOG[39m [38;5;3m[RouterExplorer] [39m[32mMapped {/auth/profile, GET} route[39m[38;5;3m +1ms[39m
[32m[Nest] 7896  - [39m08/06/2026, 2:03:07 PM [32m    LOG[39m [38;5;3m[RouterExplorer] [39m[32mMapped {/auth/change-password, POST} route[39m[38;5;3m +1ms[39m
[32m[Nest] 7896  - [39m08/06/2026, 2:03:07 PM [32m    LOG[39m [38;5;3m[RouterExplorer] [39m[32mMapped {/auth/profile, POST} route[39m[38;5;3m +0ms[39m
[32m[Nest] 7896  - [39m08/06/2026, 2:03:07 PM [32m    LOG[39m [38;5;3m[RoutesResolver] [39m[32mUsersController {/users}:[39m[38;5;3m +0ms[39m
[32m[Nest] 7896  - [39m08/06/2026, 2:03:07 PM [32m    LOG[39m [38;5;3m[RouterExplorer] [39m[32mMapped {/users/dashboard-stats, GET} route[39m[38;5;3m +1ms[39m
[32m[Nest] 7896  - [39m08/06/2026, 2:03:07 PM [32m    LOG[39m [38;5;3m[RouterExplorer] [39m[32mMapped {/users, GET} route[39m[38;5;3m +1ms[39m
[32m[Nest] 7896  - [39m08/06/2026, 2:03:07 PM [32m    LOG[39m [38;5;3m[RouterExplorer] [39m[32mMapped {/users/:id, GET} route[39m[38;5;3m +3ms[39m
[32m[Nest] 7896  - [39m08/06/2026, 2:03:07 PM [32m    LOG[39m [38;5;3m[RoutesResolver] [39m[32mDepartmentsController {/departments}:[39m[38;5;3m +1ms[39m
[32m[Nest] 7896  - [39m08/06/2026, 2:03:07 PM [32m    LOG[39m [38;5;3m[RouterExplorer] [39m[32mMapped {/departments, GET} route[39m[38;5;3m +2ms[39m
[32m[Nest] 7896  - [39m08/06/2026, 2:03:07 PM [32m    LOG[39m [38;5;3m[RouterExplorer] [39m[32mMapped {/departments/:id/curriculum, GET} route[39m[38;5;3m +2ms[39m
[32m[Nest] 7896  - [39m08/06/2026, 2:03:07 PM [32m    LOG[39m [38;5;3m[RouterExplorer] [39m[32mMapped {/departments/:id, GET} route[39m[38;5;3m +1ms[39m
[32m[Nest] 7896  - [39m08/06/2026, 2:03:07 PM [32m    LOG[39m [38;5;3m[RouterExplorer] [39m[32mMapped {/departments, POST} route[39m[38;5;3m +1ms[39m
[32m[Nest] 7896  - [39m08/06/2026, 2:03:07 PM [32m    LOG[39m [38;5;3m[RouterExplorer] [39m[32mMapped {/departments/:id/curriculum, POST} route[39m[38;5;3m +0ms[39m
[32m[Nest] 7896  - [39m08/06/2026, 2:03:07 PM [32m    LOG[39m [38;5;3m[RouterExplorer] [39m[32mMapped {/departments/:id, PATCH} route[39m[38;5;3m +1ms[39m
[32m[Nest] 7896  - [39m08/06/2026, 2:03:07 PM [32m    LOG[39m [38;5;3m[RouterExplorer] [39m[32mMapped {/departments/:id/curriculum/:subjectId, DELETE} route[39m[38;5;3m +1ms[39m
[32m[Nest] 7896  - [39m08/06/2026, 2:03:07 PM [32m    LOG[39m [38;5;3m[RouterExplorer] [39m[32mMapped {/departments/:id, DELETE} route[39m[38;5;3m +1ms[39m
[32m[Nest] 7896  - [39m08/06/2026, 2:03:07 PM [32m    LOG[39m [38;5;3m[RoutesResolver] [39m[32mClassesController {/classes}:[39m[38;5;3m +0ms[39m
[32m[Nest] 7896  - [39m08/06/2026, 2:03:07 PM [32m    LOG[39m [38;5;3m[RouterExplorer] [39m[32mMapped {/classes, GET} route[39m[38;5;3m +0ms[39m
[32m[Nest] 7896  - [39m08/06/2026, 2:03:07 PM [32m    LOG[39m [38;5;3m[RouterExplorer] [39m[32mMapped {/classes/:id, GET} route[39m[38;5;3m +0ms[39m
[32m[Nest] 7896  - [39m08/06/2026, 2:03:07 PM [32m    LOG[39m [38;5;3m[RouterExplorer] [39m[32mMapped {/classes, POST} route[39m[38;5;3m +1ms[39m
[32m[Nest] 7896  - [39m08/06/2026, 2:03:07 PM [32m    LOG[39m [38;5;3m[RouterExplorer] [39m[32mMapped {/classes/:id, PATCH} route[39m[38;5;3m +1ms[39m
[32m[Nest] 7896  - [39m08/06/2026, 2:03:07 PM [32m    LOG[39m [38;5;3m[RouterExplorer] [39m[32mMapped {/classes/:id, DELETE} route[39m[38;5;3m +0ms[39m
[32m[Nest] 7896  - [39m08/06/2026, 2:03:07 PM [32m    LOG[39m [38;5;3m[RoutesResolver] [39m[32mStudentsController {/students}:[39m[38;5;3m +0ms[39m
[32m[Nest] 7896  - [39m08/06/2026, 2:03:07 PM [32m    LOG[39m [38;5;3m[RouterExplorer] [39m[32mMapped {/students/my-schedule, GET} route[39m[38;5;3m +4ms[39m
[32m[Nest] 7896  - [39m08/06/2026, 2:03:07 PM [32m    LOG[39m [38;5;3m[RouterExplorer] [39m[32mMapped {/students/my-curriculum, GET} route[39m[38;5;3m +1ms[39m
[32m[Nest] 7896  - [39m08/06/2026, 2:03:07 PM [32m    LOG[39m [38;5;3m[RouterExplorer] [39m[32mMapped {/students, GET} route[39m[38;5;3m +0ms[39m
[32m[Nest] 7896  - [39m08/06/2026, 2:03:07 PM [32m    LOG[39m [38;5;3m[RouterExplorer] [39m[32mMapped {/students/:id, GET} route[39m[38;5;3m +1ms[39m
[32m[Nest] 7896  - [39m08/06/2026, 2:03:07 PM [32m    LOG[39m [38;5;3m[RouterExplorer] [39m[32mMapped {/students, POST} route[39m[38;5;3m +0ms[39m
[32m[Nest] 7896  - [39m08/06/2026, 2:03:07 PM [32m    LOG[39m [38;5;3m[RouterExplorer] [39m[32mMapped {/students/:id, PATCH} route[39m[38;5;3m +1ms[39m
[32m[Nest] 7896  - [39m08/06/2026, 2:03:07 PM [32m    LOG[39m [38;5;3m[RouterExplorer] [39m[32mMapped {/students/:id, DELETE} route[39m[38;5;3m +0ms[39m
[32m[Nest] 7896  - [39m08/06/2026, 2:03:07 PM [32m    LOG[39m [38;5;3m[RoutesResolver] [39m[32mTeachersController {/teachers}:[39m[38;5;3m +0ms[39m
[32m[Nest] 7896  - [39m08/06/2026, 2:03:07 PM [32m    LOG[39m [38;5;3m[RouterExplorer] [39m[32mMapped {/teachers/my-assignments, GET} route[39m[38;5;3m +0ms[39m
[32m[Nest] 7896  - [39m08/06/2026, 2:03:07 PM [32m    LOG[39m [38;5;3m[RouterExplorer] [39m[32mMapped {/teachers/my-assignments/:id/status, PATCH} route[39m[38;5;3m +1ms[39m
[32m[Nest] 7896  - [39m08/06/2026, 2:03:07 PM [32m    LOG[39m [38;5;3m[RouterExplorer] [39m[32mMapped {/teachers/my-assignments/:id/attendance-sheet, GET} route[39m[38;5;3m +0ms[39m
[32m[Nest] 7896  - [39m08/06/2026, 2:03:07 PM [32m    LOG[39m [38;5;3m[RouterExplorer] [39m[32mMapped {/teachers, GET} route[39m[38;5;3m +0ms[39m
[32m[Nest] 7896  - [39m08/06/2026, 2:03:07 PM [32m    LOG[39m [38;5;3m[RouterExplorer] [39m[32mMapped {/teachers/:id/lock, POST} route[39m[38;5;3m +1ms[39m
[32m[Nest] 7896  - [39m08/06/2026, 2:03:07 PM [32m    LOG[39m [38;5;3m[RouterExplorer] [39m[32mMapped {/teachers/:id/unlock, POST} route[39m[38;5;3m +1ms[39m
[32m[Nest] 7896  - [39m08/06/2026, 2:03:07 PM [32m    LOG[39m [38;5;3m[RouterExplorer] [39m[32mMapped {/teachers/:id, GET} route[39m[38;5;3m +2ms[39m
[32m[Nest] 7896  - [39m08/06/2026, 2:03:07 PM [32m    LOG[39m [38;5;3m[RouterExplorer] [39m[32mMapped {/teachers, POST} route[39m[38;5;3m +0ms[39m
[32m[Nest] 7896  - [39m08/06/2026, 2:03:07 PM [32m    LOG[39m [38;5;3m[RouterExplorer] [39m[32mMapped {/teachers/:id, PATCH} route[39m[38;5;3m +1ms[39m
[32m[Nest] 7896  - [39m08/06/2026, 2:03:07 PM [32m    LOG[39m [38;5;3m[RouterExplorer] [39m[32mMapped {/teachers/:id, DELETE} route[39m[38;5;3m +1ms[39m
[32m[Nest] 7896  - [39m08/06/2026, 2:03:07 PM [32m    LOG[39m [38;5;3m[RoutesResolver] [39m[32mSubjectsController {/subjects}:[39m[38;5;3m +0ms[39m
[32m[Nest] 7896  - [39m08/06/2026, 2:03:07 PM [32m    LOG[39m [38;5;3m[RouterExplorer] [39m[32mMapped {/subjects, GET} route[39m[38;5;3m +1ms[39m
[32m[Nest] 7896  - [39m08/06/2026, 2:03:07 PM [32m    LOG[39m [38;5;3m[RouterExplorer] [39m[32mMapped {/subjects/:id, GET} route[39m[38;5;3m +0ms[39m
[32m[Nest] 7896  - [39m08/06/2026, 2:03:07 PM [32m    LOG[39m [38;5;3m[RouterExplorer] [39m[32mMapped {/subjects/:id/chapters, GET} route[39m[38;5;3m +1ms[39m
[32m[Nest] 7896  - [39m08/06/2026, 2:03:07 PM [32m    LOG[39m [38;5;3m[RouterExplorer] [39m[32mMapped {/subjects/:id/enrollments, GET} route[39m[38;5;3m +1ms[39m
[32m[Nest] 7896  - [39m08/06/2026, 2:03:07 PM [32m    LOG[39m [38;5;3m[RouterExplorer] [39m[32mMapped {/subjects/:id/enroll-students, POST} route[39m[38;5;3m +0ms[39m
[32m[Nest] 7896  - [39m08/06/2026, 2:03:07 PM [32m    LOG[39m [38;5;3m[RouterExplorer] [39m[32mMapped {/subjects, POST} route[39m[38;5;3m +1ms[39m
[32m[Nest] 7896  - [39m08/06/2026, 2:03:07 PM [32m    LOG[39m [38;5;3m[RouterExplorer] [39m[32mMapped {/subjects/:id, PATCH} route[39m[38;5;3m +0ms[39m
[32m[Nest] 7896  - [39m08/06/2026, 2:03:07 PM [32m    LOG[39m [38;5;3m[RouterExplorer] [39m[32mMapped {/subjects/:id, DELETE} route[39m[38;5;3m +3ms[39m
[32m[Nest] 7896  - [39m08/06/2026, 2:03:07 PM [32m    LOG[39m [38;5;3m[RoutesResolver] [39m[32mExamRoomsController {/exam-rooms}:[39m[38;5;3m +0ms[39m
[32m[Nest] 7896  - [39m08/06/2026, 2:03:07 PM [32m    LOG[39m [38;5;3m[RouterExplorer] [39m[32mMapped {/exam-rooms, GET} route[39m[38;5;3m +1ms[39m
[32m[Nest] 7896  - [39m08/06/2026, 2:03:07 PM [32m    LOG[39m [38;5;3m[RouterExplorer] [39m[32mMapped {/exam-rooms/:id, GET} route[39m[38;5;3m +2ms[39m
[32m[Nest] 7896  - [39m08/06/2026, 2:03:07 PM [32m    LOG[39m [38;5;3m[RouterExplorer] [39m[32mMapped {/exam-rooms/:id/lock, POST} route[39m[38;5;3m +1ms[39m
[32m[Nest] 7896  - [39m08/06/2026, 2:03:07 PM [32m    LOG[39m [38;5;3m[RouterExplorer] [39m[32mMapped {/exam-rooms/:id/unlock, POST} route[39m[38;5;3m +1ms[39m
[32m[Nest] 7896  - [39m08/06/2026, 2:03:07 PM [32m    LOG[39m [38;5;3m[RouterExplorer] [39m[32mMapped {/exam-rooms, POST} route[39m[38;5;3m +0ms[39m
[32m[Nest] 7896  - [39m08/06/2026, 2:03:07 PM [32m    LOG[39m [38;5;3m[RouterExplorer] [39m[32mMapped {/exam-rooms/:id, PATCH} route[39m[38;5;3m +1ms[39m
[32m[Nest] 7896  - [39m08/06/2026, 2:03:07 PM [32m    LOG[39m [38;5;3m[RouterExplorer] [39m[32mMapped {/exam-rooms/:id, DELETE} route[39m[38;5;3m +0ms[39m
[32m[Nest] 7896  - [39m08/06/2026, 2:03:07 PM [32m    LOG[39m [38;5;3m[RoutesResolver] [39m[32mExamPeriodsController {/exam-periods}:[39m[38;5;3m +0ms[39m
[32m[Nest] 7896  - [39m08/06/2026, 2:03:07 PM [32m    LOG[39m [38;5;3m[RouterExplorer] [39m[32mMapped {/exam-periods, GET} route[39m[38;5;3m +1ms[39m
[32m[Nest] 7896  - [39m08/06/2026, 2:03:07 PM [32m    LOG[39m [38;5;3m[RouterExplorer] [39m[32mMapped {/exam-periods/:id, GET} route[39m[38;5;3m +1ms[39m
[32m[Nest] 7896  - [39m08/06/2026, 2:03:07 PM [32m    LOG[39m [38;5;3m[RouterExplorer] [39m[32mMapped {/exam-periods, POST} route[39m[38;5;3m +0ms[39m
[32m[Nest] 7896  - [39m08/06/2026, 2:03:07 PM [32m    LOG[39m [38;5;3m[RouterExplorer] [39m[32mMapped {/exam-periods/:id, PATCH} route[39m[38;5;3m +0ms[39m
[32m[Nest] 7896  - [39m08/06/2026, 2:03:07 PM [32m    LOG[39m [38;5;3m[RouterExplorer] [39m[32mMapped {/exam-periods/:id, DELETE} route[39m[38;5;3m +3ms[39m
[32m[Nest] 7896  - [39m08/06/2026, 2:03:07 PM [32m    LOG[39m [38;5;3m[RouterExplorer] [39m[32mMapped {/exam-periods/:id/lock, POST} route[39m[38;5;3m +1ms[39m
[32m[Nest] 7896  - [39m08/06/2026, 2:03:07 PM [32m    LOG[39m [38;5;3m[RouterExplorer] [39m[32mMapped {/exam-periods/:id/unlock, POST} route[39m[38;5;3m +0ms[39m
[32m[Nest] 7896  - [39m08/06/2026, 2:03:07 PM [32m    LOG[39m [38;5;3m[RoutesResolver] [39m[32mExamSchedulesController {/exam-schedules}:[39m[38;5;3m +1ms[39m
[32m[Nest] 7896  - [39m08/06/2026, 2:03:07 PM [32m    LOG[39m [38;5;3m[RouterExplorer] [39m[32mMapped {/exam-schedules, GET} route[39m[38;5;3m +8ms[39m
[32m[Nest] 7896  - [39m08/06/2026, 2:03:07 PM [32m    LOG[39m [38;5;3m[RouterExplorer] [39m[32mMapped {/exam-schedules/conflicts, GET} route[39m[38;5;3m +2ms[39m
[32m[Nest] 7896  - [39m08/06/2026, 2:03:07 PM [32m    LOG[39m [38;5;3m[RouterExplorer] [39m[32mMapped {/exam-schedules/trash, GET} route[39m[38;5;3m +0ms[39m
[32m[Nest] 7896  - [39m08/06/2026, 2:03:07 PM [32m    LOG[39m [38;5;3m[RouterExplorer] [39m[32mMapped {/exam-schedules/auto-preview, POST} route[39m[38;5;3m +0ms[39m
[32m[Nest] 7896  - [39m08/06/2026, 2:03:07 PM [32m    LOG[39m [38;5;3m[RouterExplorer] [39m[32mMapped {/exam-schedules/auto-apply, POST} route[39m[38;5;3m +1ms[39m
[32m[Nest] 7896  - [39m08/06/2026, 2:03:07 PM [32m    LOG[39m [38;5;3m[RouterExplorer] [39m[32mMapped {/exam-schedules/:id/lock, POST} route[39m[38;5;3m +2ms[39m
[32m[Nest] 7896  - [39m08/06/2026, 2:03:07 PM [32m    LOG[39m [38;5;3m[RouterExplorer] [39m[32mMapped {/exam-schedules/:id/unlock, POST} route[39m[38;5;3m +0ms[39m
[32m[Nest] 7896  - [39m08/06/2026, 2:03:07 PM [32m    LOG[39m [38;5;3m[RouterExplorer] [39m[32mMapped {/exam-schedules/:id, GET} route[39m[38;5;3m +0ms[39m
[32m[Nest] 7896  - [39m08/06/2026, 2:03:07 PM [32m    LOG[39m [38;5;3m[RouterExplorer] [39m[32mMapped {/exam-schedules, POST} route[39m[38;5;3m +0ms[39m
[32m[Nest] 7896  - [39m08/06/2026, 2:03:07 PM [32m    LOG[39m [38;5;3m[RouterExplorer] [39m[32mMapped {/exam-schedules/:id, PATCH} route[39m[38;5;3m +1ms[39m
[32m[Nest] 7896  - [39m08/06/2026, 2:03:07 PM [32m    LOG[39m [38;5;3m[RouterExplorer] [39m[32mMapped {/exam-schedules/:id, DELETE} route[39m[38;5;3m +1ms[39m
[32m[Nest] 7896  - [39m08/06/2026, 2:03:07 PM [32m    LOG[39m [38;5;3m[RouterExplorer] [39m[32mMapped {/exam-schedules/:id/reopen-entry, POST} route[39m[38;5;3m +0ms[39m
[32m[Nest] 7896  - [39m08/06/2026, 2:03:07 PM [32m    LOG[39m [38;5;3m[RouterExplorer] [39m[32mMapped {/exam-schedules/:id/restore, POST} route[39m[38;5;3m +2ms[39m
[32m[Nest] 7896  - [39m08/06/2026, 2:03:07 PM [32m    LOG[39m [38;5;3m[RoutesResolver] [39m[32mExamArrangementController {/exam-arrangement}:[39m[38;5;3m +0ms[39m
[32m[Nest] 7896  - [39m08/06/2026, 2:03:07 PM [32m    LOG[39m [38;5;3m[RouterExplorer] [39m[32mMapped {/exam-arrangement/auto-arrange, POST} route[39m[38;5;3m +1ms[39m
[32m[Nest] 7896  - [39m08/06/2026, 2:03:07 PM [32m    LOG[39m [38;5;3m[RouterExplorer] [39m[32mMapped {/exam-arrangement/preview, POST} route[39m[38;5;3m +0ms[39m
[32m[Nest] 7896  - [39m08/06/2026, 2:03:07 PM [32m    LOG[39m [38;5;3m[RouterExplorer] [39m[32mMapped {/exam-arrangement/result, GET} route[39m[38;5;3m +1ms[39m
[32m[Nest] 7896  - [39m08/06/2026, 2:03:07 PM [32m    LOG[39m [38;5;3m[RouterExplorer] [39m[32mMapped {/exam-arrangement/room-availability, GET} route[39m[38;5;3m +0ms[39m
[32m[Nest] 7896  - [39m08/06/2026, 2:03:07 PM [32m    LOG[39m [38;5;3m[RouterExplorer] [39m[32mMapped {/exam-arrangement/reset/:examScheduleId, DELETE} route[39m[38;5;3m +2ms[39m
[32m[Nest] 7896  - [39m08/06/2026, 2:03:07 PM [32m    LOG[39m [38;5;3m[RouterExplorer] [39m[32mMapped {/exam-arrangement/history, GET} route[39m[38;5;3m +1ms[39m
[32m[Nest] 7896  - [39m08/06/2026, 2:03:07 PM [32m    LOG[39m [38;5;3m[RoutesResolver] [39m[32mExamSupervisorsController {/exam-supervisors}:[39m[38;5;3m +0ms[39m
[32m[Nest] 7896  - [39m08/06/2026, 2:03:07 PM [32m    LOG[39m [38;5;3m[RouterExplorer] [39m[32mMapped {/exam-supervisors/assign, POST} route[39m[38;5;3m +0ms[39m
[32m[Nest] 7896  - [39m08/06/2026, 2:03:07 PM [32m    LOG[39m [38;5;3m[RouterExplorer] [39m[32mMapped {/exam-supervisors/auto-preview, POST} route[39m[38;5;3m +1ms[39m
[32m[Nest] 7896  - [39m08/06/2026, 2:03:07 PM [32m    LOG[39m [38;5;3m[RouterExplorer] [39m[32mMapped {/exam-supervisors/auto-assign, POST} route[39m[38;5;3m +6ms[39m
[32m[Nest] 7896  - [39m08/06/2026, 2:03:07 PM [32m    LOG[39m [38;5;3m[RouterExplorer] [39m[32mMapped {/exam-supervisors, GET} route[39m[38;5;3m +1ms[39m
[32m[Nest] 7896  - [39m08/06/2026, 2:03:07 PM [32m    LOG[39m [38;5;3m[RouterExplorer] [39m[32mMapped {/exam-supervisors/:id/status, PATCH} route[39m[38;5;3m +2ms[39m
[32m[Nest] 7896  - [39m08/06/2026, 2:03:07 PM [32m    LOG[39m [38;5;3m[RouterExplorer] [39m[32mMapped {/exam-supervisors/:id, DELETE} route[39m[38;5;3m +6ms[39m
[32m[Nest] 7896  - [39m08/06/2026, 2:03:07 PM [32m    LOG[39m [38;5;3m[RoutesResolver] [39m[32mQuestionsController {/questions}:[39m[38;5;3m +0ms[39m
[32m[Nest] 7896  - [39m08/06/2026, 2:03:07 PM [32m    LOG[39m [38;5;3m[RouterExplorer] [39m[32mMapped {/questions, GET} route[39m[38;5;3m +1ms[39m
[32m[Nest] 7896  - [39m08/06/2026, 2:03:07 PM [32m    LOG[39m [38;5;3m[RouterExplorer] [39m[32mMapped {/questions/statistics, GET} route[39m[38;5;3m +0ms[39m
[32m[Nest] 7896  - [39m08/06/2026, 2:03:07 PM [32m    LOG[39m [38;5;3m[RouterExplorer] [39m[32mMapped {/questions/filter-options, GET} route[39m[38;5;3m +1ms[39m
[32m[Nest] 7896  - [39m08/06/2026, 2:03:07 PM [32m    LOG[39m [38;5;3m[RouterExplorer] [39m[32mMapped {/questions/import/template, GET} route[39m[38;5;3m +6ms[39m
[32m[Nest] 7896  - [39m08/06/2026, 2:03:07 PM [32m    LOG[39m [38;5;3m[RouterExplorer] [39m[32mMapped {/questions/media/preview, POST} route[39m[38;5;3m +1ms[39m
[32m[Nest] 7896  - [39m08/06/2026, 2:03:07 PM [32m    LOG[39m [38;5;3m[RouterExplorer] [39m[32mMapped {/questions/media/upload, POST} route[39m[38;5;3m +2ms[39m
[32m[Nest] 7896  - [39m08/06/2026, 2:03:07 PM [32m    LOG[39m [38;5;3m[RouterExplorer] [39m[32mMapped {/questions/media/:id, DELETE} route[39m[38;5;3m +1ms[39m
[32m[Nest] 7896  - [39m08/06/2026, 2:03:07 PM [32m    LOG[39m [38;5;3m[RouterExplorer] [39m[32mMapped {/questions/export, POST} route[39m[38;5;3m +1ms[39m
[32m[Nest] 7896  - [39m08/06/2026, 2:03:07 PM [32m    LOG[39m [38;5;3m[RouterExplorer] [39m[32mMapped {/questions/bulk-action, POST} route[39m[38;5;3m +1ms[39m
[32m[Nest] 7896  - [39m08/06/2026, 2:03:07 PM [32m    LOG[39m [38;5;3m[RouterExplorer] [39m[32mMapped {/questions/import/preview, POST} route[39m[38;5;3m +4ms[39m
[32m[Nest] 7896  - [39m08/06/2026, 2:03:07 PM [32m    LOG[39m [38;5;3m[RouterExplorer] [39m[32mMapped {/questions/import/confirm, POST} route[39m[38;5;3m +7ms[39m
[32m[Nest] 7896  - [39m08/06/2026, 2:03:07 PM [32m    LOG[39m [38;5;3m[RouterExplorer] [39m[32mMapped {/questions/ai-generate, POST} route[39m[38;5;3m +0ms[39m
[32m[Nest] 7896  - [39m08/06/2026, 2:03:07 PM [32m    LOG[39m [38;5;3m[RouterExplorer] [39m[32mMapped {/questions/ai-save, POST} route[39m[38;5;3m +4ms[39m
[32m[Nest] 7896  - [39m08/06/2026, 2:03:07 PM [32m    LOG[39m [38;5;3m[RouterExplorer] [39m[32mMapped {/questions/ai-extract-text, POST} route[39m[38;5;3m +1ms[39m
[32m[Nest] 7896  - [39m08/06/2026, 2:03:07 PM [32m    LOG[39m [38;5;3m[RouterExplorer] [39m[32mMapped {/questions, POST} route[39m[38;5;3m +1ms[39m
[32m[Nest] 7896  - [39m08/06/2026, 2:03:07 PM [32m    LOG[39m [38;5;3m[RouterExplorer] [39m[32mMapped {/questions/:id, GET} route[39m[38;5;3m +2ms[39m
[32m[Nest] 7896  - [39m08/06/2026, 2:03:07 PM [32m    LOG[39m [38;5;3m[RouterExplorer] [39m[32mMapped {/questions/:id, PATCH} route[39m[38;5;3m +11ms[39m
[32m[Nest] 7896  - [39m08/06/2026, 2:03:07 PM [32m    LOG[39m [38;5;3m[RouterExplorer] [39m[32mMapped {/questions/:id/duplicate, POST} route[39m[38;5;3m +1ms[39m
[32m[Nest] 7896  - [39m08/06/2026, 2:03:07 PM [32m    LOG[39m [38;5;3m[RouterExplorer] [39m[32mMapped {/questions/:id/submit, POST} route[39m[38;5;3m +0ms[39m
[32m[Nest] 7896  - [39m08/06/2026, 2:03:07 PM [32m    LOG[39m [38;5;3m[RouterExplorer] [39m[32mMapped {/questions/:id/approve, POST} route[39m[38;5;3m +0ms[39m
[32m[Nest] 7896  - [39m08/06/2026, 2:03:07 PM [32m    LOG[39m [38;5;3m[RouterExplorer] [39m[32mMapped {/questions/:id/reject, POST} route[39m[38;5;3m +0ms[39m
[32m[Nest] 7896  - [39m08/06/2026, 2:03:07 PM [32m    LOG[39m [38;5;3m[RouterExplorer] [39m[32mMapped {/questions/:id/archive, POST} route[39m[38;5;3m +8ms[39m
[32m[Nest] 7896  - [39m08/06/2026, 2:03:07 PM [32m    LOG[39m [38;5;3m[RouterExplorer] [39m[32mMapped {/questions/:id/restore, POST} route[39m[38;5;3m +0ms[39m
[32m[Nest] 7896  - [39m08/06/2026, 2:03:07 PM [32m    LOG[39m [38;5;3m[RouterExplorer] [39m[32mMapped {/questions/:id, DELETE} route[39m[38;5;3m +1ms[39m
[32m[Nest] 7896  - [39m08/06/2026, 2:03:07 PM [32m    LOG[39m [38;5;3m[RoutesResolver] [39m[32mExamPapersController {/exam-papers}:[39m[38;5;3m +1ms[39m
[32m[Nest] 7896  - [39m08/06/2026, 2:03:07 PM [32m    LOG[39m [38;5;3m[RouterExplorer] [39m[32mMapped {/exam-papers/create-random, POST} route[39m[38;5;3m +3ms[39m
[32m[Nest] 7896  - [39m08/06/2026, 2:03:07 PM [32m    LOG[39m [38;5;3m[RouterExplorer] [39m[32mMapped {/exam-papers/preview-random, POST} route[39m[38;5;3m +5ms[39m
[32m[Nest] 7896  - [39m08/06/2026, 2:03:07 PM [32m    LOG[39m [38;5;3m[RouterExplorer] [39m[32mMapped {/exam-papers, GET} route[39m[38;5;3m +5ms[39m
[32m[Nest] 7896  - [39m08/06/2026, 2:03:07 PM [32m    LOG[39m [38;5;3m[RouterExplorer] [39m[32mMapped {/exam-papers/:id, GET} route[39m[38;5;3m +7ms[39m
[32m[Nest] 7896  - [39m08/06/2026, 2:03:07 PM [32m    LOG[39m [38;5;3m[RouterExplorer] [39m[32mMapped {/exam-papers/:id/publish, POST} route[39m[38;5;3m +8ms[39m
[32m[Nest] 7896  - [39m08/06/2026, 2:03:07 PM [32m    LOG[39m [38;5;3m[RouterExplorer] [39m[32mMapped {/exam-papers/:id/archive, POST} route[39m[38;5;3m +2ms[39m
[32m[Nest] 7896  - [39m08/06/2026, 2:03:07 PM [32m    LOG[39m [38;5;3m[RouterExplorer] [39m[32mMapped {/exam-papers/:id/restore, POST} route[39m[38;5;3m +6ms[39m
[32m[Nest] 7896  - [39m08/06/2026, 2:03:07 PM [32m    LOG[39m [38;5;3m[RouterExplorer] [39m[32mMapped {/exam-papers/:id, DELETE} route[39m[38;5;3m +1ms[39m
[32m[Nest] 7896  - [39m08/06/2026, 2:03:07 PM [32m    LOG[39m [38;5;3m[RoutesResolver] [39m[32mDashboardController {/dashboard}:[39m[38;5;3m +0ms[39m
[32m[Nest] 7896  - [39m08/06/2026, 2:03:07 PM [32m    LOG[39m [38;5;3m[RouterExplorer] [39m[32mMapped {/dashboard/overview, GET} route[39m[38;5;3m +1ms[39m
[32m[Nest] 7896  - [39m08/06/2026, 2:03:07 PM [32m    LOG[39m [38;5;3m[RoutesResolver] [39m[32mOnlineExamsController {/online-exams}:[39m[38;5;3m +0ms[39m
[32m[Nest] 7896  - [39m08/06/2026, 2:03:07 PM [32m    LOG[39m [38;5;3m[RouterExplorer] [39m[32mMapped {/online-exams/schedule/:scheduleId/check-eligibility, GET} route[39m[38;5;3m +1ms[39m
[32m[Nest] 7896  - [39m08/06/2026, 2:03:07 PM [32m    LOG[39m [38;5;3m[RouterExplorer] [39m[32mMapped {/online-exams/schedule/:scheduleId/start, POST} route[39m[38;5;3m +0ms[39m
[32m[Nest] 7896  - [39m08/06/2026, 2:03:07 PM [32m    LOG[39m [38;5;3m[RouterExplorer] [39m[32mMapped {/online-exams/attempt/:token/questions, GET} route[39m[38;5;3m +1ms[39m
[32m[Nest] 7896  - [39m08/06/2026, 2:03:07 PM [32m    LOG[39m [38;5;3m[RouterExplorer] [39m[32mMapped {/online-exams/attempt/:token/answers/save, POST} route[39m[38;5;3m +0ms[39m
[32m[Nest] 7896  - [39m08/06/2026, 2:03:07 PM [32m    LOG[39m [38;5;3m[RouterExplorer] [39m[32mMapped {/online-exams/attempt/:token/heartbeat, POST} route[39m[38;5;3m +0ms[39m
[32m[Nest] 7896  - [39m08/06/2026, 2:03:07 PM [32m    LOG[39m [38;5;3m[RouterExplorer] [39m[32mMapped {/online-exams/attempt/:token/events, POST} route[39m[38;5;3m +0ms[39m
[32m[Nest] 7896  - [39m08/06/2026, 2:03:07 PM [32m    LOG[39m [38;5;3m[RouterExplorer] [39m[32mMapped {/online-exams/attempt/:token/submit, POST} route[39m[38;5;3m +1ms[39m
[32m[Nest] 7896  - [39m08/06/2026, 2:03:07 PM [32m    LOG[39m [38;5;3m[RouterExplorer] [39m[32mMapped {/online-exams/attempt/:attemptId/result, GET} route[39m[38;5;3m +0ms[39m
[32m[Nest] 7896  - [39m08/06/2026, 2:03:07 PM [32m    LOG[39m [38;5;3m[RouterExplorer] [39m[32mMapped {/online-exams/attempt/:attemptId/appeal, POST} route[39m[38;5;3m +8ms[39m
[32m[Nest] 7896  - [39m08/06/2026, 2:03:07 PM [32m    LOG[39m [38;5;3m[RouterExplorer] [39m[32mMapped {/online-exams/schedule/:scheduleId/grade-report, GET} route[39m[38;5;3m +2ms[39m
[32m[Nest] 7896  - [39m08/06/2026, 2:03:07 PM [32m    LOG[39m [38;5;3m[RoutesResolver] [39m[32mProctorController {/proctor}:[39m[38;5;3m +0ms[39m
[32m[Nest] 7896  - [39m08/06/2026, 2:03:07 PM [32m    LOG[39m [38;5;3m[RouterExplorer] [39m[32mMapped {/proctor/live-dashboard/:scheduleRoomId, GET} route[39m[38;5;3m +5ms[39m
[32m[Nest] 7896  - [39m08/06/2026, 2:03:07 PM [32m    LOG[39m [38;5;3m[RouterExplorer] [39m[32mMapped {/proctor/attempt/:attemptId/extend-time, POST} route[39m[38;5;3m +0ms[39m
[32m[Nest] 7896  - [39m08/06/2026, 2:03:07 PM [32m    LOG[39m [38;5;3m[RouterExplorer] [39m[32mMapped {/proctor/attempt/:attemptId/reopen, POST} route[39m[38;5;3m +0ms[39m
[32m[Nest] 7896  - [39m08/06/2026, 2:03:07 PM [32m    LOG[39m [38;5;3m[RouterExplorer] [39m[32mMapped {/proctor/attempt/:attemptId/flag-incident, POST} route[39m[38;5;3m +3ms[39m
[32m[Nest] 7896  - [39m08/06/2026, 2:03:07 PM [32m    LOG[39m [38;5;3m[RouterExplorer] [39m[32mMapped {/proctor/attempt/:attemptId/resolve-incident, POST} route[39m[38;5;3m +1ms[39m
[32m[Nest] 7896  - [39m08/06/2026, 2:03:07 PM [32m    LOG[39m [38;5;3m[RoutesResolver] [39m[32mEssayController {/essay}:[39m[38;5;3m +0ms[39m
[32m[Nest] 7896  - [39m08/06/2026, 2:03:07 PM [32m    LOG[39m [38;5;3m[RouterExplorer] [39m[32mMapped {/essay/questions/:questionId/rubric, GET} route[39m[38;5;3m +1ms[39m
[32m[Nest] 7896  - [39m08/06/2026, 2:03:07 PM [32m    LOG[39m [38;5;3m[RouterExplorer] [39m[32mMapped {/essay/questions/:questionId/rubric, POST} route[39m[38;5;3m +0ms[39m
[32m[Nest] 7896  - [39m08/06/2026, 2:03:07 PM [32m    LOG[39m [38;5;3m[RouterExplorer] [39m[32mMapped {/essay/grading/assignments, GET} route[39m[38;5;3m +0ms[39m
[32m[Nest] 7896  - [39m08/06/2026, 2:03:07 PM [32m    LOG[39m [38;5;3m[RouterExplorer] [39m[32mMapped {/essay/grading/attempts/:attemptId, GET} route[39m[38;5;3m +1ms[39m
[32m[Nest] 7896  - [39m08/06/2026, 2:03:07 PM [32m    LOG[39m [38;5;3m[RouterExplorer] [39m[32mMapped {/essay/grading/answers/:answerId, PATCH} route[39m[38;5;3m +1ms[39m
[32m[Nest] 7896  - [39m08/06/2026, 2:03:07 PM [32m    LOG[39m [38;5;3m[RouterExplorer] [39m[32mMapped {/essay/grading/attempts/:attemptId/submit, POST} route[39m[38;5;3m +1ms[39m
[32m[Nest] 7896  - [39m08/06/2026, 2:03:07 PM [32m    LOG[39m [38;5;3m[RouterExplorer] [39m[32mMapped {/essay/grading/attempts/:attemptId/approve, POST} route[39m[38;5;3m +0ms[39m
[32m[Nest] 7896  - [39m08/06/2026, 2:03:07 PM [32m    LOG[39m [38;5;3m[RouterExplorer] [39m[32mMapped {/essay/grading/attempts/:attemptId/publish, POST} route[39m[38;5;3m +1ms[39m
[32m[Nest] 7896  - [39m08/06/2026, 2:03:07 PM [32m    LOG[39m [38;5;3m[RouterExplorer] [39m[32mMapped {/essay/grading/attempts/:attemptId/reopen, POST} route[39m[38;5;3m +0ms[39m
[32m[Nest] 7896  - [39m08/06/2026, 2:03:07 PM [32m    LOG[39m [38;5;3m[RouterExplorer] [39m[32mMapped {/essay/grading/attempts/:attemptId/extend-time, POST} route[39m[38;5;3m +15ms[39m
[32m[Nest] 7896  - [39m08/06/2026, 2:03:07 PM [32m    LOG[39m [38;5;3m[RouterExplorer] [39m[32mMapped {/essay/grading/attempts/:attemptId/penalty, POST} route[39m[38;5;3m +4ms[39m
[32m[Nest] 7896  - [39m08/06/2026, 2:03:07 PM [32m    LOG[39m [38;5;3m[RouterExplorer] [39m[32mMapped {/essay/attempt/:token/answers/:questionId/files, POST} route[39m[38;5;3m +4ms[39m
[32m[Nest] 7896  - [39m08/06/2026, 2:03:07 PM [32m    LOG[39m [38;5;3m[RoutesResolver] [39m[32mEssayGradingController {/essay-grading}:[39m[38;5;3m +0ms[39m
[32m[Nest] 7896  - [39m08/06/2026, 2:03:07 PM [32m    LOG[39m [38;5;3m[RouterExplorer] [39m[32mMapped {/essay-grading/assignments, GET} route[39m[38;5;3m +5ms[39m
[32m[Nest] 7896  - [39m08/06/2026, 2:03:07 PM [32m    LOG[39m [38;5;3m[RouterExplorer] [39m[32mMapped {/essay-grading/attempts/:attemptId, GET} route[39m[38;5;3m +2ms[39m
[32m[Nest] 7896  - [39m08/06/2026, 2:03:07 PM [32m    LOG[39m [38;5;3m[RouterExplorer] [39m[32mMapped {/essay-grading/answers/:answerId, PATCH} route[39m[38;5;3m +6ms[39m
[32m[Nest] 7896  - [39m08/06/2026, 2:03:07 PM [32m    LOG[39m [38;5;3m[RouterExplorer] [39m[32mMapped {/essay-grading/answers/:answerId/ai-suggest, POST} route[39m[38;5;3m +0ms[39m
[32m[Nest] 7896  - [39m08/06/2026, 2:03:07 PM [32m    LOG[39m [38;5;3m[RouterExplorer] [39m[32mMapped {/essay-grading/attempts/:attemptId/submit, POST} route[39m[38;5;3m +1ms[39m
[32m[Nest] 7896  - [39m08/06/2026, 2:03:07 PM [32m    LOG[39m [38;5;3m[RouterExplorer] [39m[32mMapped {/essay-grading/attempts/:attemptId/approve, POST} route[39m[38;5;3m +0ms[39m
[32m[Nest] 7896  - [39m08/06/2026, 2:03:07 PM [32m    LOG[39m [38;5;3m[RouterExplorer] [39m[32mMapped {/essay-grading/attempts/:attemptId/publish, POST} route[39m[38;5;3m +0ms[39m
[32m[Nest] 7896  - [39m08/06/2026, 2:03:07 PM [32m    LOG[39m [38;5;3m[RouterExplorer] [39m[32mMapped {/essay-grading/attempts/:attemptId/reopen, POST} route[39m[38;5;3m +0ms[39m
[32m[Nest] 7896  - [39m08/06/2026, 2:03:07 PM [32m    LOG[39m [38;5;3m[RouterExplorer] [39m[32mMapped {/essay-grading/attempts/:attemptId/extend-time, POST} route[39m[38;5;3m +0ms[39m
[32m[Nest] 7896  - [39m08/06/2026, 2:03:07 PM [32m    LOG[39m [38;5;3m[RouterExplorer] [39m[32mMapped {/essay-grading/attempts/:attemptId/penalty, POST} route[39m[38;5;3m +1ms[39m
[32m[Nest] 7896  - [39m08/06/2026, 2:03:07 PM [32m    LOG[39m [38;5;3m[RoutesResolver] [39m[32mEssayConfigController {/online-exam-config}:[39m[38;5;3m +0ms[39m
[32m[Nest] 7896  - [39m08/06/2026, 2:03:07 PM [32m    LOG[39m [38;5;3m[RouterExplorer] [39m[32mMapped {/online-exam-config/:scheduleId/essay, PATCH} route[39m[38;5;3m +0ms[39m
[32m[Nest] 7896  - [39m08/06/2026, 2:03:07 PM [32m    LOG[39m [38;5;3m[RoutesResolver] [39m[32mContactController {/contact}:[39m[38;5;3m +0ms[39m
[32m[Nest] 7896  - [39m08/06/2026, 2:03:07 PM [32m    LOG[39m [38;5;3m[RouterExplorer] [39m[32mMapped {/contact/send, POST} route[39m[38;5;3m +0ms[39m
[32m[Nest] 7896  - [39m08/06/2026, 2:03:07 PM [32m    LOG[39m [38;5;3m[RoutesResolver] [39m[32mAiController {/ai}:[39m[38;5;3m +1ms[39m
[32m[Nest] 7896  - [39m08/06/2026, 2:03:07 PM [32m    LOG[39m [38;5;3m[RouterExplorer] [39m[32mMapped {/ai/status, GET} route[39m[38;5;3m +0ms[39m
[32m[Nest] 7896  - [39m08/06/2026, 2:03:07 PM [32m    LOG[39m [38;5;3m[RouterExplorer] [39m[32mMapped {/ai/grade-essay, POST} route[39m[38;5;3m +0ms[39m
[32m[Nest] 7896  - [39m08/06/2026, 2:03:07 PM [32m    LOG[39m [38;5;3m[RouterExplorer] [39m[32mMapped {/ai/generate-questions, POST} route[39m[38;5;3m +0ms[39m
[32m[Nest] 7896  - [39m08/06/2026, 2:03:08 PM [32m    LOG[39m [38;5;3m[NestApplication] [39m[32mNest application successfully started[39m[38;5;3m +317ms[39m
[31m[Nest] 7896  - [39m08/06/2026, 2:03:08 PM [31m  ERROR[39m [38;5;3m[NestApplication] [39m[31mError: listen EADDRINUSE: address already in use :::3001[39m[38;5;3m +10ms[39m
node:net:2009
    const ex = new UVExceptionWithHostPort(err, 'listen', address, port);
               ^

Error: listen EADDRINUSE: address already in use :::3001
    at Server.setupListenHandle [as _listen2] (node:net:2009:16)
    at listenInCluster (node:net:2066:12)
    at Server.listen (node:net:2171:7)
    at ExpressAdapter.listen (C:\Users\loiho\.gemini\antigravity-ide\scratch\exam-management\backend\node_modules\@nestjs\platform-express\adapters\express-adapter.js:95:32)
    at C:\Users\loiho\.gemini\antigravity-ide\scratch\exam-management\backend\node_modules\@nestjs\core\nest-application.js:183:30
    at new Promise (<anonymous>)
    at NestApplication.listen (C:\Users\loiho\.gemini\antigravity-ide\scratch\exam-management\backend\node_modules\@nestjs\core\nest-application.js:173:16)
    at async bootstrap (C:\Users\loiho\.gemini\antigravity-ide\scratch\exam-management\backend\src\main.ts:32:3) {
  code: 'EADDRINUSE',
  errno: -4091,
  syscall: 'listen',
  address: '::',
  port: 3001
}

Node.js v24.18.1
[2J[3J[H[[90m2:04:00 PM[0m] File change detected. Starting incremental compilation...

[[90m2:04:02 PM[0m] Found 0 errors. Watching for file changes.

[32m[Nest] 7140  - [39m08/06/2026, 2:04:12 PM [32m    LOG[39m [38;5;3m[NestFactory] [39m[32mStarting Nest application...[39m
[32m[Nest] 7140  - [39m08/06/2026, 2:04:12 PM [32m    LOG[39m [38;5;3m[InstanceLoader] [39m[32mAppModule dependencies initialized[39m[38;5;3m +110ms[39m
[32m[Nest] 7140  - [39m08/06/2026, 2:04:12 PM [32m    LOG[39m [38;5;3m[InstanceLoader] [39m[32mPrismaModule dependencies initialized[39m[38;5;3m +19ms[39m
[32m[Nest] 7140  - [39m08/06/2026, 2:04:12 PM [32m    LOG[39m [38;5;3m[InstanceLoader] [39m[32mPassportModule dependencies initialized[39m[38;5;3m +1ms[39m
[32m[Nest] 7140  - [39m08/06/2026, 2:04:12 PM [32m    LOG[39m [38;5;3m[InstanceLoader] [39m[32mSecurityModule dependencies initialized[39m[38;5;3m +17ms[39m
[32m[Nest] 7140  - [39m08/06/2026, 2:04:12 PM [32m    LOG[39m [38;5;3m[InstanceLoader] [39m[32mAuditModule dependencies initialized[39m[38;5;3m +0ms[39m
[32m[Nest] 7140  - [39m08/06/2026, 2:04:12 PM [32m    LOG[39m [38;5;3m[InstanceLoader] [39m[32mConfigHostModule dependencies initialized[39m[38;5;3m +0ms[39m
[32m[Nest] 7140  - [39m08/06/2026, 2:04:12 PM [32m    LOG[39m [38;5;3m[InstanceLoader] [39m[32mJwtModule dependencies initialized[39m[38;5;3m +1ms[39m
[32m[Nest] 7140  - [39m08/06/2026, 2:04:13 PM [32m    LOG[39m [38;5;3m[InstanceLoader] [39m[32mConfigModule dependencies initialized[39m[38;5;3m +17ms[39m
[32m[Nest] 7140  - [39m08/06/2026, 2:04:13 PM [32m    LOG[39m [38;5;3m[InstanceLoader] [39m[32mConfigModule dependencies initialized[39m[38;5;3m +1ms[39m
[32m[Nest] 7140  - [39m08/06/2026, 2:04:13 PM [32m    LOG[39m [38;5;3m[InstanceLoader] [39m[32mUsersModule dependencies initialized[39m[38;5;3m +17ms[39m
[32m[Nest] 7140  - [39m08/06/2026, 2:04:13 PM [32m    LOG[39m [38;5;3m[InstanceLoader] [39m[32mDepartmentsModule dependencies initialized[39m[38;5;3m +0ms[39m
[32m[Nest] 7140  - [39m08/06/2026, 2:04:13 PM [32m    LOG[39m [38;5;3m[InstanceLoader] [39m[32mClassesModule dependencies initialized[39m[38;5;3m +0ms[39m
[32m[Nest] 7140  - [39m08/06/2026, 2:04:13 PM [32m    LOG[39m [38;5;3m[InstanceLoader] [39m[32mStudentsModule dependencies initialized[39m[38;5;3m +0ms[39m
[32m[Nest] 7140  - [39m08/06/2026, 2:04:13 PM [32m    LOG[39m [38;5;3m[InstanceLoader] [39m[32mSubjectsModule dependencies initialized[39m[38;5;3m +0ms[39m
[32m[Nest] 7140  - [39m08/06/2026, 2:04:13 PM [32m    LOG[39m [38;5;3m[InstanceLoader] [39m[32mDashboardModule dependencies initialized[39m[38;5;3m +0ms[39m
[32m[Nest] 7140  - [39m08/06/2026, 2:04:13 PM [32m    LOG[39m [38;5;3m[InstanceLoader] [39m[32mContactModule dependencies initialized[39m[38;5;3m +0ms[39m
[32m[Nest] 7140  - [39m08/06/2026, 2:04:13 PM [32m    LOG[39m [38;5;3m[InstanceLoader] [39m[32mProctorModule dependencies initialized[39m[38;5;3m +13ms[39m
[32m[Nest] 7140  - [39m08/06/2026, 2:04:13 PM [32m    LOG[39m [38;5;3m[InstanceLoader] [39m[32mTeachersModule dependencies initialized[39m[38;5;3m +2ms[39m
[32m[Nest] 7140  - [39m08/06/2026, 2:04:13 PM [32m    LOG[39m [38;5;3m[InstanceLoader] [39m[32mExamRoomsModule dependencies initialized[39m[38;5;3m +1ms[39m
[32m[Nest] 7140  - [39m08/06/2026, 2:04:13 PM [32m    LOG[39m [38;5;3m[InstanceLoader] [39m[32mExamPeriodsModule dependencies initialized[39m[38;5;3m +0ms[39m
[32m[Nest] 7140  - [39m08/06/2026, 2:04:13 PM [32m    LOG[39m [38;5;3m[InstanceLoader] [39m[32mExamSchedulesModule dependencies initialized[39m[38;5;3m +0ms[39m
[32m[Nest] 7140  - [39m08/06/2026, 2:04:13 PM [32m    LOG[39m [38;5;3m[InstanceLoader] [39m[32mExamArrangementModule dependencies initialized[39m[38;5;3m +0ms[39m
[32m[Nest] 7140  - [39m08/06/2026, 2:04:13 PM [32m    LOG[39m [38;5;3m[InstanceLoader] [39m[32mExamSupervisorsModule dependencies initialized[39m[38;5;3m +0ms[39m
[32m[Nest] 7140  - [39m08/06/2026, 2:04:13 PM [32m    LOG[39m [38;5;3m[InstanceLoader] [39m[32mQuestionsModule dependencies initialized[39m[38;5;3m +0ms[39m
[32m[Nest] 7140  - [39m08/06/2026, 2:04:13 PM [32m    LOG[39m [38;5;3m[InstanceLoader] [39m[32mExamPapersModule dependencies initialized[39m[38;5;3m +0ms[39m
[32m[Nest] 7140  - [39m08/06/2026, 2:04:13 PM [32m    LOG[39m [38;5;3m[InstanceLoader] [39m[32mEssayModule dependencies initialized[39m[38;5;3m +0ms[39m
[32m[Nest] 7140  - [39m08/06/2026, 2:04:13 PM [32m    LOG[39m [38;5;3m[InstanceLoader] [39m[32mOnlineExamsModule dependencies initialized[39m[38;5;3m +0ms[39m
[32m[Nest] 7140  - [39m08/06/2026, 2:04:13 PM [32m    LOG[39m [38;5;3m[InstanceLoader] [39m[32mAuthModule dependencies initialized[39m[38;5;3m +1ms[39m
[32m[Nest] 7140  - [39m08/06/2026, 2:04:13 PM [32m    LOG[39m [38;5;3m[InstanceLoader] [39m[32mAiModule dependencies initialized[39m[38;5;3m +1ms[39m
[32m[Nest] 7140  - [39m08/06/2026, 2:04:13 PM [32m    LOG[39m [38;5;3m[RoutesResolver] [39m[32mAuthController {/auth}:[39m[38;5;3m +19ms[39m
[32m[Nest] 7140  - [39m08/06/2026, 2:04:13 PM [32m    LOG[39m [38;5;3m[RouterExplorer] [39m[32mMapped {/auth/login, POST} route[39m[38;5;3m +8ms[39m
[32m[Nest] 7140  - [39m08/06/2026, 2:04:13 PM [32m    LOG[39m [38;5;3m[RouterExplorer] [39m[32mMapped {/auth/profile, GET} route[39m[38;5;3m +1ms[39m
[32m[Nest] 7140  - [39m08/06/2026, 2:04:13 PM [32m    LOG[39m [38;5;3m[RouterExplorer] [39m[32mMapped {/auth/change-password, POST} route[39m[38;5;3m +1ms[39m
[32m[Nest] 7140  - [39m08/06/2026, 2:04:13 PM [32m    LOG[39m [38;5;3m[RouterExplorer] [39m[32mMapped {/auth/profile, POST} route[39m[38;5;3m +1ms[39m
[32m[Nest] 7140  - [39m08/06/2026, 2:04:13 PM [32m    LOG[39m [38;5;3m[RoutesResolver] [39m[32mUsersController {/users}:[39m[38;5;3m +0ms[39m
[32m[Nest] 7140  - [39m08/06/2026, 2:04:13 PM [32m    LOG[39m [38;5;3m[RouterExplorer] [39m[32mMapped {/users/dashboard-stats, GET} route[39m[38;5;3m +2ms[39m
[32m[Nest] 7140  - [39m08/06/2026, 2:04:13 PM [32m    LOG[39m [38;5;3m[RouterExplorer] [39m[32mMapped {/users, GET} route[39m[38;5;3m +1ms[39m
[32m[Nest] 7140  - [39m08/06/2026, 2:04:13 PM [32m    LOG[39m [38;5;3m[RouterExplorer] [39m[32mMapped {/users/:id, GET} route[39m[38;5;3m +2ms[39m
[32m[Nest] 7140  - [39m08/06/2026, 2:04:13 PM [32m    LOG[39m [38;5;3m[RoutesResolver] [39m[32mDepartmentsController {/departments}:[39m[38;5;3m +0ms[39m
[32m[Nest] 7140  - [39m08/06/2026, 2:04:13 PM [32m    LOG[39m [38;5;3m[RouterExplorer] [39m[32mMapped {/departments, GET} route[39m[38;5;3m +2ms[39m
[32m[Nest] 7140  - [39m08/06/2026, 2:04:13 PM [32m    LOG[39m [38;5;3m[RouterExplorer] [39m[32mMapped {/departments/:id/curriculum, GET} route[39m[38;5;3m +2ms[39m
[32m[Nest] 7140  - [39m08/06/2026, 2:04:13 PM [32m    LOG[39m [38;5;3m[RouterExplorer] [39m[32mMapped {/departments/:id, GET} route[39m[38;5;3m +1ms[39m
[32m[Nest] 7140  - [39m08/06/2026, 2:04:13 PM [32m    LOG[39m [38;5;3m[RouterExplorer] [39m[32mMapped {/departments, POST} route[39m[38;5;3m +1ms[39m
[32m[Nest] 7140  - [39m08/06/2026, 2:04:13 PM [32m    LOG[39m [38;5;3m[RouterExplorer] [39m[32mMapped {/departments/:id/curriculum, POST} route[39m[38;5;3m +5ms[39m
[32m[Nest] 7140  - [39m08/06/2026, 2:04:13 PM [32m    LOG[39m [38;5;3m[RouterExplorer] [39m[32mMapped {/departments/:id, PATCH} route[39m[38;5;3m +2ms[39m
[32m[Nest] 7140  - [39m08/06/2026, 2:04:13 PM [32m    LOG[39m [38;5;3m[RouterExplorer] [39m[32mMapped {/departments/:id/curriculum/:subjectId, DELETE} route[39m[38;5;3m +0ms[39m
[32m[Nest] 7140  - [39m08/06/2026, 2:04:13 PM [32m    LOG[39m [38;5;3m[RouterExplorer] [39m[32mMapped {/departments/:id, DELETE} route[39m[38;5;3m +3ms[39m
[32m[Nest] 7140  - [39m08/06/2026, 2:04:13 PM [32m    LOG[39m [38;5;3m[RoutesResolver] [39m[32mClassesController {/classes}:[39m[38;5;3m +0ms[39m
[32m[Nest] 7140  - [39m08/06/2026, 2:04:13 PM [32m    LOG[39m [38;5;3m[RouterExplorer] [39m[32mMapped {/classes, GET} route[39m[38;5;3m +0ms[39m
[32m[Nest] 7140  - [39m08/06/2026, 2:04:13 PM [32m    LOG[39m [38;5;3m[RouterExplorer] [39m[32mMapped {/classes/:id, GET} route[39m[38;5;3m +1ms[39m
[32m[Nest] 7140  - [39m08/06/2026, 2:04:13 PM [32m    LOG[39m [38;5;3m[RouterExplorer] [39m[32mMapped {/classes, POST} route[39m[38;5;3m +0ms[39m
[32m[Nest] 7140  - [39m08/06/2026, 2:04:13 PM [32m    LOG[39m [38;5;3m[RouterExplorer] [39m[32mMapped {/classes/:id, PATCH} route[39m[38;5;3m +1ms[39m
[32m[Nest] 7140  - [39m08/06/2026, 2:04:13 PM [32m    LOG[39m [38;5;3m[RouterExplorer] [39m[32mMapped {/classes/:id, DELETE} route[39m[38;5;3m +0ms[39m
[32m[Nest] 7140  - [39m08/06/2026, 2:04:13 PM [32m    LOG[39m [38;5;3m[RoutesResolver] [39m[32mStudentsController {/students}:[39m[38;5;3m +1ms[39m
[32m[Nest] 7140  - [39m08/06/2026, 2:04:13 PM [32m    LOG[39m [38;5;3m[RouterExplorer] [39m[32mMapped {/students/my-schedule, GET} route[39m[38;5;3m +1ms[39m
[32m[Nest] 7140  - [39m08/06/2026, 2:04:13 PM [32m    LOG[39m [38;5;3m[RouterExplorer] [39m[32mMapped {/students/my-curriculum, GET} route[39m[38;5;3m +0ms[39m
[32m[Nest] 7140  - [39m08/06/2026, 2:04:13 PM [32m    LOG[39m [38;5;3m[RouterExplorer] [39m[32mMapped {/students, GET} route[39m[38;5;3m +1ms[39m
[32m[Nest] 7140  - [39m08/06/2026, 2:04:13 PM [32m    LOG[39m [38;5;3m[RouterExplorer] [39m[32mMapped {/students/:id, GET} route[39m[38;5;3m +1ms[39m
[32m[Nest] 7140  - [39m08/06/2026, 2:04:13 PM [32m    LOG[39m [38;5;3m[RouterExplorer] [39m[32mMapped {/students, POST} route[39m[38;5;3m +0ms[39m
[32m[Nest] 7140  - [39m08/06/2026, 2:04:13 PM [32m    LOG[39m [38;5;3m[RouterExplorer] [39m[32mMapped {/students/:id, PATCH} route[39m[38;5;3m +0ms[39m
[32m[Nest] 7140  - [39m08/06/2026, 2:04:13 PM [32m    LOG[39m [38;5;3m[RouterExplorer] [39m[32mMapped {/students/:id, DELETE} route[39m[38;5;3m +0ms[39m
[32m[Nest] 7140  - [39m08/06/2026, 2:04:13 PM [32m    LOG[39m [38;5;3m[RoutesResolver] [39m[32mTeachersController {/teachers}:[39m[38;5;3m +1ms[39m
[32m[Nest] 7140  - [39m08/06/2026, 2:04:13 PM [32m    LOG[39m [38;5;3m[RouterExplorer] [39m[32mMapped {/teachers/my-assignments, GET} route[39m[38;5;3m +0ms[39m
[32m[Nest] 7140  - [39m08/06/2026, 2:04:13 PM [32m    LOG[39m [38;5;3m[RouterExplorer] [39m[32mMapped {/teachers/my-assignments/:id/status, PATCH} route[39m[38;5;3m +1ms[39m
[32m[Nest] 7140  - [39m08/06/2026, 2:04:13 PM [32m    LOG[39m [38;5;3m[RouterExplorer] [39m[32mMapped {/teachers/my-assignments/:id/attendance-sheet, GET} route[39m[38;5;3m +0ms[39m
[32m[Nest] 7140  - [39m08/06/2026, 2:04:13 PM [32m    LOG[39m [38;5;3m[RouterExplorer] [39m[32mMapped {/teachers, GET} route[39m[38;5;3m +0ms[39m
[32m[Nest] 7140  - [39m08/06/2026, 2:04:13 PM [32m    LOG[39m [38;5;3m[RouterExplorer] [39m[32mMapped {/teachers/:id/lock, POST} route[39m[38;5;3m +1ms[39m
[32m[Nest] 7140  - [39m08/06/2026, 2:04:13 PM [32m    LOG[39m [38;5;3m[RouterExplorer] [39m[32mMapped {/teachers/:id/unlock, POST} route[39m[38;5;3m +0ms[39m
[32m[Nest] 7140  - [39m08/06/2026, 2:04:13 PM [32m    LOG[39m [38;5;3m[RouterExplorer] [39m[32mMapped {/teachers/:id, GET} route[39m[38;5;3m +1ms[39m
[32m[Nest] 7140  - [39m08/06/2026, 2:04:13 PM [32m    LOG[39m [38;5;3m[RouterExplorer] [39m[32mMapped {/teachers, POST} route[39m[38;5;3m +0ms[39m
[32m[Nest] 7140  - [39m08/06/2026, 2:04:13 PM [32m    LOG[39m [38;5;3m[RouterExplorer] [39m[32mMapped {/teachers/:id, PATCH} route[39m[38;5;3m +2ms[39m
[32m[Nest] 7140  - [39m08/06/2026, 2:04:13 PM [32m    LOG[39m [38;5;3m[RouterExplorer] [39m[32mMapped {/teachers/:id, DELETE} route[39m[38;5;3m +0ms[39m
[32m[Nest] 7140  - [39m08/06/2026, 2:04:13 PM [32m    LOG[39m [38;5;3m[RoutesResolver] [39m[32mSubjectsController {/subjects}:[39m[38;5;3m +1ms[39m
[32m[Nest] 7140  - [39m08/06/2026, 2:04:13 PM [32m    LOG[39m [38;5;3m[RouterExplorer] [39m[32mMapped {/subjects, GET} route[39m[38;5;3m +0ms[39m
[32m[Nest] 7140  - [39m08/06/2026, 2:04:13 PM [32m    LOG[39m [38;5;3m[RouterExplorer] [39m[32mMapped {/subjects/:id, GET} route[39m[38;5;3m +1ms[39m
[32m[Nest] 7140  - [39m08/06/2026, 2:04:13 PM [32m    LOG[39m [38;5;3m[RouterExplorer] [39m[32mMapped {/subjects/:id/chapters, GET} route[39m[38;5;3m +0ms[39m
[32m[Nest] 7140  - [39m08/06/2026, 2:04:13 PM [32m    LOG[39m [38;5;3m[RouterExplorer] [39m[32mMapped {/subjects/:id/enrollments, GET} route[39m[38;5;3m +1ms[39m
[32m[Nest] 7140  - [39m08/06/2026, 2:04:13 PM [32m    LOG[39m [38;5;3m[RouterExplorer] [39m[32mMapped {/subjects/:id/enroll-students, POST} route[39m[38;5;3m +0ms[39m
[32m[Nest] 7140  - [39m08/06/2026, 2:04:13 PM [32m    LOG[39m [38;5;3m[RouterExplorer] [39m[32mMapped {/subjects, POST} route[39m[38;5;3m +0ms[39m
[32m[Nest] 7140  - [39m08/06/2026, 2:04:13 PM [32m    LOG[39m [38;5;3m[RouterExplorer] [39m[32mMapped {/subjects/:id, PATCH} route[39m[38;5;3m +1ms[39m
[32m[Nest] 7140  - [39m08/06/2026, 2:04:13 PM [32m    LOG[39m [38;5;3m[RouterExplorer] [39m[32mMapped {/subjects/:id, DELETE} route[39m[38;5;3m +0ms[39m
[32m[Nest] 7140  - [39m08/06/2026, 2:04:13 PM [32m    LOG[39m [38;5;3m[RoutesResolver] [39m[32mExamRoomsController {/exam-rooms}:[39m[38;5;3m +0ms[39m
[32m[Nest] 7140  - [39m08/06/2026, 2:04:13 PM [32m    LOG[39m [38;5;3m[RouterExplorer] [39m[32mMapped {/exam-rooms, GET} route[39m[38;5;3m +0ms[39m
[32m[Nest] 7140  - [39m08/06/2026, 2:04:13 PM [32m    LOG[39m [38;5;3m[RouterExplorer] [39m[32mMapped {/exam-rooms/:id, GET} route[39m[38;5;3m +0ms[39m
[32m[Nest] 7140  - [39m08/06/2026, 2:04:13 PM [32m    LOG[39m [38;5;3m[RouterExplorer] [39m[32mMapped {/exam-rooms/:id/lock, POST} route[39m[38;5;3m +0ms[39m
[32m[Nest] 7140  - [39m08/06/2026, 2:04:13 PM [32m    LOG[39m [38;5;3m[RouterExplorer] [39m[32mMapped {/exam-rooms/:id/unlock, POST} route[39m[38;5;3m +1ms[39m
[32m[Nest] 7140  - [39m08/06/2026, 2:04:13 PM [32m    LOG[39m [38;5;3m[RouterExplorer] [39m[32mMapped {/exam-rooms, POST} route[39m[38;5;3m +0ms[39m
[32m[Nest] 7140  - [39m08/06/2026, 2:04:13 PM [32m    LOG[39m [38;5;3m[RouterExplorer] [39m[32mMapped {/exam-rooms/:id, PATCH} route[39m[38;5;3m +0ms[39m
[32m[Nest] 7140  - [39m08/06/2026, 2:04:13 PM [32m    LOG[39m [38;5;3m[RouterExplorer] [39m[32mMapped {/exam-rooms/:id, DELETE} route[39m[38;5;3m +0ms[39m
[32m[Nest] 7140  - [39m08/06/2026, 2:04:13 PM [32m    LOG[39m [38;5;3m[RoutesResolver] [39m[32mExamPeriodsController {/exam-periods}:[39m[38;5;3m +1ms[39m
[32m[Nest] 7140  - [39m08/06/2026, 2:04:13 PM [32m    LOG[39m [38;5;3m[RouterExplorer] [39m[32mMapped {/exam-periods, GET} route[39m[38;5;3m +0ms[39m
[32m[Nest] 7140  - [39m08/06/2026, 2:04:13 PM [32m    LOG[39m [38;5;3m[RouterExplorer] [39m[32mMapped {/exam-periods/:id, GET} route[39m[38;5;3m +1ms[39m
[32m[Nest] 7140  - [39m08/06/2026, 2:04:13 PM [32m    LOG[39m [38;5;3m[RouterExplorer] [39m[32mMapped {/exam-periods, POST} route[39m[38;5;3m +0ms[39m
[32m[Nest] 7140  - [39m08/06/2026, 2:04:13 PM [32m    LOG[39m [38;5;3m[RouterExplorer] [39m[32mMapped {/exam-periods/:id, PATCH} route[39m[38;5;3m +2ms[39m
[32m[Nest] 7140  - [39m08/06/2026, 2:04:13 PM [32m    LOG[39m [38;5;3m[RouterExplorer] [39m[32mMapped {/exam-periods/:id, DELETE} route[39m[38;5;3m +0ms[39m
[32m[Nest] 7140  - [39m08/06/2026, 2:04:13 PM [32m    LOG[39m [38;5;3m[RouterExplorer] [39m[32mMapped {/exam-periods/:id/lock, POST} route[39m[38;5;3m +1ms[39m
[32m[Nest] 7140  - [39m08/06/2026, 2:04:13 PM [32m    LOG[39m [38;5;3m[RouterExplorer] [39m[32mMapped {/exam-periods/:id/unlock, POST} route[39m[38;5;3m +0ms[39m
[32m[Nest] 7140  - [39m08/06/2026, 2:04:13 PM [32m    LOG[39m [38;5;3m[RoutesResolver] [39m[32mExamSchedulesController {/exam-schedules}:[39m[38;5;3m +1ms[39m
[32m[Nest] 7140  - [39m08/06/2026, 2:04:13 PM [32m    LOG[39m [38;5;3m[RouterExplorer] [39m[32mMapped {/exam-schedules, GET} route[39m[38;5;3m +1ms[39m
[32m[Nest] 7140  - [39m08/06/2026, 2:04:13 PM [32m    LOG[39m [38;5;3m[RouterExplorer] [39m[32mMapped {/exam-schedules/conflicts, GET} route[39m[38;5;3m +0ms[39m
[32m[Nest] 7140  - [39m08/06/2026, 2:04:13 PM [32m    LOG[39m [38;5;3m[RouterExplorer] [39m[32mMapped {/exam-schedules/trash, GET} route[39m[38;5;3m +0ms[39m
[32m[Nest] 7140  - [39m08/06/2026, 2:04:13 PM [32m    LOG[39m [38;5;3m[RouterExplorer] [39m[32mMapped {/exam-schedules/auto-preview, POST} route[39m[38;5;3m +1ms[39m
[32m[Nest] 7140  - [39m08/06/2026, 2:04:13 PM [32m    LOG[39m [38;5;3m[RouterExplorer] [39m[32mMapped {/exam-schedules/auto-apply, POST} route[39m[38;5;3m +0ms[39m
[32m[Nest] 7140  - [39m08/06/2026, 2:04:13 PM [32m    LOG[39m [38;5;3m[RouterExplorer] [39m[32mMapped {/exam-schedules/:id/lock, POST} route[39m[38;5;3m +0ms[39m
[32m[Nest] 7140  - [39m08/06/2026, 2:04:13 PM [32m    LOG[39m [38;5;3m[RouterExplorer] [39m[32mMapped {/exam-schedules/:id/unlock, POST} route[39m[38;5;3m +0ms[39m
[32m[Nest] 7140  - [39m08/06/2026, 2:04:13 PM [32m    LOG[39m [38;5;3m[RouterExplorer] [39m[32mMapped {/exam-schedules/:id, GET} route[39m[38;5;3m +1ms[39m
[32m[Nest] 7140  - [39m08/06/2026, 2:04:13 PM [32m    LOG[39m [38;5;3m[RouterExplorer] [39m[32mMapped {/exam-schedules, POST} route[39m[38;5;3m +0ms[39m
[32m[Nest] 7140  - [39m08/06/2026, 2:04:13 PM [32m    LOG[39m [38;5;3m[RouterExplorer] [39m[32mMapped {/exam-schedules/:id, PATCH} route[39m[38;5;3m +0ms[39m
[32m[Nest] 7140  - [39m08/06/2026, 2:04:13 PM [32m    LOG[39m [38;5;3m[RouterExplorer] [39m[32mMapped {/exam-schedules/:id, DELETE} route[39m[38;5;3m +0ms[39m
[32m[Nest] 7140  - [39m08/06/2026, 2:04:13 PM [32m    LOG[39m [38;5;3m[RouterExplorer] [39m[32mMapped {/exam-schedules/:id/reopen-entry, POST} route[39m[38;5;3m +1ms[39m
[32m[Nest] 7140  - [39m08/06/2026, 2:04:13 PM [32m    LOG[39m [38;5;3m[RouterExplorer] [39m[32mMapped {/exam-schedules/:id/restore, POST} route[39m[38;5;3m +0ms[39m
[32m[Nest] 7140  - [39m08/06/2026, 2:04:13 PM [32m    LOG[39m [38;5;3m[RoutesResolver] [39m[32mExamArrangementController {/exam-arrangement}:[39m[38;5;3m +1ms[39m
[32m[Nest] 7140  - [39m08/06/2026, 2:04:13 PM [32m    LOG[39m [38;5;3m[RouterExplorer] [39m[32mMapped {/exam-arrangement/auto-arrange, POST} route[39m[38;5;3m +1ms[39m
[32m[Nest] 7140  - [39m08/06/2026, 2:04:13 PM [32m    LOG[39m [38;5;3m[RouterExplorer] [39m[32mMapped {/exam-arrangement/preview, POST} route[39m[38;5;3m +1ms[39m
[32m[Nest] 7140  - [39m08/06/2026, 2:04:13 PM [32m    LOG[39m [38;5;3m[RouterExplorer] [39m[32mMapped {/exam-arrangement/result, GET} route[39m[38;5;3m +0ms[39m
[32m[Nest] 7140  - [39m08/06/2026, 2:04:13 PM [32m    LOG[39m [38;5;3m[RouterExplorer] [39m[32mMapped {/exam-arrangement/room-availability, GET} route[39m[38;5;3m +0ms[39m
[32m[Nest] 7140  - [39m08/06/2026, 2:04:13 PM [32m    LOG[39m [38;5;3m[RouterExplorer] [39m[32mMapped {/exam-arrangement/reset/:examScheduleId, DELETE} route[39m[38;5;3m +1ms[39m
[32m[Nest] 7140  - [39m08/06/2026, 2:04:13 PM [32m    LOG[39m [38;5;3m[RouterExplorer] [39m[32mMapped {/exam-arrangement/history, GET} route[39m[38;5;3m +0ms[39m
[32m[Nest] 7140  - [39m08/06/2026, 2:04:13 PM [32m    LOG[39m [38;5;3m[RoutesResolver] [39m[32mExamSupervisorsController {/exam-supervisors}:[39m[38;5;3m +0ms[39m
[32m[Nest] 7140  - [39m08/06/2026, 2:04:13 PM [32m    LOG[39m [38;5;3m[RouterExplorer] [39m[32mMapped {/exam-supervisors/assign, POST} route[39m[38;5;3m +1ms[39m
[32m[Nest] 7140  - [39m08/06/2026, 2:04:13 PM [32m    LOG[39m [38;5;3m[RouterExplorer] [39m[32mMapped {/exam-supervisors/auto-preview, POST} route[39m[38;5;3m +1ms[39m
[32m[Nest] 7140  - [39m08/06/2026, 2:04:13 PM [32m    LOG[39m [38;5;3m[RouterExplorer] [39m[32mMapped {/exam-supervisors/auto-assign, POST} route[39m[38;5;3m +0ms[39m
[32m[Nest] 7140  - [39m08/06/2026, 2:04:13 PM [32m    LOG[39m [38;5;3m[RouterExplorer] [39m[32mMapped {/exam-supervisors, GET} route[39m[38;5;3m +0ms[39m
[32m[Nest] 7140  - [39m08/06/2026, 2:04:13 PM [32m    LOG[39m [38;5;3m[RouterExplorer] [39m[32mMapped {/exam-supervisors/:id/status, PATCH} route[39m[38;5;3m +4ms[39m
[32m[Nest] 7140  - [39m08/06/2026, 2:04:13 PM [32m    LOG[39m [38;5;3m[RouterExplorer] [39m[32mMapped {/exam-supervisors/:id, DELETE} route[39m[38;5;3m +1ms[39m
[32m[Nest] 7140  - [39m08/06/2026, 2:04:13 PM [32m    LOG[39m [38;5;3m[RoutesResolver] [39m[32mQuestionsController {/questions}:[39m[38;5;3m +0ms[39m
[32m[Nest] 7140  - [39m08/06/2026, 2:04:13 PM [32m    LOG[39m [38;5;3m[RouterExplorer] [39m[32mMapped {/questions, GET} route[39m[38;5;3m +1ms[39m
[32m[Nest] 7140  - [39m08/06/2026, 2:04:13 PM [32m    LOG[39m [38;5;3m[RouterExplorer] [39m[32mMapped {/questions/statistics, GET} route[39m[38;5;3m +0ms[39m
[32m[Nest] 7140  - [39m08/06/2026, 2:04:13 PM [32m    LOG[39m [38;5;3m[RouterExplorer] [39m[32mMapped {/questions/filter-options, GET} route[39m[38;5;3m +0ms[39m
[32m[Nest] 7140  - [39m08/06/2026, 2:04:13 PM [32m    LOG[39m [38;5;3m[RouterExplorer] [39m[32mMapped {/questions/import/template, GET} route[39m[38;5;3m +1ms[39m
[32m[Nest] 7140  - [39m08/06/2026, 2:04:13 PM [32m    LOG[39m [38;5;3m[RouterExplorer] [39m[32mMapped {/questions/media/preview, POST} route[39m[38;5;3m +0ms[39m
[32m[Nest] 7140  - [39m08/06/2026, 2:04:13 PM [32m    LOG[39m [38;5;3m[RouterExplorer] [39m[32mMapped {/questions/media/upload, POST} route[39m[38;5;3m +1ms[39m
[32m[Nest] 7140  - [39m08/06/2026, 2:04:13 PM [32m    LOG[39m [38;5;3m[RouterExplorer] [39m[32mMapped {/questions/media/:id, DELETE} route[39m[38;5;3m +0ms[39m
[32m[Nest] 7140  - [39m08/06/2026, 2:04:13 PM [32m    LOG[39m [38;5;3m[RouterExplorer] [39m[32mMapped {/questions/export, POST} route[39m[38;5;3m +0ms[39m
[32m[Nest] 7140  - [39m08/06/2026, 2:04:13 PM [32m    LOG[39m [38;5;3m[RouterExplorer] [39m[32mMapped {/questions/bulk-action, POST} route[39m[38;5;3m +0ms[39m
[32m[Nest] 7140  - [39m08/06/2026, 2:04:13 PM [32m    LOG[39m [38;5;3m[RouterExplorer] [39m[32mMapped {/questions/import/preview, POST} route[39m[38;5;3m +0ms[39m
[32m[Nest] 7140  - [39m08/06/2026, 2:04:13 PM [32m    LOG[39m [38;5;3m[RouterExplorer] [39m[32mMapped {/questions/import/confirm, POST} route[39m[38;5;3m +1ms[39m
[32m[Nest] 7140  - [39m08/06/2026, 2:04:13 PM [32m    LOG[39m [38;5;3m[RouterExplorer] [39m[32mMapped {/questions/ai-generate, POST} route[39m[38;5;3m +0ms[39m
[32m[Nest] 7140  - [39m08/06/2026, 2:04:13 PM [32m    LOG[39m [38;5;3m[RouterExplorer] [39m[32mMapped {/questions/ai-save, POST} route[39m[38;5;3m +0ms[39m
[32m[Nest] 7140  - [39m08/06/2026, 2:04:13 PM [32m    LOG[39m [38;5;3m[RouterExplorer] [39m[32mMapped {/questions/ai-extract-text, POST} route[39m[38;5;3m +0ms[39m
[32m[Nest] 7140  - [39m08/06/2026, 2:04:13 PM [32m    LOG[39m [38;5;3m[RouterExplorer] [39m[32mMapped {/questions, POST} route[39m[38;5;3m +1ms[39m
[32m[Nest] 7140  - [39m08/06/2026, 2:04:13 PM [32m    LOG[39m [38;5;3m[RouterExplorer] [39m[32mMapped {/questions/:id, GET} route[39m[38;5;3m +0ms[39m
[32m[Nest] 7140  - [39m08/06/2026, 2:04:13 PM [32m    LOG[39m [38;5;3m[RouterExplorer] [39m[32mMapped {/questions/:id, PATCH} route[39m[38;5;3m +0ms[39m
[32m[Nest] 7140  - [39m08/06/2026, 2:04:13 PM [32m    LOG[39m [38;5;3m[RouterExplorer] [39m[32mMapped {/questions/:id/duplicate, POST} route[39m[38;5;3m +0ms[39m
[32m[Nest] 7140  - [39m08/06/2026, 2:04:13 PM [32m    LOG[39m [38;5;3m[RouterExplorer] [39m[32mMapped {/questions/:id/submit, POST} route[39m[38;5;3m +1ms[39m
[32m[Nest] 7140  - [39m08/06/2026, 2:04:13 PM [32m    LOG[39m [38;5;3m[RouterExplorer] [39m[32mMapped {/questions/:id/approve, POST} route[39m[38;5;3m +0ms[39m
[32m[Nest] 7140  - [39m08/06/2026, 2:04:13 PM [32m    LOG[39m [38;5;3m[RouterExplorer] [39m[32mMapped {/questions/:id/reject, POST} route[39m[38;5;3m +0ms[39m
[32m[Nest] 7140  - [39m08/06/2026, 2:04:13 PM [32m    LOG[39m [38;5;3m[RouterExplorer] [39m[32mMapped {/questions/:id/archive, POST} route[39m[38;5;3m +0ms[39m
[32m[Nest] 7140  - [39m08/06/2026, 2:04:13 PM [32m    LOG[39m [38;5;3m[RouterExplorer] [39m[32mMapped {/questions/:id/restore, POST} route[39m[38;5;3m +0ms[39m
[32m[Nest] 7140  - [39m08/06/2026, 2:04:13 PM [32m    LOG[39m [38;5;3m[RouterExplorer] [39m[32mMapped {/questions/:id, DELETE} route[39m[38;5;3m +0ms[39m
[32m[Nest] 7140  - [39m08/06/2026, 2:04:13 PM [32m    LOG[39m [38;5;3m[RoutesResolver] [39m[32mExamPapersController {/exam-papers}:[39m[38;5;3m +1ms[39m
[32m[Nest] 7140  - [39m08/06/2026, 2:04:13 PM [32m    LOG[39m [38;5;3m[RouterExplorer] [39m[32mMapped {/exam-papers/create-random, POST} route[39m[38;5;3m +0ms[39m
[32m[Nest] 7140  - [39m08/06/2026, 2:04:13 PM [32m    LOG[39m [38;5;3m[RouterExplorer] [39m[32mMapped {/exam-papers/preview-random, POST} route[39m[38;5;3m +0ms[39m
[32m[Nest] 7140  - [39m08/06/2026, 2:04:13 PM [32m    LOG[39m [38;5;3m[RouterExplorer] [39m[32mMapped {/exam-papers, GET} route[39m[38;5;3m +0ms[39m
[32m[Nest] 7140  - [39m08/06/2026, 2:04:13 PM [32m    LOG[39m [38;5;3m[RouterExplorer] [39m[32mMapped {/exam-papers/:id, GET} route[39m[38;5;3m +0ms[39m
[32m[Nest] 7140  - [39m08/06/2026, 2:04:13 PM [32m    LOG[39m [38;5;3m[RouterExplorer] [39m[32mMapped {/exam-papers/:id/publish, POST} route[39m[38;5;3m +1ms[39m
[32m[Nest] 7140  - [39m08/06/2026, 2:04:13 PM [32m    LOG[39m [38;5;3m[RouterExplorer] [39m[32mMapped {/exam-papers/:id/archive, POST} route[39m[38;5;3m +0ms[39m
[32m[Nest] 7140  - [39m08/06/2026, 2:04:13 PM [32m    LOG[39m [38;5;3m[RouterExplorer] [39m[32mMapped {/exam-papers/:id/restore, POST} route[39m[38;5;3m +0ms[39m
[32m[Nest] 7140  - [39m08/06/2026, 2:04:13 PM [32m    LOG[39m [38;5;3m[RouterExplorer] [39m[32mMapped {/exam-papers/:id, DELETE} route[39m[38;5;3m +0ms[39m
[32m[Nest] 7140  - [39m08/06/2026, 2:04:13 PM [32m    LOG[39m [38;5;3m[RoutesResolver] [39m[32mDashboardController {/dashboard}:[39m[38;5;3m +0ms[39m
[32m[Nest] 7140  - [39m08/06/2026, 2:04:13 PM [32m    LOG[39m [38;5;3m[RouterExplorer] [39m[32mMapped {/dashboard/overview, GET} route[39m[38;5;3m +1ms[39m
[32m[Nest] 7140  - [39m08/06/2026, 2:04:13 PM [32m    LOG[39m [38;5;3m[RoutesResolver] [39m[32mOnlineExamsController {/online-exams}:[39m[38;5;3m +0ms[39m
[32m[Nest] 7140  - [39m08/06/2026, 2:04:13 PM [32m    LOG[39m [38;5;3m[RouterExplorer] [39m[32mMapped {/online-exams/schedule/:scheduleId/check-eligibility, GET} route[39m[38;5;3m +0ms[39m
[32m[Nest] 7140  - [39m08/06/2026, 2:04:13 PM [32m    LOG[39m [38;5;3m[RouterExplorer] [39m[32mMapped {/online-exams/schedule/:scheduleId/start, POST} route[39m[38;5;3m +0ms[39m
[32m[Nest] 7140  - [39m08/06/2026, 2:04:13 PM [32m    LOG[39m [38;5;3m[RouterExplorer] [39m[32mMapped {/online-exams/attempt/:token/questions, GET} route[39m[38;5;3m +1ms[39m
[32m[Nest] 7140  - [39m08/06/2026, 2:04:13 PM [32m    LOG[39m [38;5;3m[RouterExplorer] [39m[32mMapped {/online-exams/attempt/:token/answers/save, POST} route[39m[38;5;3m +0ms[39m
[32m[Nest] 7140  - [39m08/06/2026, 2:04:13 PM [32m    LOG[39m [38;5;3m[RouterExplorer] [39m[32mMapped {/online-exams/attempt/:token/heartbeat, POST} route[39m[38;5;3m +0ms[39m
[32m[Nest] 7140  - [39m08/06/2026, 2:04:13 PM [32m    LOG[39m [38;5;3m[RouterExplorer] [39m[32mMapped {/online-exams/attempt/:token/events, POST} route[39m[38;5;3m +1ms[39m
[32m[Nest] 7140  - [39m08/06/2026, 2:04:13 PM [32m    LOG[39m [38;5;3m[RouterExplorer] [39m[32mMapped {/online-exams/attempt/:token/submit, POST} route[39m[38;5;3m +0ms[39m
[32m[Nest] 7140  - [39m08/06/2026, 2:04:13 PM [32m    LOG[39m [38;5;3m[RouterExplorer] [39m[32mMapped {/online-exams/attempt/:attemptId/result, GET} route[39m[38;5;3m +0ms[39m
[32m[Nest] 7140  - [39m08/06/2026, 2:04:13 PM [32m    LOG[39m [38;5;3m[RouterExplorer] [39m[32mMapped {/online-exams/attempt/:attemptId/appeal, POST} route[39m[38;5;3m +1ms[39m
[32m[Nest] 7140  - [39m08/06/2026, 2:04:13 PM [32m    LOG[39m [38;5;3m[RouterExplorer] [39m[32mMapped {/online-exams/schedule/:scheduleId/grade-report, GET} route[39m[38;5;3m +0ms[39m
[32m[Nest] 7140  - [39m08/06/2026, 2:04:13 PM [32m    LOG[39m [38;5;3m[RoutesResolver] [39m[32mProctorController {/proctor}:[39m[38;5;3m +3ms[39m
[32m[Nest] 7140  - [39m08/06/2026, 2:04:13 PM [32m    LOG[39m [38;5;3m[RouterExplorer] [39m[32mMapped {/proctor/live-dashboard/:scheduleRoomId, GET} route[39m[38;5;3m +1ms[39m
[32m[Nest] 7140  - [39m08/06/2026, 2:04:13 PM [32m    LOG[39m [38;5;3m[RouterExplorer] [39m[32mMapped {/proctor/attempt/:attemptId/extend-time, POST} route[39m[38;5;3m +1ms[39m
[32m[Nest] 7140  - [39m08/06/2026, 2:04:13 PM [32m    LOG[39m [38;5;3m[RouterExplorer] [39m[32mMapped {/proctor/attempt/:attemptId/reopen, POST} route[39m[38;5;3m +0ms[39m
[32m[Nest] 7140  - [39m08/06/2026, 2:04:13 PM [32m    LOG[39m [38;5;3m[RouterExplorer] [39m[32mMapped {/proctor/attempt/:attemptId/flag-incident, POST} route[39m[38;5;3m +1ms[39m
[32m[Nest] 7140  - [39m08/06/2026, 2:04:13 PM [32m    LOG[39m [38;5;3m[RouterExplorer] [39m[32mMapped {/proctor/attempt/:attemptId/resolve-incident, POST} route[39m[38;5;3m +0ms[39m
[32m[Nest] 7140  - [39m08/06/2026, 2:04:13 PM [32m    LOG[39m [38;5;3m[RoutesResolver] [39m[32mEssayController {/essay}:[39m[38;5;3m +0ms[39m
[32m[Nest] 7140  - [39m08/06/2026, 2:04:13 PM [32m    LOG[39m [38;5;3m[RouterExplorer] [39m[32mMapped {/essay/questions/:questionId/rubric, GET} route[39m[38;5;3m +1ms[39m
[32m[Nest] 7140  - [39m08/06/2026, 2:04:13 PM [32m    LOG[39m [38;5;3m[RouterExplorer] [39m[32mMapped {/essay/questions/:questionId/rubric, POST} route[39m[38;5;3m +0ms[39m
[32m[Nest] 7140  - [39m08/06/2026, 2:04:13 PM [32m    LOG[39m [38;5;3m[RouterExplorer] [39m[32mMapped {/essay/grading/assignments, GET} route[39m[38;5;3m +0ms[39m
[32m[Nest] 7140  - [39m08/06/2026, 2:04:13 PM [32m    LOG[39m [38;5;3m[RouterExplorer] [39m[32mMapped {/essay/grading/attempts/:attemptId, GET} route[39m[38;5;3m +0ms[39m
[32m[Nest] 7140  - [39m08/06/2026, 2:04:13 PM [32m    LOG[39m [38;5;3m[RouterExplorer] [39m[32mMapped {/essay/grading/answers/:answerId, PATCH} route[39m[38;5;3m +0ms[39m
[32m[Nest] 7140  - [39m08/06/2026, 2:04:13 PM [32m    LOG[39m [38;5;3m[RouterExplorer] [39m[32mMapped {/essay/grading/attempts/:attemptId/submit, POST} route[39m[38;5;3m +1ms[39m
[32m[Nest] 7140  - [39m08/06/2026, 2:04:13 PM [32m    LOG[39m [38;5;3m[RouterExplorer] [39m[32mMapped {/essay/grading/attempts/:attemptId/approve, POST} route[39m[38;5;3m +0ms[39m
[32m[Nest] 7140  - [39m08/06/2026, 2:04:13 PM [32m    LOG[39m [38;5;3m[RouterExplorer] [39m[32mMapped {/essay/grading/attempts/:attemptId/publish, POST} route[39m[38;5;3m +0ms[39m
[32m[Nest] 7140  - [39m08/06/2026, 2:04:13 PM [32m    LOG[39m [38;5;3m[RouterExplorer] [39m[32mMapped {/essay/grading/attempts/:attemptId/reopen, POST} route[39m[38;5;3m +1ms[39m
[32m[Nest] 7140  - [39m08/06/2026, 2:04:13 PM [32m    LOG[39m [38;5;3m[RouterExplorer] [39m[32mMapped {/essay/grading/attempts/:attemptId/extend-time, POST} route[39m[38;5;3m +0ms[39m
[32m[Nest] 7140  - [39m08/06/2026, 2:04:13 PM [32m    LOG[39m [38;5;3m[RouterExplorer] [39m[32mMapped {/essay/grading/attempts/:attemptId/penalty, POST} route[39m[38;5;3m +1ms[39m
[32m[Nest] 7140  - [39m08/06/2026, 2:04:13 PM [32m    LOG[39m [38;5;3m[RouterExplorer] [39m[32mMapped {/essay/attempt/:token/answers/:questionId/files, POST} route[39m[38;5;3m +0ms[39m
[32m[Nest] 7140  - [39m08/06/2026, 2:04:13 PM [32m    LOG[39m [38;5;3m[RoutesResolver] [39m[32mEssayGradingController {/essay-grading}:[39m[38;5;3m +0ms[39m
[32m[Nest] 7140  - [39m08/06/2026, 2:04:13 PM [32m    LOG[39m [38;5;3m[RouterExplorer] [39m[32mMapped {/essay-grading/assignments, GET} route[39m[38;5;3m +1ms[39m
[32m[Nest] 7140  - [39m08/06/2026, 2:04:13 PM [32m    LOG[39m [38;5;3m[RouterExplorer] [39m[32mMapped {/essay-grading/attempts/:attemptId, GET} route[39m[38;5;3m +0ms[39m
[32m[Nest] 7140  - [39m08/06/2026, 2:04:13 PM [32m    LOG[39m [38;5;3m[RouterExplorer] [39m[32mMapped {/essay-grading/answers/:answerId, PATCH} route[39m[38;5;3m +0ms[39m
[32m[Nest] 7140  - [39m08/06/2026, 2:04:13 PM [32m    LOG[39m [38;5;3m[RouterExplorer] [39m[32mMapped {/essay-grading/answers/:answerId/ai-suggest, POST} route[39m[38;5;3m +0ms[39m
[32m[Nest] 7140  - [39m08/06/2026, 2:04:13 PM [32m    LOG[39m [38;5;3m[RouterExplorer] [39m[32mMapped {/essay-grading/attempts/:attemptId/submit, POST} route[39m[38;5;3m +1ms[39m
[32m[Nest] 7140  - [39m08/06/2026, 2:04:13 PM [32m    LOG[39m [38;5;3m[RouterExplorer] [39m[32mMapped {/essay-grading/attempts/:attemptId/approve, POST} route[39m[38;5;3m +0ms[39m
[32m[Nest] 7140  - [39m08/06/2026, 2:04:13 PM [32m    LOG[39m [38;5;3m[RouterExplorer] [39m[32mMapped {/essay-grading/attempts/:attemptId/publish, POST} route[39m[38;5;3m +0ms[39m
[32m[Nest] 7140  - [39m08/06/2026, 2:04:13 PM [32m    LOG[39m [38;5;3m[RouterExplorer] [39m[32mMapped {/essay-grading/attempts/:attemptId/reopen, POST} route[39m[38;5;3m +0ms[39m
[32m[Nest] 7140  - [39m08/06/2026, 2:04:13 PM [32m    LOG[39m [38;5;3m[RouterExplorer] [39m[32mMapped {/essay-grading/attempts/:attemptId/extend-time, POST} route[39m[38;5;3m +0ms[39m
[32m[Nest] 7140  - [39m08/06/2026, 2:04:13 PM [32m    LOG[39m [38;5;3m[RouterExplorer] [39m[32mMapped {/essay-grading/attempts/:attemptId/penalty, POST} route[39m[38;5;3m +1ms[39m
[32m[Nest] 7140  - [39m08/06/2026, 2:04:13 PM [32m    LOG[39m [38;5;3m[RoutesResolver] [39m[32mEssayConfigController {/online-exam-config}:[39m[38;5;3m +0ms[39m
[32m[Nest] 7140  - [39m08/06/2026, 2:04:13 PM [32m    LOG[39m [38;5;3m[RouterExplorer] [39m[32mMapped {/online-exam-config/:scheduleId/essay, PATCH} route[39m[38;5;3m +0ms[39m
[32m[Nest] 7140  - [39m08/06/2026, 2:04:13 PM [32m    LOG[39m [38;5;3m[RoutesResolver] [39m[32mContactController {/contact}:[39m[38;5;3m +0ms[39m
[32m[Nest] 7140  - [39m08/06/2026, 2:04:13 PM [32m    LOG[39m [38;5;3m[RouterExplorer] [39m[32mMapped {/contact/send, POST} route[39m[38;5;3m +1ms[39m
[32m[Nest] 7140  - [39m08/06/2026, 2:04:13 PM [32m    LOG[39m [38;5;3m[RoutesResolver] [39m[32mAiController {/ai}:[39m[38;5;3m +0ms[39m
[32m[Nest] 7140  - [39m08/06/2026, 2:04:13 PM [32m    LOG[39m [38;5;3m[RouterExplorer] [39m[32mMapped {/ai/status, GET} route[39m[38;5;3m +0ms[39m
[32m[Nest] 7140  - [39m08/06/2026, 2:04:13 PM [32m    LOG[39m [38;5;3m[RouterExplorer] [39m[32mMapped {/ai/grade-essay, POST} route[39m[38;5;3m +0ms[39m
[32m[Nest] 7140  - [39m08/06/2026, 2:04:13 PM [32m    LOG[39m [38;5;3m[RouterExplorer] [39m[32mMapped {/ai/generate-questions, POST} route[39m[38;5;3m +0ms[39m
[32m[Nest] 7140  - [39m08/06/2026, 2:04:13 PM [32m    LOG[39m [38;5;3m[NestApplication] [39m[32mNest application successfully started[39m[38;5;3m +234ms[39m
[31m[Nest] 7140  - [39m08/06/2026, 2:04:13 PM [31m  ERROR[39m [38;5;3m[NestApplication] [39m[31mError: listen EADDRINUSE: address already in use :::3001[39m[38;5;3m +5ms[39m
node:net:2009
    const ex = new UVExceptionWithHostPort(err, 'listen', address, port);
               ^

Error: listen EADDRINUSE: address already in use :::3001
    at Server.setupListenHandle [as _listen2] (node:net:2009:16)
    at listenInCluster (node:net:2066:12)
    at Server.listen (node:net:2171:7)
    at ExpressAdapter.listen (C:\Users\loiho\.gemini\antigravity-ide\scratch\exam-management\backend\node_modules\@nestjs\platform-express\adapters\express-adapter.js:95:32)
    at C:\Users\loiho\.gemini\antigravity-ide\scratch\exam-management\backend\node_modules\@nestjs\core\nest-application.js:183:30
    at new Promise (<anonymous>)
    at NestApplication.listen (C:\Users\loiho\.gemini\antigravity-ide\scratch\exam-management\backend\node_modules\@nestjs\core\nest-application.js:173:16)
    at async bootstrap (C:\Users\loiho\.gemini\antigravity-ide\scratch\exam-management\backend\src\main.ts:32:3) {
  code: 'EADDRINUSE',
  errno: -4091,
  syscall: 'listen',
  address: '::',
  port: 3001
}

Node.js v24.18.1
[2J[3J[H[[90m2:05:22 PM[0m] File change detected. Starting incremental compilation...

[96msrc/questions/ai.service.ts[0m:[93m139[0m:[93m18[0m - [91merror[0m[90m TS2304: [0mCannot find name 'repairAndParseJson'.

[7m139[0m         parsed = repairAndParseJson(raw);
[7m   [0m [91m                 ~~~~~~~~~~~~~~~~~~[0m

[[90m2:05:26 PM[0m] Found 1 error. Watching for file changes.

[2J[3J[H[[90m2:05:33 PM[0m] File change detected. Starting incremental compilation...

[[90m2:05:34 PM[0m] Found 0 errors. Watching for file changes.

[32m[Nest] 21076  - [39m08/06/2026, 2:05:43 PM [32m    LOG[39m [38;5;3m[NestFactory] [39m[32mStarting Nest application...[39m
[32m[Nest] 21076  - [39m08/06/2026, 2:05:43 PM [32m    LOG[39m [38;5;3m[InstanceLoader] [39m[32mAppModule dependencies initialized[39m[38;5;3m +65ms[39m
[32m[Nest] 21076  - [39m08/06/2026, 2:05:43 PM [32m    LOG[39m [38;5;3m[InstanceLoader] [39m[32mPrismaModule dependencies initialized[39m[38;5;3m +5ms[39m
[32m[Nest] 21076  - [39m08/06/2026, 2:05:43 PM [32m    LOG[39m [38;5;3m[InstanceLoader] [39m[32mPassportModule dependencies initialized[39m[38;5;3m +1ms[39m
[32m[Nest] 21076  - [39m08/06/2026, 2:05:43 PM [32m    LOG[39m [38;5;3m[InstanceLoader] [39m[32mSecurityModule dependencies initialized[39m[38;5;3m +8ms[39m
[32m[Nest] 21076  - [39m08/06/2026, 2:05:43 PM [32m    LOG[39m [38;5;3m[InstanceLoader] [39m[32mAuditModule dependencies initialized[39m[38;5;3m +1ms[39m
[32m[Nest] 21076  - [39m08/06/2026, 2:05:43 PM [32m    LOG[39m [38;5;3m[InstanceLoader] [39m[32mConfigHostModule dependencies initialized[39m[38;5;3m +0ms[39m
[32m[Nest] 21076  - [39m08/06/2026, 2:05:43 PM [32m    LOG[39m [38;5;3m[InstanceLoader] [39m[32mJwtModule dependencies initialized[39m[38;5;3m +0ms[39m
[32m[Nest] 21076  - [39m08/06/2026, 2:05:43 PM [32m    LOG[39m [38;5;3m[InstanceLoader] [39m[32mConfigModule dependencies initialized[39m[38;5;3m +5ms[39m
[32m[Nest] 21076  - [39m08/06/2026, 2:05:43 PM [32m    LOG[39m [38;5;3m[InstanceLoader] [39m[32mConfigModule dependencies initialized[39m[38;5;3m +0ms[39m
[32m[Nest] 21076  - [39m08/06/2026, 2:05:43 PM [32m    LOG[39m [38;5;3m[InstanceLoader] [39m[32mUsersModule dependencies initialized[39m[38;5;3m +8ms[39m
[32m[Nest] 21076  - [39m08/06/2026, 2:05:43 PM [32m    LOG[39m [38;5;3m[InstanceLoader] [39m[32mDepartmentsModule dependencies initialized[39m[38;5;3m +0ms[39m
[32m[Nest] 21076  - [39m08/06/2026, 2:05:43 PM [32m    LOG[39m [38;5;3m[InstanceLoader] [39m[32mClassesModule dependencies initialized[39m[38;5;3m +0ms[39m
[32m[Nest] 21076  - [39m08/06/2026, 2:05:43 PM [32m    LOG[39m [38;5;3m[InstanceLoader] [39m[32mStudentsModule dependencies initialized[39m[38;5;3m +3ms[39m
[32m[Nest] 21076  - [39m08/06/2026, 2:05:43 PM [32m    LOG[39m [38;5;3m[InstanceLoader] [39m[32mSubjectsModule dependencies initialized[39m[38;5;3m +0ms[39m
[32m[Nest] 21076  - [39m08/06/2026, 2:05:43 PM [32m    LOG[39m [38;5;3m[InstanceLoader] [39m[32mDashboardModule dependencies initialized[39m[38;5;3m +0ms[39m
[32m[Nest] 21076  - [39m08/06/2026, 2:05:43 PM [32m    LOG[39m [38;5;3m[InstanceLoader] [39m[32mContactModule dependencies initialized[39m[38;5;3m +0ms[39m
[32m[Nest] 21076  - [39m08/06/2026, 2:05:43 PM [32m    LOG[39m [38;5;3m[InstanceLoader] [39m[32mProctorModule dependencies initialized[39m[38;5;3m +1ms[39m
[32m[Nest] 21076  - [39m08/06/2026, 2:05:43 PM [32m    LOG[39m [38;5;3m[InstanceLoader] [39m[32mTeachersModule dependencies initialized[39m[38;5;3m +0ms[39m
[32m[Nest] 21076  - [39m08/06/2026, 2:05:43 PM [32m    LOG[39m [38;5;3m[InstanceLoader] [39m[32mExamRoomsModule dependencies initialized[39m[38;5;3m +0ms[39m
[32m[Nest] 21076  - [39m08/06/2026, 2:05:43 PM [32m    LOG[39m [38;5;3m[InstanceLoader] [39m[32mExamPeriodsModule dependencies initialized[39m[38;5;3m +0ms[39m
[32m[Nest] 21076  - [39m08/06/2026, 2:05:43 PM [32m    LOG[39m [38;5;3m[InstanceLoader] [39m[32mExamSchedulesModule dependencies initialized[39m[38;5;3m +0ms[39m
[32m[Nest] 21076  - [39m08/06/2026, 2:05:43 PM [32m    LOG[39m [38;5;3m[InstanceLoader] [39m[32mExamArrangementModule dependencies initialized[39m[38;5;3m +1ms[39m
[32m[Nest] 21076  - [39m08/06/2026, 2:05:43 PM [32m    LOG[39m [38;5;3m[InstanceLoader] [39m[32mExamSupervisorsModule dependencies initialized[39m[38;5;3m +0ms[39m
[32m[Nest] 21076  - [39m08/06/2026, 2:05:43 PM [32m    LOG[39m [38;5;3m[InstanceLoader] [39m[32mQuestionsModule dependencies initialized[39m[38;5;3m +0ms[39m
[32m[Nest] 21076  - [39m08/06/2026, 2:05:43 PM [32m    LOG[39m [38;5;3m[InstanceLoader] [39m[32mExamPapersModule dependencies initialized[39m[38;5;3m +0ms[39m
[32m[Nest] 21076  - [39m08/06/2026, 2:05:43 PM [32m    LOG[39m [38;5;3m[InstanceLoader] [39m[32mEssayModule dependencies initialized[39m[38;5;3m +0ms[39m
[32m[Nest] 21076  - [39m08/06/2026, 2:05:43 PM [32m    LOG[39m [38;5;3m[InstanceLoader] [39m[32mOnlineExamsModule dependencies initialized[39m[38;5;3m +0ms[39m
[32m[Nest] 21076  - [39m08/06/2026, 2:05:43 PM [32m    LOG[39m [38;5;3m[InstanceLoader] [39m[32mAuthModule dependencies initialized[39m[38;5;3m +0ms[39m
[32m[Nest] 21076  - [39m08/06/2026, 2:05:43 PM [32m    LOG[39m [38;5;3m[InstanceLoader] [39m[32mAiModule dependencies initialized[39m[38;5;3m +0ms[39m
[32m[Nest] 21076  - [39m08/06/2026, 2:05:44 PM [32m    LOG[39m [38;5;3m[RoutesResolver] [39m[32mAuthController {/auth}:[39m[38;5;3m +10ms[39m
[32m[Nest] 21076  - [39m08/06/2026, 2:05:44 PM [32m    LOG[39m [38;5;3m[RouterExplorer] [39m[32mMapped {/auth/login, POST} route[39m[38;5;3m +7ms[39m
[32m[Nest] 21076  - [39m08/06/2026, 2:05:44 PM [32m    LOG[39m [38;5;3m[RouterExplorer] [39m[32mMapped {/auth/profile, GET} route[39m[38;5;3m +1ms[39m
[32m[Nest] 21076  - [39m08/06/2026, 2:05:44 PM [32m    LOG[39m [38;5;3m[RouterExplorer] [39m[32mMapped {/auth/change-password, POST} route[39m[38;5;3m +2ms[39m
[32m[Nest] 21076  - [39m08/06/2026, 2:05:44 PM [32m    LOG[39m [38;5;3m[RouterExplorer] [39m[32mMapped {/auth/profile, POST} route[39m[38;5;3m +1ms[39m
[32m[Nest] 21076  - [39m08/06/2026, 2:05:44 PM [32m    LOG[39m [38;5;3m[RoutesResolver] [39m[32mUsersController {/users}:[39m[38;5;3m +0ms[39m
[32m[Nest] 21076  - [39m08/06/2026, 2:05:44 PM [32m    LOG[39m [38;5;3m[RouterExplorer] [39m[32mMapped {/users/dashboard-stats, GET} route[39m[38;5;3m +0ms[39m
[32m[Nest] 21076  - [39m08/06/2026, 2:05:44 PM [32m    LOG[39m [38;5;3m[RouterExplorer] [39m[32mMapped {/users, GET} route[39m[38;5;3m +1ms[39m
[32m[Nest] 21076  - [39m08/06/2026, 2:05:44 PM [32m    LOG[39m [38;5;3m[RouterExplorer] [39m[32mMapped {/users/:id, GET} route[39m[38;5;3m +1ms[39m
[32m[Nest] 21076  - [39m08/06/2026, 2:05:44 PM [32m    LOG[39m [38;5;3m[RoutesResolver] [39m[32mDepartmentsController {/departments}:[39m[38;5;3m +1ms[39m
[32m[Nest] 21076  - [39m08/06/2026, 2:05:44 PM [32m    LOG[39m [38;5;3m[RouterExplorer] [39m[32mMapped {/departments, GET} route[39m[38;5;3m +1ms[39m
[32m[Nest] 21076  - [39m08/06/2026, 2:05:44 PM [32m    LOG[39m [38;5;3m[RouterExplorer] [39m[32mMapped {/departments/:id/curriculum, GET} route[39m[38;5;3m +2ms[39m
[32m[Nest] 21076  - [39m08/06/2026, 2:05:44 PM [32m    LOG[39m [38;5;3m[RouterExplorer] [39m[32mMapped {/departments/:id, GET} route[39m[38;5;3m +1ms[39m
[32m[Nest] 21076  - [39m08/06/2026, 2:05:44 PM [32m    LOG[39m [38;5;3m[RouterExplorer] [39m[32mMapped {/departments, POST} route[39m[38;5;3m +4ms[39m
[32m[Nest] 21076  - [39m08/06/2026, 2:05:44 PM [32m    LOG[39m [38;5;3m[RouterExplorer] [39m[32mMapped {/departments/:id/curriculum, POST} route[39m[38;5;3m +6ms[39m
[32m[Nest] 21076  - [39m08/06/2026, 2:05:44 PM [32m    LOG[39m [38;5;3m[RouterExplorer] [39m[32mMapped {/departments/:id, PATCH} route[39m[38;5;3m +3ms[39m
[32m[Nest] 21076  - [39m08/06/2026, 2:05:44 PM [32m    LOG[39m [38;5;3m[RouterExplorer] [39m[32mMapped {/departments/:id/curriculum/:subjectId, DELETE} route[39m[38;5;3m +2ms[39m
[32m[Nest] 21076  - [39m08/06/2026, 2:05:44 PM [32m    LOG[39m [38;5;3m[RouterExplorer] [39m[32mMapped {/departments/:id, DELETE} route[39m[38;5;3m +1ms[39m
[32m[Nest] 21076  - [39m08/06/2026, 2:05:44 PM [32m    LOG[39m [38;5;3m[RoutesResolver] [39m[32mClassesController {/classes}:[39m[38;5;3m +1ms[39m
[32m[Nest] 21076  - [39m08/06/2026, 2:05:44 PM [32m    LOG[39m [38;5;3m[RouterExplorer] [39m[32mMapped {/classes, GET} route[39m[38;5;3m +1ms[39m
[32m[Nest] 21076  - [39m08/06/2026, 2:05:44 PM [32m    LOG[39m [38;5;3m[RouterExplorer] [39m[32mMapped {/classes/:id, GET} route[39m[38;5;3m +0ms[39m
[32m[Nest] 21076  - [39m08/06/2026, 2:05:44 PM [32m    LOG[39m [38;5;3m[RouterExplorer] [39m[32mMapped {/classes, POST} route[39m[38;5;3m +1ms[39m
[32m[Nest] 21076  - [39m08/06/2026, 2:05:44 PM [32m    LOG[39m [38;5;3m[RouterExplorer] [39m[32mMapped {/classes/:id, PATCH} route[39m[38;5;3m +0ms[39m
[32m[Nest] 21076  - [39m08/06/2026, 2:05:44 PM [32m    LOG[39m [38;5;3m[RouterExplorer] [39m[32mMapped {/classes/:id, DELETE} route[39m[38;5;3m +1ms[39m
[32m[Nest] 21076  - [39m08/06/2026, 2:05:44 PM [32m    LOG[39m [38;5;3m[RoutesResolver] [39m[32mStudentsController {/students}:[39m[38;5;3m +1ms[39m
[32m[Nest] 21076  - [39m08/06/2026, 2:05:44 PM [32m    LOG[39m [38;5;3m[RouterExplorer] [39m[32mMapped {/students/my-schedule, GET} route[39m[38;5;3m +0ms[39m
[32m[Nest] 21076  - [39m08/06/2026, 2:05:44 PM [32m    LOG[39m [38;5;3m[RouterExplorer] [39m[32mMapped {/students/my-curriculum, GET} route[39m[38;5;3m +0ms[39m
[32m[Nest] 21076  - [39m08/06/2026, 2:05:44 PM [32m    LOG[39m [38;5;3m[RouterExplorer] [39m[32mMapped {/students, GET} route[39m[38;5;3m +1ms[39m
[32m[Nest] 21076  - [39m08/06/2026, 2:05:44 PM [32m    LOG[39m [38;5;3m[RouterExplorer] [39m[32mMapped {/students/:id, GET} route[39m[38;5;3m +0ms[39m
[32m[Nest] 21076  - [39m08/06/2026, 2:05:44 PM [32m    LOG[39m [38;5;3m[RouterExplorer] [39m[32mMapped {/students, POST} route[39m[38;5;3m +0ms[39m
[32m[Nest] 21076  - [39m08/06/2026, 2:05:44 PM [32m    LOG[39m [38;5;3m[RouterExplorer] [39m[32mMapped {/students/:id, PATCH} route[39m[38;5;3m +0ms[39m
[32m[Nest] 21076  - [39m08/06/2026, 2:05:44 PM [32m    LOG[39m [38;5;3m[RouterExplorer] [39m[32mMapped {/students/:id, DELETE} route[39m[38;5;3m +1ms[39m
[32m[Nest] 21076  - [39m08/06/2026, 2:05:44 PM [32m    LOG[39m [38;5;3m[RoutesResolver] [39m[32mTeachersController {/teachers}:[39m[38;5;3m +0ms[39m
[32m[Nest] 21076  - [39m08/06/2026, 2:05:44 PM [32m    LOG[39m [38;5;3m[RouterExplorer] [39m[32mMapped {/teachers/my-assignments, GET} route[39m[38;5;3m +1ms[39m
[32m[Nest] 21076  - [39m08/06/2026, 2:05:44 PM [32m    LOG[39m [38;5;3m[RouterExplorer] [39m[32mMapped {/teachers/my-assignments/:id/status, PATCH} route[39m[38;5;3m +1ms[39m
[32m[Nest] 21076  - [39m08/06/2026, 2:05:44 PM [32m    LOG[39m [38;5;3m[RouterExplorer] [39m[32mMapped {/teachers/my-assignments/:id/attendance-sheet, GET} route[39m[38;5;3m +1ms[39m
[32m[Nest] 21076  - [39m08/06/2026, 2:05:44 PM [32m    LOG[39m [38;5;3m[RouterExplorer] [39m[32mMapped {/teachers, GET} route[39m[38;5;3m +0ms[39m
[32m[Nest] 21076  - [39m08/06/2026, 2:05:44 PM [32m    LOG[39m [38;5;3m[RouterExplorer] [39m[32mMapped {/teachers/:id/lock, POST} route[39m[38;5;3m +0ms[39m
[32m[Nest] 21076  - [39m08/06/2026, 2:05:44 PM [32m    LOG[39m [38;5;3m[RouterExplorer] [39m[32mMapped {/teachers/:id/unlock, POST} route[39m[38;5;3m +1ms[39m
[32m[Nest] 21076  - [39m08/06/2026, 2:05:44 PM [32m    LOG[39m [38;5;3m[RouterExplorer] [39m[32mMapped {/teachers/:id, GET} route[39m[38;5;3m +0ms[39m
[32m[Nest] 21076  - [39m08/06/2026, 2:05:44 PM [32m    LOG[39m [38;5;3m[RouterExplorer] [39m[32mMapped {/teachers, POST} route[39m[38;5;3m +0ms[39m
[32m[Nest] 21076  - [39m08/06/2026, 2:05:44 PM [32m    LOG[39m [38;5;3m[RouterExplorer] [39m[32mMapped {/teachers/:id, PATCH} route[39m[38;5;3m +1ms[39m
[32m[Nest] 21076  - [39m08/06/2026, 2:05:44 PM [32m    LOG[39m [38;5;3m[RouterExplorer] [39m[32mMapped {/teachers/:id, DELETE} route[39m[38;5;3m +6ms[39m
[32m[Nest] 21076  - [39m08/06/2026, 2:05:44 PM [32m    LOG[39m [38;5;3m[RoutesResolver] [39m[32mSubjectsController {/subjects}:[39m[38;5;3m +0ms[39m
[32m[Nest] 21076  - [39m08/06/2026, 2:05:44 PM [32m    LOG[39m [38;5;3m[RouterExplorer] [39m[32mMapped {/subjects, GET} route[39m[38;5;3m +2ms[39m
[32m[Nest] 21076  - [39m08/06/2026, 2:05:44 PM [32m    LOG[39m [38;5;3m[RouterExplorer] [39m[32mMapped {/subjects/:id, GET} route[39m[38;5;3m +1ms[39m
[32m[Nest] 21076  - [39m08/06/2026, 2:05:44 PM [32m    LOG[39m [38;5;3m[RouterExplorer] [39m[32mMapped {/subjects/:id/chapters, GET} route[39m[38;5;3m +0ms[39m
[32m[Nest] 21076  - [39m08/06/2026, 2:05:44 PM [32m    LOG[39m [38;5;3m[RouterExplorer] [39m[32mMapped {/subjects/:id/enrollments, GET} route[39m[38;5;3m +0ms[39m
[32m[Nest] 21076  - [39m08/06/2026, 2:05:44 PM [32m    LOG[39m [38;5;3m[RouterExplorer] [39m[32mMapped {/subjects/:id/enroll-students, POST} route[39m[38;5;3m +0ms[39m
[32m[Nest] 21076  - [39m08/06/2026, 2:05:44 PM [32m    LOG[39m [38;5;3m[RouterExplorer] [39m[32mMapped {/subjects, POST} route[39m[38;5;3m +1ms[39m
[32m[Nest] 21076  - [39m08/06/2026, 2:05:44 PM [32m    LOG[39m [38;5;3m[RouterExplorer] [39m[32mMapped {/subjects/:id, PATCH} route[39m[38;5;3m +0ms[39m
[32m[Nest] 21076  - [39m08/06/2026, 2:05:44 PM [32m    LOG[39m [38;5;3m[RouterExplorer] [39m[32mMapped {/subjects/:id, DELETE} route[39m[38;5;3m +1ms[39m
[32m[Nest] 21076  - [39m08/06/2026, 2:05:44 PM [32m    LOG[39m [38;5;3m[RoutesResolver] [39m[32mExamRoomsController {/exam-rooms}:[39m[38;5;3m +0ms[39m
[32m[Nest] 21076  - [39m08/06/2026, 2:05:44 PM [32m    LOG[39m [38;5;3m[RouterExplorer] [39m[32mMapped {/exam-rooms, GET} route[39m[38;5;3m +6ms[39m
[32m[Nest] 21076  - [39m08/06/2026, 2:05:44 PM [32m    LOG[39m [38;5;3m[RouterExplorer] [39m[32mMapped {/exam-rooms/:id, GET} route[39m[38;5;3m +1ms[39m
[32m[Nest] 21076  - [39m08/06/2026, 2:05:44 PM [32m    LOG[39m [38;5;3m[RouterExplorer] [39m[32mMapped {/exam-rooms/:id/lock, POST} route[39m[38;5;3m +0ms[39m
[32m[Nest] 21076  - [39m08/06/2026, 2:05:44 PM [32m    LOG[39m [38;5;3m[RouterExplorer] [39m[32mMapped {/exam-rooms/:id/unlock, POST} route[39m[38;5;3m +0ms[39m
[32m[Nest] 21076  - [39m08/06/2026, 2:05:44 PM [32m    LOG[39m [38;5;3m[RouterExplorer] [39m[32mMapped {/exam-rooms, POST} route[39m[38;5;3m +1ms[39m
[32m[Nest] 21076  - [39m08/06/2026, 2:05:44 PM [32m    LOG[39m [38;5;3m[RouterExplorer] [39m[32mMapped {/exam-rooms/:id, PATCH} route[39m[38;5;3m +0ms[39m
[32m[Nest] 21076  - [39m08/06/2026, 2:05:44 PM [32m    LOG[39m [38;5;3m[RouterExplorer] [39m[32mMapped {/exam-rooms/:id, DELETE} route[39m[38;5;3m +0ms[39m
[32m[Nest] 21076  - [39m08/06/2026, 2:05:44 PM [32m    LOG[39m [38;5;3m[RoutesResolver] [39m[32mExamPeriodsController {/exam-periods}:[39m[38;5;3m +0ms[39m
[32m[Nest] 21076  - [39m08/06/2026, 2:05:44 PM [32m    LOG[39m [38;5;3m[RouterExplorer] [39m[32mMapped {/exam-periods, GET} route[39m[38;5;3m +1ms[39m
[32m[Nest] 21076  - [39m08/06/2026, 2:05:44 PM [32m    LOG[39m [38;5;3m[RouterExplorer] [39m[32mMapped {/exam-periods/:id, GET} route[39m[38;5;3m +0ms[39m
[32m[Nest] 21076  - [39m08/06/2026, 2:05:44 PM [32m    LOG[39m [38;5;3m[RouterExplorer] [39m[32mMapped {/exam-periods, POST} route[39m[38;5;3m +2ms[39m
[32m[Nest] 21076  - [39m08/06/2026, 2:05:44 PM [32m    LOG[39m [38;5;3m[RouterExplorer] [39m[32mMapped {/exam-periods/:id, PATCH} route[39m[38;5;3m +1ms[39m
[32m[Nest] 21076  - [39m08/06/2026, 2:05:44 PM [32m    LOG[39m [38;5;3m[RouterExplorer] [39m[32mMapped {/exam-periods/:id, DELETE} route[39m[38;5;3m +0ms[39m
[32m[Nest] 21076  - [39m08/06/2026, 2:05:44 PM [32m    LOG[39m [38;5;3m[RouterExplorer] [39m[32mMapped {/exam-periods/:id/lock, POST} route[39m[38;5;3m +1ms[39m
[32m[Nest] 21076  - [39m08/06/2026, 2:05:44 PM [32m    LOG[39m [38;5;3m[RouterExplorer] [39m[32mMapped {/exam-periods/:id/unlock, POST} route[39m[38;5;3m +0ms[39m
[32m[Nest] 21076  - [39m08/06/2026, 2:05:44 PM [32m    LOG[39m [38;5;3m[RoutesResolver] [39m[32mExamSchedulesController {/exam-schedules}:[39m[38;5;3m +0ms[39m
[32m[Nest] 21076  - [39m08/06/2026, 2:05:44 PM [32m    LOG[39m [38;5;3m[RouterExplorer] [39m[32mMapped {/exam-schedules, GET} route[39m[38;5;3m +1ms[39m
[32m[Nest] 21076  - [39m08/06/2026, 2:05:44 PM [32m    LOG[39m [38;5;3m[RouterExplorer] [39m[32mMapped {/exam-schedules/conflicts, GET} route[39m[38;5;3m +0ms[39m
[32m[Nest] 21076  - [39m08/06/2026, 2:05:44 PM [32m    LOG[39m [38;5;3m[RouterExplorer] [39m[32mMapped {/exam-schedules/trash, GET} route[39m[38;5;3m +0ms[39m
[32m[Nest] 21076  - [39m08/06/2026, 2:05:44 PM [32m    LOG[39m [38;5;3m[RouterExplorer] [39m[32mMapped {/exam-schedules/auto-preview, POST} route[39m[38;5;3m +1ms[39m
[32m[Nest] 21076  - [39m08/06/2026, 2:05:44 PM [32m    LOG[39m [38;5;3m[RouterExplorer] [39m[32mMapped {/exam-schedules/auto-apply, POST} route[39m[38;5;3m +0ms[39m
[32m[Nest] 21076  - [39m08/06/2026, 2:05:44 PM [32m    LOG[39m [38;5;3m[RouterExplorer] [39m[32mMapped {/exam-schedules/:id/lock, POST} route[39m[38;5;3m +0ms[39m
[32m[Nest] 21076  - [39m08/06/2026, 2:05:44 PM [32m    LOG[39m [38;5;3m[RouterExplorer] [39m[32mMapped {/exam-schedules/:id/unlock, POST} route[39m[38;5;3m +1ms[39m
[32m[Nest] 21076  - [39m08/06/2026, 2:05:44 PM [32m    LOG[39m [38;5;3m[RouterExplorer] [39m[32mMapped {/exam-schedules/:id, GET} route[39m[38;5;3m +0ms[39m
[32m[Nest] 21076  - [39m08/06/2026, 2:05:44 PM [32m    LOG[39m [38;5;3m[RouterExplorer] [39m[32mMapped {/exam-schedules, POST} route[39m[38;5;3m +1ms[39m
[32m[Nest] 21076  - [39m08/06/2026, 2:05:44 PM [32m    LOG[39m [38;5;3m[RouterExplorer] [39m[32mMapped {/exam-schedules/:id, PATCH} route[39m[38;5;3m +0ms[39m
[32m[Nest] 21076  - [39m08/06/2026, 2:05:44 PM [32m    LOG[39m [38;5;3m[RouterExplorer] [39m[32mMapped {/exam-schedules/:id, DELETE} route[39m[38;5;3m +1ms[39m
[32m[Nest] 21076  - [39m08/06/2026, 2:05:44 PM [32m    LOG[39m [38;5;3m[RouterExplorer] [39m[32mMapped {/exam-schedules/:id/reopen-entry, POST} route[39m[38;5;3m +1ms[39m
[32m[Nest] 21076  - [39m08/06/2026, 2:05:44 PM [32m    LOG[39m [38;5;3m[RouterExplorer] [39m[32mMapped {/exam-schedules/:id/restore, POST} route[39m[38;5;3m +0ms[39m
[32m[Nest] 21076  - [39m08/06/2026, 2:05:44 PM [32m    LOG[39m [38;5;3m[RoutesResolver] [39m[32mExamArrangementController {/exam-arrangement}:[39m[38;5;3m +0ms[39m
[32m[Nest] 21076  - [39m08/06/2026, 2:05:44 PM [32m    LOG[39m [38;5;3m[RouterExplorer] [39m[32mMapped {/exam-arrangement/auto-arrange, POST} route[39m[38;5;3m +2ms[39m
[32m[Nest] 21076  - [39m08/06/2026, 2:05:44 PM [32m    LOG[39m [38;5;3m[RouterExplorer] [39m[32mMapped {/exam-arrangement/preview, POST} route[39m[38;5;3m +0ms[39m
[32m[Nest] 21076  - [39m08/06/2026, 2:05:44 PM [32m    LOG[39m [38;5;3m[RouterExplorer] [39m[32mMapped {/exam-arrangement/result, GET} route[39m[38;5;3m +0ms[39m
[32m[Nest] 21076  - [39m08/06/2026, 2:05:44 PM [32m    LOG[39m [38;5;3m[RouterExplorer] [39m[32mMapped {/exam-arrangement/room-availability, GET} route[39m[38;5;3m +1ms[39m
[32m[Nest] 21076  - [39m08/06/2026, 2:05:44 PM [32m    LOG[39m [38;5;3m[RouterExplorer] [39m[32mMapped {/exam-arrangement/reset/:examScheduleId, DELETE} route[39m[38;5;3m +1ms[39m
[32m[Nest] 21076  - [39m08/06/2026, 2:05:44 PM [32m    LOG[39m [38;5;3m[RouterExplorer] [39m[32mMapped {/exam-arrangement/history, GET} route[39m[38;5;3m +0ms[39m
[32m[Nest] 21076  - [39m08/06/2026, 2:05:44 PM [32m    LOG[39m [38;5;3m[RoutesResolver] [39m[32mExamSupervisorsController {/exam-supervisors}:[39m[38;5;3m +0ms[39m
[32m[Nest] 21076  - [39m08/06/2026, 2:05:44 PM [32m    LOG[39m [38;5;3m[RouterExplorer] [39m[32mMapped {/exam-supervisors/assign, POST} route[39m[38;5;3m +1ms[39m
[32m[Nest] 21076  - [39m08/06/2026, 2:05:44 PM [32m    LOG[39m [38;5;3m[RouterExplorer] [39m[32mMapped {/exam-supervisors/auto-preview, POST} route[39m[38;5;3m +0ms[39m
[32m[Nest] 21076  - [39m08/06/2026, 2:05:44 PM [32m    LOG[39m [38;5;3m[RouterExplorer] [39m[32mMapped {/exam-supervisors/auto-assign, POST} route[39m[38;5;3m +1ms[39m
[32m[Nest] 21076  - [39m08/06/2026, 2:05:44 PM [32m    LOG[39m [38;5;3m[RouterExplorer] [39m[32mMapped {/exam-supervisors, GET} route[39m[38;5;3m +1ms[39m
[32m[Nest] 21076  - [39m08/06/2026, 2:05:44 PM [32m    LOG[39m [38;5;3m[RouterExplorer] [39m[32mMapped {/exam-supervisors/:id/status, PATCH} route[39m[38;5;3m +6ms[39m
[32m[Nest] 21076  - [39m08/06/2026, 2:05:44 PM [32m    LOG[39m [38;5;3m[RouterExplorer] [39m[32mMapped {/exam-supervisors/:id, DELETE} route[39m[38;5;3m +1ms[39m
[32m[Nest] 21076  - [39m08/06/2026, 2:05:44 PM [32m    LOG[39m [38;5;3m[RoutesResolver] [39m[32mQuestionsController {/questions}:[39m[38;5;3m +0ms[39m
[32m[Nest] 21076  - [39m08/06/2026, 2:05:44 PM [32m    LOG[39m [38;5;3m[RouterExplorer] [39m[32mMapped {/questions, GET} route[39m[38;5;3m +1ms[39m
[32m[Nest] 21076  - [39m08/06/2026, 2:05:44 PM [32m    LOG[39m [38;5;3m[RouterExplorer] [39m[32mMapped {/questions/statistics, GET} route[39m[38;5;3m +0ms[39m
[32m[Nest] 21076  - [39m08/06/2026, 2:05:44 PM [32m    LOG[39m [38;5;3m[RouterExplorer] [39m[32mMapped {/questions/filter-options, GET} route[39m[38;5;3m +1ms[39m
[32m[Nest] 21076  - [39m08/06/2026, 2:05:44 PM [32m    LOG[39m [38;5;3m[RouterExplorer] [39m[32mMapped {/questions/import/template, GET} route[39m[38;5;3m +3ms[39m
[32m[Nest] 21076  - [39m08/06/2026, 2:05:44 PM [32m    LOG[39m [38;5;3m[RouterExplorer] [39m[32mMapped {/questions/media/preview, POST} route[39m[38;5;3m +1ms[39m
[32m[Nest] 21076  - [39m08/06/2026, 2:05:44 PM [32m    LOG[39m [38;5;3m[RouterExplorer] [39m[32mMapped {/questions/media/upload, POST} route[39m[38;5;3m +1ms[39m
[32m[Nest] 21076  - [39m08/06/2026, 2:05:44 PM [32m    LOG[39m [38;5;3m[RouterExplorer] [39m[32mMapped {/questions/media/:id, DELETE} route[39m[38;5;3m +0ms[39m
[32m[Nest] 21076  - [39m08/06/2026, 2:05:44 PM [32m    LOG[39m [38;5;3m[RouterExplorer] [39m[32mMapped {/questions/export, POST} route[39m[38;5;3m +0ms[39m
[32m[Nest] 21076  - [39m08/06/2026, 2:05:44 PM [32m    LOG[39m [38;5;3m[RouterExplorer] [39m[32mMapped {/questions/bulk-action, POST} route[39m[38;5;3m +1ms[39m
[32m[Nest] 21076  - [39m08/06/2026, 2:05:44 PM [32m    LOG[39m [38;5;3m[RouterExplorer] [39m[32mMapped {/questions/import/preview, POST} route[39m[38;5;3m +0ms[39m
[32m[Nest] 21076  - [39m08/06/2026, 2:05:44 PM [32m    LOG[39m [38;5;3m[RouterExplorer] [39m[32mMapped {/questions/import/confirm, POST} route[39m[38;5;3m +7ms[39m
[32m[Nest] 21076  - [39m08/06/2026, 2:05:44 PM [32m    LOG[39m [38;5;3m[RouterExplorer] [39m[32mMapped {/questions/ai-generate, POST} route[39m[38;5;3m +1ms[39m
[32m[Nest] 21076  - [39m08/06/2026, 2:05:44 PM [32m    LOG[39m [38;5;3m[RouterExplorer] [39m[32mMapped {/questions/ai-save, POST} route[39m[38;5;3m +1ms[39m
[32m[Nest] 21076  - [39m08/06/2026, 2:05:44 PM [32m    LOG[39m [38;5;3m[RouterExplorer] [39m[32mMapped {/questions/ai-extract-text, POST} route[39m[38;5;3m +1ms[39m
[32m[Nest] 21076  - [39m08/06/2026, 2:05:44 PM [32m    LOG[39m [38;5;3m[RouterExplorer] [39m[32mMapped {/questions, POST} route[39m[38;5;3m +1ms[39m
[32m[Nest] 21076  - [39m08/06/2026, 2:05:44 PM [32m    LOG[39m [38;5;3m[RouterExplorer] [39m[32mMapped {/questions/:id, GET} route[39m[38;5;3m +0ms[39m
[32m[Nest] 21076  - [39m08/06/2026, 2:05:44 PM [32m    LOG[39m [38;5;3m[RouterExplorer] [39m[32mMapped {/questions/:id, PATCH} route[39m[38;5;3m +3ms[39m
[32m[Nest] 21076  - [39m08/06/2026, 2:05:44 PM [32m    LOG[39m [38;5;3m[RouterExplorer] [39m[32mMapped {/questions/:id/duplicate, POST} route[39m[38;5;3m +2ms[39m
[32m[Nest] 21076  - [39m08/06/2026, 2:05:44 PM [32m    LOG[39m [38;5;3m[RouterExplorer] [39m[32mMapped {/questions/:id/submit, POST} route[39m[38;5;3m +0ms[39m
[32m[Nest] 21076  - [39m08/06/2026, 2:05:44 PM [32m    LOG[39m [38;5;3m[RouterExplorer] [39m[32mMapped {/questions/:id/approve, POST} route[39m[38;5;3m +1ms[39m
[32m[Nest] 21076  - [39m08/06/2026, 2:05:44 PM [32m    LOG[39m [38;5;3m[RouterExplorer] [39m[32mMapped {/questions/:id/reject, POST} route[39m[38;5;3m +0ms[39m
[32m[Nest] 21076  - [39m08/06/2026, 2:05:44 PM [32m    LOG[39m [38;5;3m[RouterExplorer] [39m[32mMapped {/questions/:id/archive, POST} route[39m[38;5;3m +1ms[39m
[32m[Nest] 21076  - [39m08/06/2026, 2:05:44 PM [32m    LOG[39m [38;5;3m[RouterExplorer] [39m[32mMapped {/questions/:id/restore, POST} route[39m[38;5;3m +0ms[39m
[32m[Nest] 21076  - [39m08/06/2026, 2:05:44 PM [32m    LOG[39m [38;5;3m[RouterExplorer] [39m[32mMapped {/questions/:id, DELETE} route[39m[38;5;3m +0ms[39m
[32m[Nest] 21076  - [39m08/06/2026, 2:05:44 PM [32m    LOG[39m [38;5;3m[RoutesResolver] [39m[32mExamPapersController {/exam-papers}:[39m[38;5;3m +0ms[39m
[32m[Nest] 21076  - [39m08/06/2026, 2:05:44 PM [32m    LOG[39m [38;5;3m[RouterExplorer] [39m[32mMapped {/exam-papers/create-random, POST} route[39m[38;5;3m +1ms[39m
[32m[Nest] 21076  - [39m08/06/2026, 2:05:44 PM [32m    LOG[39m [38;5;3m[RouterExplorer] [39m[32mMapped {/exam-papers/preview-random, POST} route[39m[38;5;3m +0ms[39m
[32m[Nest] 21076  - [39m08/06/2026, 2:05:44 PM [32m    LOG[39m [38;5;3m[RouterExplorer] [39m[32mMapped {/exam-papers, GET} route[39m[38;5;3m +2ms[39m
[32m[Nest] 21076  - [39m08/06/2026, 2:05:44 PM [32m    LOG[39m [38;5;3m[RouterExplorer] [39m[32mMapped {/exam-papers/:id, GET} route[39m[38;5;3m +1ms[39m
[32m[Nest] 21076  - [39m08/06/2026, 2:05:44 PM [32m    LOG[39m [38;5;3m[RouterExplorer] [39m[32mMapped {/exam-papers/:id/publish, POST} route[39m[38;5;3m +0ms[39m
[32m[Nest] 21076  - [39m08/06/2026, 2:05:44 PM [32m    LOG[39m [38;5;3m[RouterExplorer] [39m[32mMapped {/exam-papers/:id/archive, POST} route[39m[38;5;3m +0ms[39m
[32m[Nest] 21076  - [39m08/06/2026, 2:05:44 PM [32m    LOG[39m [38;5;3m[RouterExplorer] [39m[32mMapped {/exam-papers/:id/restore, POST} route[39m[38;5;3m +0ms[39m
[32m[Nest] 21076  - [39m08/06/2026, 2:05:44 PM [32m    LOG[39m [38;5;3m[RouterExplorer] [39m[32mMapped {/exam-papers/:id, DELETE} route[39m[38;5;3m +1ms[39m
[32m[Nest] 21076  - [39m08/06/2026, 2:05:44 PM [32m    LOG[39m [38;5;3m[RoutesResolver] [39m[32mDashboardController {/dashboard}:[39m[38;5;3m +0ms[39m
[32m[Nest] 21076  - [39m08/06/2026, 2:05:44 PM [32m    LOG[39m [38;5;3m[RouterExplorer] [39m[32mMapped {/dashboard/overview, GET} route[39m[38;5;3m +0ms[39m
[32m[Nest] 21076  - [39m08/06/2026, 2:05:44 PM [32m    LOG[39m [38;5;3m[RoutesResolver] [39m[32mOnlineExamsController {/online-exams}:[39m[38;5;3m +0ms[39m
[32m[Nest] 21076  - [39m08/06/2026, 2:05:44 PM [32m    LOG[39m [38;5;3m[RouterExplorer] [39m[32mMapped {/online-exams/schedule/:scheduleId/check-eligibility, GET} route[39m[38;5;3m +0ms[39m
[32m[Nest] 21076  - [39m08/06/2026, 2:05:44 PM [32m    LOG[39m [38;5;3m[RouterExplorer] [39m[32mMapped {/online-exams/schedule/:scheduleId/start, POST} route[39m[38;5;3m +1ms[39m
[32m[Nest] 21076  - [39m08/06/2026, 2:05:44 PM [32m    LOG[39m [38;5;3m[RouterExplorer] [39m[32mMapped {/online-exams/attempt/:token/questions, GET} route[39m[38;5;3m +0ms[39m
[32m[Nest] 21076  - [39m08/06/2026, 2:05:44 PM [32m    LOG[39m [38;5;3m[RouterExplorer] [39m[32mMapped {/online-exams/attempt/:token/answers/save, POST} route[39m[38;5;3m +0ms[39m
[32m[Nest] 21076  - [39m08/06/2026, 2:05:44 PM [32m    LOG[39m [38;5;3m[RouterExplorer] [39m[32mMapped {/online-exams/attempt/:token/heartbeat, POST} route[39m[38;5;3m +1ms[39m
[32m[Nest] 21076  - [39m08/06/2026, 2:05:44 PM [32m    LOG[39m [38;5;3m[RouterExplorer] [39m[32mMapped {/online-exams/attempt/:token/events, POST} route[39m[38;5;3m +2ms[39m
[32m[Nest] 21076  - [39m08/06/2026, 2:05:44 PM [32m    LOG[39m [38;5;3m[RouterExplorer] [39m[32mMapped {/online-exams/attempt/:token/submit, POST} route[39m[38;5;3m +1ms[39m
[32m[Nest] 21076  - [39m08/06/2026, 2:05:44 PM [32m    LOG[39m [38;5;3m[RouterExplorer] [39m[32mMapped {/online-exams/attempt/:attemptId/result, GET} route[39m[38;5;3m +4ms[39m
[32m[Nest] 21076  - [39m08/06/2026, 2:05:44 PM [32m    LOG[39m [38;5;3m[RouterExplorer] [39m[32mMapped {/online-exams/attempt/:attemptId/appeal, POST} route[39m[38;5;3m +1ms[39m
[32m[Nest] 21076  - [39m08/06/2026, 2:05:44 PM [32m    LOG[39m [38;5;3m[RouterExplorer] [39m[32mMapped {/online-exams/schedule/:scheduleId/grade-report, GET} route[39m[38;5;3m +1ms[39m
[32m[Nest] 21076  - [39m08/06/2026, 2:05:44 PM [32m    LOG[39m [38;5;3m[RoutesResolver] [39m[32mProctorController {/proctor}:[39m[38;5;3m +0ms[39m
[32m[Nest] 21076  - [39m08/06/2026, 2:05:44 PM [32m    LOG[39m [38;5;3m[RouterExplorer] [39m[32mMapped {/proctor/live-dashboard/:scheduleRoomId, GET} route[39m[38;5;3m +0ms[39m
[32m[Nest] 21076  - [39m08/06/2026, 2:05:44 PM [32m    LOG[39m [38;5;3m[RouterExplorer] [39m[32mMapped {/proctor/attempt/:attemptId/extend-time, POST} route[39m[38;5;3m +3ms[39m
[32m[Nest] 21076  - [39m08/06/2026, 2:05:44 PM [32m    LOG[39m [38;5;3m[RouterExplorer] [39m[32mMapped {/proctor/attempt/:attemptId/reopen, POST} route[39m[38;5;3m +1ms[39m
[32m[Nest] 21076  - [39m08/06/2026, 2:05:44 PM [32m    LOG[39m [38;5;3m[RouterExplorer] [39m[32mMapped {/proctor/attempt/:attemptId/flag-incident, POST} route[39m[38;5;3m +0ms[39m
[32m[Nest] 21076  - [39m08/06/2026, 2:05:44 PM [32m    LOG[39m [38;5;3m[RouterExplorer] [39m[32mMapped {/proctor/attempt/:attemptId/resolve-incident, POST} route[39m[38;5;3m +0ms[39m
[32m[Nest] 21076  - [39m08/06/2026, 2:05:44 PM [32m    LOG[39m [38;5;3m[RoutesResolver] [39m[32mEssayController {/essay}:[39m[38;5;3m +1ms[39m
[32m[Nest] 21076  - [39m08/06/2026, 2:05:44 PM [32m    LOG[39m [38;5;3m[RouterExplorer] [39m[32mMapped {/essay/questions/:questionId/rubric, GET} route[39m[38;5;3m +1ms[39m
[32m[Nest] 21076  - [39m08/06/2026, 2:05:44 PM [32m    LOG[39m [38;5;3m[RouterExplorer] [39m[32mMapped {/essay/questions/:questionId/rubric, POST} route[39m[38;5;3m +3ms[39m
[32m[Nest] 21076  - [39m08/06/2026, 2:05:44 PM [32m    LOG[39m [38;5;3m[RouterExplorer] [39m[32mMapped {/essay/grading/assignments, GET} route[39m[38;5;3m +1ms[39m
[32m[Nest] 21076  - [39m08/06/2026, 2:05:44 PM [32m    LOG[39m [38;5;3m[RouterExplorer] [39m[32mMapped {/essay/grading/attempts/:attemptId, GET} route[39m[38;5;3m +1ms[39m
[32m[Nest] 21076  - [39m08/06/2026, 2:05:44 PM [32m    LOG[39m [38;5;3m[RouterExplorer] [39m[32mMapped {/essay/grading/answers/:answerId, PATCH} route[39m[38;5;3m +0ms[39m
[32m[Nest] 21076  - [39m08/06/2026, 2:05:44 PM [32m    LOG[39m [38;5;3m[RouterExplorer] [39m[32mMapped {/essay/grading/attempts/:attemptId/submit, POST} route[39m[38;5;3m +0ms[39m
[32m[Nest] 21076  - [39m08/06/2026, 2:05:44 PM [32m    LOG[39m [38;5;3m[RouterExplorer] [39m[32mMapped {/essay/grading/attempts/:attemptId/approve, POST} route[39m[38;5;3m +1ms[39m
[32m[Nest] 21076  - [39m08/06/2026, 2:05:44 PM [32m    LOG[39m [38;5;3m[RouterExplorer] [39m[32mMapped {/essay/grading/attempts/:attemptId/publish, POST} route[39m[38;5;3m +0ms[39m
[32m[Nest] 21076  - [39m08/06/2026, 2:05:44 PM [32m    LOG[39m [38;5;3m[RouterExplorer] [39m[32mMapped {/essay/grading/attempts/:attemptId/reopen, POST} route[39m[38;5;3m +0ms[39m
[32m[Nest] 21076  - [39m08/06/2026, 2:05:44 PM [32m    LOG[39m [38;5;3m[RouterExplorer] [39m[32mMapped {/essay/grading/attempts/:attemptId/extend-time, POST} route[39m[38;5;3m +1ms[39m
[32m[Nest] 21076  - [39m08/06/2026, 2:05:44 PM [32m    LOG[39m [38;5;3m[RouterExplorer] [39m[32mMapped {/essay/grading/attempts/:attemptId/penalty, POST} route[39m[38;5;3m +3ms[39m
[32m[Nest] 21076  - [39m08/06/2026, 2:05:44 PM [32m    LOG[39m [38;5;3m[RouterExplorer] [39m[32mMapped {/essay/attempt/:token/answers/:questionId/files, POST} route[39m[38;5;3m +6ms[39m
[32m[Nest] 21076  - [39m08/06/2026, 2:05:44 PM [32m    LOG[39m [38;5;3m[RoutesResolver] [39m[32mEssayGradingController {/essay-grading}:[39m[38;5;3m +2ms[39m
[32m[Nest] 21076  - [39m08/06/2026, 2:05:44 PM [32m    LOG[39m [38;5;3m[RouterExplorer] [39m[32mMapped {/essay-grading/assignments, GET} route[39m[38;5;3m +0ms[39m
[32m[Nest] 21076  - [39m08/06/2026, 2:05:44 PM [32m    LOG[39m [38;5;3m[RouterExplorer] [39m[32mMapped {/essay-grading/attempts/:attemptId, GET} route[39m[38;5;3m +1ms[39m
[32m[Nest] 21076  - [39m08/06/2026, 2:05:44 PM [32m    LOG[39m [38;5;3m[RouterExplorer] [39m[32mMapped {/essay-grading/answers/:answerId, PATCH} route[39m[38;5;3m +1ms[39m
[32m[Nest] 21076  - [39m08/06/2026, 2:05:44 PM [32m    LOG[39m [38;5;3m[RouterExplorer] [39m[32mMapped {/essay-grading/answers/:answerId/ai-suggest, POST} route[39m[38;5;3m +0ms[39m
[32m[Nest] 21076  - [39m08/06/2026, 2:05:44 PM [32m    LOG[39m [38;5;3m[RouterExplorer] [39m[32mMapped {/essay-grading/attempts/:attemptId/submit, POST} route[39m[38;5;3m +0ms[39m
[32m[Nest] 21076  - [39m08/06/2026, 2:05:44 PM [32m    LOG[39m [38;5;3m[RouterExplorer] [39m[32mMapped {/essay-grading/attempts/:attemptId/approve, POST} route[39m[38;5;3m +1ms[39m
[32m[Nest] 21076  - [39m08/06/2026, 2:05:44 PM [32m    LOG[39m [38;5;3m[RouterExplorer] [39m[32mMapped {/essay-grading/attempts/:attemptId/publish, POST} route[39m[38;5;3m +0ms[39m
[32m[Nest] 21076  - [39m08/06/2026, 2:05:44 PM [32m    LOG[39m [38;5;3m[RouterExplorer] [39m[32mMapped {/essay-grading/attempts/:attemptId/reopen, POST} route[39m[38;5;3m +1ms[39m
[32m[Nest] 21076  - [39m08/06/2026, 2:05:44 PM [32m    LOG[39m [38;5;3m[RouterExplorer] [39m[32mMapped {/essay-grading/attempts/:attemptId/extend-time, POST} route[39m[38;5;3m +1ms[39m
[32m[Nest] 21076  - [39m08/06/2026, 2:05:44 PM [32m    LOG[39m [38;5;3m[RouterExplorer] [39m[32mMapped {/essay-grading/attempts/:attemptId/penalty, POST} route[39m[38;5;3m +0ms[39m
[32m[Nest] 21076  - [39m08/06/2026, 2:05:44 PM [32m    LOG[39m [38;5;3m[RoutesResolver] [39m[32mEssayConfigController {/online-exam-config}:[39m[38;5;3m +0ms[39m
[32m[Nest] 21076  - [39m08/06/2026, 2:05:44 PM [32m    LOG[39m [38;5;3m[RouterExplorer] [39m[32mMapped {/online-exam-config/:scheduleId/essay, PATCH} route[39m[38;5;3m +1ms[39m
[32m[Nest] 21076  - [39m08/06/2026, 2:05:44 PM [32m    LOG[39m [38;5;3m[RoutesResolver] [39m[32mContactController {/contact}:[39m[38;5;3m +0ms[39m
[32m[Nest] 21076  - [39m08/06/2026, 2:05:44 PM [32m    LOG[39m [38;5;3m[RouterExplorer] [39m[32mMapped {/contact/send, POST} route[39m[38;5;3m +1ms[39m
[32m[Nest] 21076  - [39m08/06/2026, 2:05:44 PM [32m    LOG[39m [38;5;3m[RoutesResolver] [39m[32mAiController {/ai}:[39m[38;5;3m +1ms[39m
[32m[Nest] 21076  - [39m08/06/2026, 2:05:44 PM [32m    LOG[39m [38;5;3m[RouterExplorer] [39m[32mMapped {/ai/status, GET} route[39m[38;5;3m +0ms[39m
[32m[Nest] 21076  - [39m08/06/2026, 2:05:44 PM [32m    LOG[39m [38;5;3m[RouterExplorer] [39m[32mMapped {/ai/grade-essay, POST} route[39m[38;5;3m +1ms[39m
[32m[Nest] 21076  - [39m08/06/2026, 2:05:44 PM [32m    LOG[39m [38;5;3m[RouterExplorer] [39m[32mMapped {/ai/generate-questions, POST} route[39m[38;5;3m +0ms[39m
[32m[Nest] 21076  - [39m08/06/2026, 2:05:44 PM [32m    LOG[39m [38;5;3m[NestApplication] [39m[32mNest application successfully started[39m[38;5;3m +176ms[39m
[31m[Nest] 21076  - [39m08/06/2026, 2:05:44 PM [31m  ERROR[39m [38;5;3m[NestApplication] [39m[31mError: listen EADDRINUSE: address already in use :::3001[39m[38;5;3m +5ms[39m
node:net:2009
    const ex = new UVExceptionWithHostPort(err, 'listen', address, port);
               ^

Error: listen EADDRINUSE: address already in use :::3001
    at Server.setupListenHandle [as _listen2] (node:net:2009:16)
    at listenInCluster (node:net:2066:12)
    at Server.listen (node:net:2171:7)
    at ExpressAdapter.listen (C:\Users\loiho\.gemini\antigravity-ide\scratch\exam-management\backend\node_modules\@nestjs\platform-express\adapters\express-adapter.js:95:32)
    at C:\Users\loiho\.gemini\antigravity-ide\scratch\exam-management\backend\node_modules\@nestjs\core\nest-application.js:183:30
    at new Promise (<anonymous>)
    at NestApplication.listen (C:\Users\loiho\.gemini\antigravity-ide\scratch\exam-management\backend\node_modules\@nestjs\core\nest-application.js:173:16)
    at async bootstrap (C:\Users\loiho\.gemini\antigravity-ide\scratch\exam-management\backend\src\main.ts:32:3) {
  code: 'EADDRINUSE',
  errno: -4091,
  syscall: 'listen',
  address: '::',
  port: 3001
}

Node.js v24.18.1
[2J[3J[H[[90m2:07:59 PM[0m] File change detected. Starting incremental compilation...

[[90m2:08:03 PM[0m] Found 0 errors. Watching for file changes.

[2J[3J[H[[90m2:08:10 PM[0m] File change detected. Starting incremental compilation...

[[90m2:08:24 PM[0m] Found 0 errors. Watching for file changes.

node:internal/modules/cjs/loader:1520
  throw err;
  ^

Error: Cannot find module './auth.service'
Require stack:
- C:\Users\loiho\.gemini\antigravity-ide\scratch\exam-management\backend\dist\auth\auth.module.js
- C:\Users\loiho\.gemini\antigravity-ide\scratch\exam-management\backend\dist\app.module.js
- C:\Users\loiho\.gemini\antigravity-ide\scratch\exam-management\backend\dist\main.js
    at Module._resolveFilename (node:internal/modules/cjs/loader:1517:15)
    at wrapResolveFilename (node:internal/modules/cjs/loader:1071:27)
    at defaultResolveImplForCJSLoading (node:internal/modules/cjs/loader:1095:10)
    at resolveForCJSWithHooks (node:internal/modules/cjs/loader:1122:12)
    at Module._load (node:internal/modules/cjs/loader:1294:5)
    at wrapModuleLoad (node:internal/modules/cjs/loader:255:19)
    at Module.require (node:internal/modules/cjs/loader:1617:12)
    at require (node:internal/modules/helpers:153:16)
    at Object.<anonymous> (C:\Users\loiho\.gemini\antigravity-ide\scratch\exam-management\backend\src\auth\auth.module.ts:4:1)
    at Module._compile (node:internal/modules/cjs/loader:1871:14) {
  code: 'MODULE_NOT_FOUND',
  requireStack: [
    'C:\\Users\\loiho\\.gemini\\antigravity-ide\\scratch\\exam-management\\backend\\dist\\auth\\auth.module.js',
    'C:\\Users\\loiho\\.gemini\\antigravity-ide\\scratch\\exam-management\\backend\\dist\\app.module.js',
    'C:\\Users\\loiho\\.gemini\\antigravity-ide\\scratch\\exam-management\\backend\\dist\\main.js'
  ]
}

Node.js v24.18.1
[2J[3J[H[[90m2:11:59 PM[0m] File change detected. Starting incremental compilation...

[[90m2:12:04 PM[0m] Found 0 errors. Watching for file changes.

[32m[Nest] 17980  - [39m08/06/2026, 2:12:14 PM [32m    LOG[39m [38;5;3m[NestFactory] [39m[32mStarting Nest application...[39m
[32m[Nest] 17980  - [39m08/06/2026, 2:12:14 PM [32m    LOG[39m [38;5;3m[InstanceLoader] [39m[32mAppModule dependencies initialized[39m[38;5;3m +82ms[39m
[32m[Nest] 17980  - [39m08/06/2026, 2:12:14 PM [32m    LOG[39m [38;5;3m[InstanceLoader] [39m[32mPrismaModule dependencies initialized[39m[38;5;3m +13ms[39m
[32m[Nest] 17980  - [39m08/06/2026, 2:12:14 PM [32m    LOG[39m [38;5;3m[InstanceLoader] [39m[32mPassportModule dependencies initialized[39m[38;5;3m +1ms[39m
[32m[Nest] 17980  - [39m08/06/2026, 2:12:14 PM [32m    LOG[39m [38;5;3m[InstanceLoader] [39m[32mSecurityModule dependencies initialized[39m[38;5;3m +12ms[39m
[32m[Nest] 17980  - [39m08/06/2026, 2:12:14 PM [32m    LOG[39m [38;5;3m[InstanceLoader] [39m[32mAuditModule dependencies initialized[39m[38;5;3m +0ms[39m
[32m[Nest] 17980  - [39m08/06/2026, 2:12:14 PM [32m    LOG[39m [38;5;3m[InstanceLoader] [39m[32mConfigHostModule dependencies initialized[39m[38;5;3m +0ms[39m
[32m[Nest] 17980  - [39m08/06/2026, 2:12:14 PM [32m    LOG[39m [38;5;3m[InstanceLoader] [39m[32mJwtModule dependencies initialized[39m[38;5;3m +1ms[39m
[32m[Nest] 17980  - [39m08/06/2026, 2:12:14 PM [32m    LOG[39m [38;5;3m[InstanceLoader] [39m[32mConfigModule dependencies initialized[39m[38;5;3m +7ms[39m
[32m[Nest] 17980  - [39m08/06/2026, 2:12:14 PM [32m    LOG[39m [38;5;3m[InstanceLoader] [39m[32mConfigModule dependencies initialized[39m[38;5;3m +1ms[39m
[32m[Nest] 17980  - [39m08/06/2026, 2:12:14 PM [32m    LOG[39m [38;5;3m[InstanceLoader] [39m[32mUsersModule dependencies initialized[39m[38;5;3m +9ms[39m
[32m[Nest] 17980  - [39m08/06/2026, 2:12:14 PM [32m    LOG[39m [38;5;3m[InstanceLoader] [39m[32mDepartmentsModule dependencies initialized[39m[38;5;3m +1ms[39m
[32m[Nest] 17980  - [39m08/06/2026, 2:12:14 PM [32m    LOG[39m [38;5;3m[InstanceLoader] [39m[32mClassesModule dependencies initialized[39m[38;5;3m +0ms[39m
[32m[Nest] 17980  - [39m08/06/2026, 2:12:14 PM [32m    LOG[39m [38;5;3m[InstanceLoader] [39m[32mStudentsModule dependencies initialized[39m[38;5;3m +0ms[39m
[32m[Nest] 17980  - [39m08/06/2026, 2:12:14 PM [32m    LOG[39m [38;5;3m[InstanceLoader] [39m[32mSubjectsModule dependencies initialized[39m[38;5;3m +0ms[39m
[32m[Nest] 17980  - [39m08/06/2026, 2:12:14 PM [32m    LOG[39m [38;5;3m[InstanceLoader] [39m[32mDashboardModule dependencies initialized[39m[38;5;3m +0ms[39m
[32m[Nest] 17980  - [39m08/06/2026, 2:12:14 PM [32m    LOG[39m [38;5;3m[InstanceLoader] [39m[32mContactModule dependencies initialized[39m[38;5;3m +0ms[39m
[32m[Nest] 17980  - [39m08/06/2026, 2:12:14 PM [32m    LOG[39m [38;5;3m[InstanceLoader] [39m[32mProctorModule dependencies initialized[39m[38;5;3m +2ms[39m
[32m[Nest] 17980  - [39m08/06/2026, 2:12:14 PM [32m    LOG[39m [38;5;3m[InstanceLoader] [39m[32mTeachersModule dependencies initialized[39m[38;5;3m +1ms[39m
[32m[Nest] 17980  - [39m08/06/2026, 2:12:14 PM [32m    LOG[39m [38;5;3m[InstanceLoader] [39m[32mExamRoomsModule dependencies initialized[39m[38;5;3m +0ms[39m
[32m[Nest] 17980  - [39m08/06/2026, 2:12:14 PM [32m    LOG[39m [38;5;3m[InstanceLoader] [39m[32mExamPeriodsModule dependencies initialized[39m[38;5;3m +0ms[39m
[32m[Nest] 17980  - [39m08/06/2026, 2:12:14 PM [32m    LOG[39m [38;5;3m[InstanceLoader] [39m[32mExamSchedulesModule dependencies initialized[39m[38;5;3m +0ms[39m
[32m[Nest] 17980  - [39m08/06/2026, 2:12:14 PM [32m    LOG[39m [38;5;3m[InstanceLoader] [39m[32mExamArrangementModule dependencies initialized[39m[38;5;3m +0ms[39m
[32m[Nest] 17980  - [39m08/06/2026, 2:12:14 PM [32m    LOG[39m [38;5;3m[InstanceLoader] [39m[32mExamSupervisorsModule dependencies initialized[39m[38;5;3m +0ms[39m
[32m[Nest] 17980  - [39m08/06/2026, 2:12:14 PM [32m    LOG[39m [38;5;3m[InstanceLoader] [39m[32mQuestionsModule dependencies initialized[39m[38;5;3m +0ms[39m
[32m[Nest] 17980  - [39m08/06/2026, 2:12:14 PM [32m    LOG[39m [38;5;3m[InstanceLoader] [39m[32mExamPapersModule dependencies initialized[39m[38;5;3m +0ms[39m
[32m[Nest] 17980  - [39m08/06/2026, 2:12:14 PM [32m    LOG[39m [38;5;3m[InstanceLoader] [39m[32mEssayModule dependencies initialized[39m[38;5;3m +0ms[39m
[32m[Nest] 17980  - [39m08/06/2026, 2:12:14 PM [32m    LOG[39m [38;5;3m[InstanceLoader] [39m[32mOnlineExamsModule dependencies initialized[39m[38;5;3m +1ms[39m
[32m[Nest] 17980  - [39m08/06/2026, 2:12:14 PM [32m    LOG[39m [38;5;3m[InstanceLoader] [39m[32mAuthModule dependencies initialized[39m[38;5;3m +0ms[39m
[32m[Nest] 17980  - [39m08/06/2026, 2:12:14 PM [32m    LOG[39m [38;5;3m[InstanceLoader] [39m[32mAiModule dependencies initialized[39m[38;5;3m +0ms[39m
[32m[Nest] 17980  - [39m08/06/2026, 2:12:14 PM [32m    LOG[39m [38;5;3m[RoutesResolver] [39m[32mAuthController {/auth}:[39m[38;5;3m +12ms[39m
[32m[Nest] 17980  - [39m08/06/2026, 2:12:14 PM [32m    LOG[39m [38;5;3m[RouterExplorer] [39m[32mMapped {/auth/login, POST} route[39m[38;5;3m +6ms[39m
[32m[Nest] 17980  - [39m08/06/2026, 2:12:14 PM [32m    LOG[39m [38;5;3m[RouterExplorer] [39m[32mMapped {/auth/profile, GET} route[39m[38;5;3m +1ms[39m
[32m[Nest] 17980  - [39m08/06/2026, 2:12:14 PM [32m    LOG[39m [38;5;3m[RouterExplorer] [39m[32mMapped {/auth/change-password, POST} route[39m[38;5;3m +1ms[39m
[32m[Nest] 17980  - [39m08/06/2026, 2:12:14 PM [32m    LOG[39m [38;5;3m[RouterExplorer] [39m[32mMapped {/auth/profile, POST} route[39m[38;5;3m +1ms[39m
[32m[Nest] 17980  - [39m08/06/2026, 2:12:14 PM [32m    LOG[39m [38;5;3m[RoutesResolver] [39m[32mUsersController {/users}:[39m[38;5;3m +0ms[39m
[32m[Nest] 17980  - [39m08/06/2026, 2:12:14 PM [32m    LOG[39m [38;5;3m[RouterExplorer] [39m[32mMapped {/users/dashboard-stats, GET} route[39m[38;5;3m +1ms[39m
[32m[Nest] 17980  - [39m08/06/2026, 2:12:14 PM [32m    LOG[39m [38;5;3m[RouterExplorer] [39m[32mMapped {/users, GET} route[39m[38;5;3m +0ms[39m
[32m[Nest] 17980  - [39m08/06/2026, 2:12:14 PM [32m    LOG[39m [38;5;3m[RouterExplorer] [39m[32mMapped {/users/:id, GET} route[39m[38;5;3m +1ms[39m
[32m[Nest] 17980  - [39m08/06/2026, 2:12:14 PM [32m    LOG[39m [38;5;3m[RoutesResolver] [39m[32mDepartmentsController {/departments}:[39m[38;5;3m +0ms[39m
[32m[Nest] 17980  - [39m08/06/2026, 2:12:14 PM [32m    LOG[39m [38;5;3m[RouterExplorer] [39m[32mMapped {/departments, GET} route[39m[38;5;3m +0ms[39m
[32m[Nest] 17980  - [39m08/06/2026, 2:12:14 PM [32m    LOG[39m [38;5;3m[RouterExplorer] [39m[32mMapped {/departments/:id/curriculum, GET} route[39m[38;5;3m +0ms[39m
[32m[Nest] 17980  - [39m08/06/2026, 2:12:14 PM [32m    LOG[39m [38;5;3m[RouterExplorer] [39m[32mMapped {/departments/:id, GET} route[39m[38;5;3m +1ms[39m
[32m[Nest] 17980  - [39m08/06/2026, 2:12:14 PM [32m    LOG[39m [38;5;3m[RouterExplorer] [39m[32mMapped {/departments, POST} route[39m[38;5;3m +0ms[39m
[32m[Nest] 17980  - [39m08/06/2026, 2:12:14 PM [32m    LOG[39m [38;5;3m[RouterExplorer] [39m[32mMapped {/departments/:id/curriculum, POST} route[39m[38;5;3m +1ms[39m
[32m[Nest] 17980  - [39m08/06/2026, 2:12:14 PM [32m    LOG[39m [38;5;3m[RouterExplorer] [39m[32mMapped {/departments/:id, PATCH} route[39m[38;5;3m +0ms[39m
[32m[Nest] 17980  - [39m08/06/2026, 2:12:14 PM [32m    LOG[39m [38;5;3m[RouterExplorer] [39m[32mMapped {/departments/:id/curriculum/:subjectId, DELETE} route[39m[38;5;3m +0ms[39m
[32m[Nest] 17980  - [39m08/06/2026, 2:12:14 PM [32m    LOG[39m [38;5;3m[RouterExplorer] [39m[32mMapped {/departments/:id, DELETE} route[39m[38;5;3m +0ms[39m
[32m[Nest] 17980  - [39m08/06/2026, 2:12:14 PM [32m    LOG[39m [38;5;3m[RoutesResolver] [39m[32mClassesController {/classes}:[39m[38;5;3m +0ms[39m
[32m[Nest] 17980  - [39m08/06/2026, 2:12:14 PM [32m    LOG[39m [38;5;3m[RouterExplorer] [39m[32mMapped {/classes, GET} route[39m[38;5;3m +1ms[39m
[32m[Nest] 17980  - [39m08/06/2026, 2:12:14 PM [32m    LOG[39m [38;5;3m[RouterExplorer] [39m[32mMapped {/classes/:id, GET} route[39m[38;5;3m +0ms[39m
[32m[Nest] 17980  - [39m08/06/2026, 2:12:14 PM [32m    LOG[39m [38;5;3m[RouterExplorer] [39m[32mMapped {/classes, POST} route[39m[38;5;3m +0ms[39m
[32m[Nest] 17980  - [39m08/06/2026, 2:12:14 PM [32m    LOG[39m [38;5;3m[RouterExplorer] [39m[32mMapped {/classes/:id, PATCH} route[39m[38;5;3m +1ms[39m
[32m[Nest] 17980  - [39m08/06/2026, 2:12:14 PM [32m    LOG[39m [38;5;3m[RouterExplorer] [39m[32mMapped {/classes/:id, DELETE} route[39m[38;5;3m +0ms[39m
[32m[Nest] 17980  - [39m08/06/2026, 2:12:14 PM [32m    LOG[39m [38;5;3m[RoutesResolver] [39m[32mStudentsController {/students}:[39m[38;5;3m +0ms[39m
[32m[Nest] 17980  - [39m08/06/2026, 2:12:14 PM [32m    LOG[39m [38;5;3m[RouterExplorer] [39m[32mMapped {/students/my-schedule, GET} route[39m[38;5;3m +0ms[39m
[32m[Nest] 17980  - [39m08/06/2026, 2:12:14 PM [32m    LOG[39m [38;5;3m[RouterExplorer] [39m[32mMapped {/students/my-curriculum, GET} route[39m[38;5;3m +0ms[39m
[32m[Nest] 17980  - [39m08/06/2026, 2:12:14 PM [32m    LOG[39m [38;5;3m[RouterExplorer] [39m[32mMapped {/students, GET} route[39m[38;5;3m +0ms[39m
[32m[Nest] 17980  - [39m08/06/2026, 2:12:14 PM [32m    LOG[39m [38;5;3m[RouterExplorer] [39m[32mMapped {/students/:id, GET} route[39m[38;5;3m +0ms[39m
[32m[Nest] 17980  - [39m08/06/2026, 2:12:14 PM [32m    LOG[39m [38;5;3m[RouterExplorer] [39m[32mMapped {/students, POST} route[39m[38;5;3m +0ms[39m
[32m[Nest] 17980  - [39m08/06/2026, 2:12:14 PM [32m    LOG[39m [38;5;3m[RouterExplorer] [39m[32mMapped {/students/:id, PATCH} route[39m[38;5;3m +1ms[39m
[32m[Nest] 17980  - [39m08/06/2026, 2:12:14 PM [32m    LOG[39m [38;5;3m[RouterExplorer] [39m[32mMapped {/students/:id, DELETE} route[39m[38;5;3m +0ms[39m
[32m[Nest] 17980  - [39m08/06/2026, 2:12:14 PM [32m    LOG[39m [38;5;3m[RoutesResolver] [39m[32mTeachersController {/teachers}:[39m[38;5;3m +0ms[39m
[32m[Nest] 17980  - [39m08/06/2026, 2:12:14 PM [32m    LOG[39m [38;5;3m[RouterExplorer] [39m[32mMapped {/teachers/my-assignments, GET} route[39m[38;5;3m +0ms[39m
[32m[Nest] 17980  - [39m08/06/2026, 2:12:14 PM [32m    LOG[39m [38;5;3m[RouterExplorer] [39m[32mMapped {/teachers/my-assignments/:id/status, PATCH} route[39m[38;5;3m +0ms[39m
[32m[Nest] 17980  - [39m08/06/2026, 2:12:14 PM [32m    LOG[39m [38;5;3m[RouterExplorer] [39m[32mMapped {/teachers/my-assignments/:id/attendance-sheet, GET} route[39m[38;5;3m +0ms[39m
[32m[Nest] 17980  - [39m08/06/2026, 2:12:14 PM [32m    LOG[39m [38;5;3m[RouterExplorer] [39m[32mMapped {/teachers, GET} route[39m[38;5;3m +1ms[39m
[32m[Nest] 17980  - [39m08/06/2026, 2:12:14 PM [32m    LOG[39m [38;5;3m[RouterExplorer] [39m[32mMapped {/teachers/:id/lock, POST} route[39m[38;5;3m +0ms[39m
[32m[Nest] 17980  - [39m08/06/2026, 2:12:14 PM [32m    LOG[39m [38;5;3m[RouterExplorer] [39m[32mMapped {/teachers/:id/unlock, POST} route[39m[38;5;3m +0ms[39m
[32m[Nest] 17980  - [39m08/06/2026, 2:12:14 PM [32m    LOG[39m [38;5;3m[RouterExplorer] [39m[32mMapped {/teachers/:id, GET} route[39m[38;5;3m +0ms[39m
[32m[Nest] 17980  - [39m08/06/2026, 2:12:14 PM [32m    LOG[39m [38;5;3m[RouterExplorer] [39m[32mMapped {/teachers, POST} route[39m[38;5;3m +0ms[39m
[32m[Nest] 17980  - [39m08/06/2026, 2:12:14 PM [32m    LOG[39m [38;5;3m[RouterExplorer] [39m[32mMapped {/teachers/:id, PATCH} route[39m[38;5;3m +1ms[39m
[32m[Nest] 17980  - [39m08/06/2026, 2:12:14 PM [32m    LOG[39m [38;5;3m[RouterExplorer] [39m[32mMapped {/teachers/:id, DELETE} route[39m[38;5;3m +0ms[39m
[32m[Nest] 17980  - [39m08/06/2026, 2:12:14 PM [32m    LOG[39m [38;5;3m[RoutesResolver] [39m[32mSubjectsController {/subjects}:[39m[38;5;3m +0ms[39m
[32m[Nest] 17980  - [39m08/06/2026, 2:12:14 PM [32m    LOG[39m [38;5;3m[RouterExplorer] [39m[32mMapped {/subjects, GET} route[39m[38;5;3m +0ms[39m
[32m[Nest] 17980  - [39m08/06/2026, 2:12:14 PM [32m    LOG[39m [38;5;3m[RouterExplorer] [39m[32mMapped {/subjects/:id, GET} route[39m[38;5;3m +0ms[39m
[32m[Nest] 17980  - [39m08/06/2026, 2:12:14 PM [32m    LOG[39m [38;5;3m[RouterExplorer] [39m[32mMapped {/subjects/:id/chapters, GET} route[39m[38;5;3m +1ms[39m
[32m[Nest] 17980  - [39m08/06/2026, 2:12:14 PM [32m    LOG[39m [38;5;3m[RouterExplorer] [39m[32mMapped {/subjects/:id/enrollments, GET} route[39m[38;5;3m +0ms[39m
[32m[Nest] 17980  - [39m08/06/2026, 2:12:14 PM [32m    LOG[39m [38;5;3m[RouterExplorer] [39m[32mMapped {/subjects/:id/enroll-students, POST} route[39m[38;5;3m +1ms[39m
[32m[Nest] 17980  - [39m08/06/2026, 2:12:14 PM [32m    LOG[39m [38;5;3m[RouterExplorer] [39m[32mMapped {/subjects, POST} route[39m[38;5;3m +0ms[39m
[32m[Nest] 17980  - [39m08/06/2026, 2:12:14 PM [32m    LOG[39m [38;5;3m[RouterExplorer] [39m[32mMapped {/subjects/:id, PATCH} route[39m[38;5;3m +1ms[39m
[32m[Nest] 17980  - [39m08/06/2026, 2:12:14 PM [32m    LOG[39m [38;5;3m[RouterExplorer] [39m[32mMapped {/subjects/:id, DELETE} route[39m[38;5;3m +0ms[39m
[32m[Nest] 17980  - [39m08/06/2026, 2:12:14 PM [32m    LOG[39m [38;5;3m[RoutesResolver] [39m[32mExamRoomsController {/exam-rooms}:[39m[38;5;3m +0ms[39m
[32m[Nest] 17980  - [39m08/06/2026, 2:12:14 PM [32m    LOG[39m [38;5;3m[RouterExplorer] [39m[32mMapped {/exam-rooms, GET} route[39m[38;5;3m +0ms[39m
[32m[Nest] 17980  - [39m08/06/2026, 2:12:14 PM [32m    LOG[39m [38;5;3m[RouterExplorer] [39m[32mMapped {/exam-rooms/:id, GET} route[39m[38;5;3m +0ms[39m
[32m[Nest] 17980  - [39m08/06/2026, 2:12:14 PM [32m    LOG[39m [38;5;3m[RouterExplorer] [39m[32mMapped {/exam-rooms/:id/lock, POST} route[39m[38;5;3m +1ms[39m
[32m[Nest] 17980  - [39m08/06/2026, 2:12:14 PM [32m    LOG[39m [38;5;3m[RouterExplorer] [39m[32mMapped {/exam-rooms/:id/unlock, POST} route[39m[38;5;3m +0ms[39m
[32m[Nest] 17980  - [39m08/06/2026, 2:12:14 PM [32m    LOG[39m [38;5;3m[RouterExplorer] [39m[32mMapped {/exam-rooms, POST} route[39m[38;5;3m +0ms[39m
[32m[Nest] 17980  - [39m08/06/2026, 2:12:14 PM [32m    LOG[39m [38;5;3m[RouterExplorer] [39m[32mMapped {/exam-rooms/:id, PATCH} route[39m[38;5;3m +0ms[39m
[32m[Nest] 17980  - [39m08/06/2026, 2:12:14 PM [32m    LOG[39m [38;5;3m[RouterExplorer] [39m[32mMapped {/exam-rooms/:id, DELETE} route[39m[38;5;3m +1ms[39m
[32m[Nest] 17980  - [39m08/06/2026, 2:12:14 PM [32m    LOG[39m [38;5;3m[RoutesResolver] [39m[32mExamPeriodsController {/exam-periods}:[39m[38;5;3m +0ms[39m
[32m[Nest] 17980  - [39m08/06/2026, 2:12:14 PM [32m    LOG[39m [38;5;3m[RouterExplorer] [39m[32mMapped {/exam-periods, GET} route[39m[38;5;3m +0ms[39m
[32m[Nest] 17980  - [39m08/06/2026, 2:12:14 PM [32m    LOG[39m [38;5;3m[RouterExplorer] [39m[32mMapped {/exam-periods/:id, GET} route[39m[38;5;3m +0ms[39m
[32m[Nest] 17980  - [39m08/06/2026, 2:12:14 PM [32m    LOG[39m [38;5;3m[RouterExplorer] [39m[32mMapped {/exam-periods, POST} route[39m[38;5;3m +1ms[39m
[32m[Nest] 17980  - [39m08/06/2026, 2:12:14 PM [32m    LOG[39m [38;5;3m[RouterExplorer] [39m[32mMapped {/exam-periods/:id, PATCH} route[39m[38;5;3m +0ms[39m
[32m[Nest] 17980  - [39m08/06/2026, 2:12:14 PM [32m    LOG[39m [38;5;3m[RouterExplorer] [39m[32mMapped {/exam-periods/:id, DELETE} route[39m[38;5;3m +0ms[39m
[32m[Nest] 17980  - [39m08/06/2026, 2:12:14 PM [32m    LOG[39m [38;5;3m[RouterExplorer] [39m[32mMapped {/exam-periods/:id/lock, POST} route[39m[38;5;3m +0ms[39m
[32m[Nest] 17980  - [39m08/06/2026, 2:12:14 PM [32m    LOG[39m [38;5;3m[RouterExplorer] [39m[32mMapped {/exam-periods/:id/unlock, POST} route[39m[38;5;3m +1ms[39m
[32m[Nest] 17980  - [39m08/06/2026, 2:12:14 PM [32m    LOG[39m [38;5;3m[RoutesResolver] [39m[32mExamSchedulesController {/exam-schedules}:[39m[38;5;3m +0ms[39m
[32m[Nest] 17980  - [39m08/06/2026, 2:12:14 PM [32m    LOG[39m [38;5;3m[RouterExplorer] [39m[32mMapped {/exam-schedules, GET} route[39m[38;5;3m +0ms[39m
[32m[Nest] 17980  - [39m08/06/2026, 2:12:14 PM [32m    LOG[39m [38;5;3m[RouterExplorer] [39m[32mMapped {/exam-schedules/conflicts, GET} route[39m[38;5;3m +0ms[39m
[32m[Nest] 17980  - [39m08/06/2026, 2:12:14 PM [32m    LOG[39m [38;5;3m[RouterExplorer] [39m[32mMapped {/exam-schedules/trash, GET} route[39m[38;5;3m +1ms[39m
[32m[Nest] 17980  - [39m08/06/2026, 2:12:14 PM [32m    LOG[39m [38;5;3m[RouterExplorer] [39m[32mMapped {/exam-schedules/auto-preview, POST} route[39m[38;5;3m +0ms[39m
[32m[Nest] 17980  - [39m08/06/2026, 2:12:14 PM [32m    LOG[39m [38;5;3m[RouterExplorer] [39m[32mMapped {/exam-schedules/auto-apply, POST} route[39m[38;5;3m +0ms[39m
[32m[Nest] 17980  - [39m08/06/2026, 2:12:14 PM [32m    LOG[39m [38;5;3m[RouterExplorer] [39m[32mMapped {/exam-schedules/:id/lock, POST} route[39m[38;5;3m +0ms[39m
[32m[Nest] 17980  - [39m08/06/2026, 2:12:14 PM [32m    LOG[39m [38;5;3m[RouterExplorer] [39m[32mMapped {/exam-schedules/:id/unlock, POST} route[39m[38;5;3m +0ms[39m
[32m[Nest] 17980  - [39m08/06/2026, 2:12:14 PM [32m    LOG[39m [38;5;3m[RouterExplorer] [39m[32mMapped {/exam-schedules/:id, GET} route[39m[38;5;3m +0ms[39m
[32m[Nest] 17980  - [39m08/06/2026, 2:12:14 PM [32m    LOG[39m [38;5;3m[RouterExplorer] [39m[32mMapped {/exam-schedules, POST} route[39m[38;5;3m +1ms[39m
[32m[Nest] 17980  - [39m08/06/2026, 2:12:14 PM [32m    LOG[39m [38;5;3m[RouterExplorer] [39m[32mMapped {/exam-schedules/:id, PATCH} route[39m[38;5;3m +0ms[39m
[32m[Nest] 17980  - [39m08/06/2026, 2:12:14 PM [32m    LOG[39m [38;5;3m[RouterExplorer] [39m[32mMapped {/exam-schedules/:id, DELETE} route[39m[38;5;3m +0ms[39m
[32m[Nest] 17980  - [39m08/06/2026, 2:12:14 PM [32m    LOG[39m [38;5;3m[RouterExplorer] [39m[32mMapped {/exam-schedules/:id/reopen-entry, POST} route[39m[38;5;3m +0ms[39m
[32m[Nest] 17980  - [39m08/06/2026, 2:12:14 PM [32m    LOG[39m [38;5;3m[RouterExplorer] [39m[32mMapped {/exam-schedules/:id/restore, POST} route[39m[38;5;3m +0ms[39m
[32m[Nest] 17980  - [39m08/06/2026, 2:12:14 PM [32m    LOG[39m [38;5;3m[RoutesResolver] [39m[32mExamArrangementController {/exam-arrangement}:[39m[38;5;3m +1ms[39m
[32m[Nest] 17980  - [39m08/06/2026, 2:12:14 PM [32m    LOG[39m [38;5;3m[RouterExplorer] [39m[32mMapped {/exam-arrangement/auto-arrange, POST} route[39m[38;5;3m +0ms[39m
[32m[Nest] 17980  - [39m08/06/2026, 2:12:14 PM [32m    LOG[39m [38;5;3m[RouterExplorer] [39m[32mMapped {/exam-arrangement/preview, POST} route[39m[38;5;3m +0ms[39m
[32m[Nest] 17980  - [39m08/06/2026, 2:12:14 PM [32m    LOG[39m [38;5;3m[RouterExplorer] [39m[32mMapped {/exam-arrangement/result, GET} route[39m[38;5;3m +0ms[39m
[32m[Nest] 17980  - [39m08/06/2026, 2:12:14 PM [32m    LOG[39m [38;5;3m[RouterExplorer] [39m[32mMapped {/exam-arrangement/room-availability, GET} route[39m[38;5;3m +0ms[39m
[32m[Nest] 17980  - [39m08/06/2026, 2:12:14 PM [32m    LOG[39m [38;5;3m[RouterExplorer] [39m[32mMapped {/exam-arrangement/reset/:examScheduleId, DELETE} route[39m[38;5;3m +1ms[39m
[32m[Nest] 17980  - [39m08/06/2026, 2:12:14 PM [32m    LOG[39m [38;5;3m[RouterExplorer] [39m[32mMapped {/exam-arrangement/history, GET} route[39m[38;5;3m +0ms[39m
[32m[Nest] 17980  - [39m08/06/2026, 2:12:14 PM [32m    LOG[39m [38;5;3m[RoutesResolver] [39m[32mExamSupervisorsController {/exam-supervisors}:[39m[38;5;3m +0ms[39m
[32m[Nest] 17980  - [39m08/06/2026, 2:12:14 PM [32m    LOG[39m [38;5;3m[RouterExplorer] [39m[32mMapped {/exam-supervisors/assign, POST} route[39m[38;5;3m +0ms[39m
[32m[Nest] 17980  - [39m08/06/2026, 2:12:14 PM [32m    LOG[39m [38;5;3m[RouterExplorer] [39m[32mMapped {/exam-supervisors/auto-preview, POST} route[39m[38;5;3m +0ms[39m
[32m[Nest] 17980  - [39m08/06/2026, 2:12:14 PM [32m    LOG[39m [38;5;3m[RouterExplorer] [39m[32mMapped {/exam-supervisors/auto-assign, POST} route[39m[38;5;3m +1ms[39m
[32m[Nest] 17980  - [39m08/06/2026, 2:12:14 PM [32m    LOG[39m [38;5;3m[RouterExplorer] [39m[32mMapped {/exam-supervisors, GET} route[39m[38;5;3m +0ms[39m
[32m[Nest] 17980  - [39m08/06/2026, 2:12:14 PM [32m    LOG[39m [38;5;3m[RouterExplorer] [39m[32mMapped {/exam-supervisors/:id/status, PATCH} route[39m[38;5;3m +0ms[39m
[32m[Nest] 17980  - [39m08/06/2026, 2:12:14 PM [32m    LOG[39m [38;5;3m[RouterExplorer] [39m[32mMapped {/exam-supervisors/:id, DELETE} route[39m[38;5;3m +0ms[39m
[32m[Nest] 17980  - [39m08/06/2026, 2:12:14 PM [32m    LOG[39m [38;5;3m[RoutesResolver] [39m[32mQuestionsController {/questions}:[39m[38;5;3m +0ms[39m
[32m[Nest] 17980  - [39m08/06/2026, 2:12:14 PM [32m    LOG[39m [38;5;3m[RouterExplorer] [39m[32mMapped {/questions, GET} route[39m[38;5;3m +1ms[39m
[32m[Nest] 17980  - [39m08/06/2026, 2:12:14 PM [32m    LOG[39m [38;5;3m[RouterExplorer] [39m[32mMapped {/questions/statistics, GET} route[39m[38;5;3m +0ms[39m
[32m[Nest] 17980  - [39m08/06/2026, 2:12:14 PM [32m    LOG[39m [38;5;3m[RouterExplorer] [39m[32mMapped {/questions/filter-options, GET} route[39m[38;5;3m +0ms[39m
[32m[Nest] 17980  - [39m08/06/2026, 2:12:14 PM [32m    LOG[39m [38;5;3m[RouterExplorer] [39m[32mMapped {/questions/import/template, GET} route[39m[38;5;3m +0ms[39m
[32m[Nest] 17980  - [39m08/06/2026, 2:12:14 PM [32m    LOG[39m [38;5;3m[RouterExplorer] [39m[32mMapped {/questions/media/preview, POST} route[39m[38;5;3m +0ms[39m
[32m[Nest] 17980  - [39m08/06/2026, 2:12:14 PM [32m    LOG[39m [38;5;3m[RouterExplorer] [39m[32mMapped {/questions/media/upload, POST} route[39m[38;5;3m +1ms[39m
[32m[Nest] 17980  - [39m08/06/2026, 2:12:14 PM [32m    LOG[39m [38;5;3m[RouterExplorer] [39m[32mMapped {/questions/media/:id, DELETE} route[39m[38;5;3m +0ms[39m
[32m[Nest] 17980  - [39m08/06/2026, 2:12:14 PM [32m    LOG[39m [38;5;3m[RouterExplorer] [39m[32mMapped {/questions/export, POST} route[39m[38;5;3m +0ms[39m
[32m[Nest] 17980  - [39m08/06/2026, 2:12:14 PM [32m    LOG[39m [38;5;3m[RouterExplorer] [39m[32mMapped {/questions/bulk-action, POST} route[39m[38;5;3m +0ms[39m
[32m[Nest] 17980  - [39m08/06/2026, 2:12:14 PM [32m    LOG[39m [38;5;3m[RouterExplorer] [39m[32mMapped {/questions/import/preview, POST} route[39m[38;5;3m +0ms[39m
[32m[Nest] 17980  - [39m08/06/2026, 2:12:14 PM [32m    LOG[39m [38;5;3m[RouterExplorer] [39m[32mMapped {/questions/import/confirm, POST} route[39m[38;5;3m +0ms[39m
[32m[Nest] 17980  - [39m08/06/2026, 2:12:14 PM [32m    LOG[39m [38;5;3m[RouterExplorer] [39m[32mMapped {/questions/ai-generate, POST} route[39m[38;5;3m +1ms[39m
[32m[Nest] 17980  - [39m08/06/2026, 2:12:14 PM [32m    LOG[39m [38;5;3m[RouterExplorer] [39m[32mMapped {/questions/ai-save, POST} route[39m[38;5;3m +0ms[39m
[32m[Nest] 17980  - [39m08/06/2026, 2:12:14 PM [32m    LOG[39m [38;5;3m[RouterExplorer] [39m[32mMapped {/questions/ai-extract-text, POST} route[39m[38;5;3m +0ms[39m
[32m[Nest] 17980  - [39m08/06/2026, 2:12:14 PM [32m    LOG[39m [38;5;3m[RouterExplorer] [39m[32mMapped {/questions, POST} route[39m[38;5;3m +0ms[39m
[32m[Nest] 17980  - [39m08/06/2026, 2:12:14 PM [32m    LOG[39m [38;5;3m[RouterExplorer] [39m[32mMapped {/questions/:id, GET} route[39m[38;5;3m +0ms[39m
[32m[Nest] 17980  - [39m08/06/2026, 2:12:14 PM [32m    LOG[39m [38;5;3m[RouterExplorer] [39m[32mMapped {/questions/:id, PATCH} route[39m[38;5;3m +0ms[39m
[32m[Nest] 17980  - [39m08/06/2026, 2:12:14 PM [32m    LOG[39m [38;5;3m[RouterExplorer] [39m[32mMapped {/questions/:id/duplicate, POST} route[39m[38;5;3m +1ms[39m
[32m[Nest] 17980  - [39m08/06/2026, 2:12:14 PM [32m    LOG[39m [38;5;3m[RouterExplorer] [39m[32mMapped {/questions/:id/submit, POST} route[39m[38;5;3m +0ms[39m
[32m[Nest] 17980  - [39m08/06/2026, 2:12:14 PM [32m    LOG[39m [38;5;3m[RouterExplorer] [39m[32mMapped {/questions/:id/approve, POST} route[39m[38;5;3m +0ms[39m
[32m[Nest] 17980  - [39m08/06/2026, 2:12:14 PM [32m    LOG[39m [38;5;3m[RouterExplorer] [39m[32mMapped {/questions/:id/reject, POST} route[39m[38;5;3m +0ms[39m
[32m[Nest] 17980  - [39m08/06/2026, 2:12:14 PM [32m    LOG[39m [38;5;3m[RouterExplorer] [39m[32mMapped {/questions/:id/archive, POST} route[39m[38;5;3m +0ms[39m
[32m[Nest] 17980  - [39m08/06/2026, 2:12:14 PM [32m    LOG[39m [38;5;3m[RouterExplorer] [39m[32mMapped {/questions/:id/restore, POST} route[39m[38;5;3m +0ms[39m
[32m[Nest] 17980  - [39m08/06/2026, 2:12:14 PM [32m    LOG[39m [38;5;3m[RouterExplorer] [39m[32mMapped {/questions/:id, DELETE} route[39m[38;5;3m +1ms[39m
[32m[Nest] 17980  - [39m08/06/2026, 2:12:14 PM [32m    LOG[39m [38;5;3m[RoutesResolver] [39m[32mExamPapersController {/exam-papers}:[39m[38;5;3m +0ms[39m
[32m[Nest] 17980  - [39m08/06/2026, 2:12:14 PM [32m    LOG[39m [38;5;3m[RouterExplorer] [39m[32mMapped {/exam-papers/create-random, POST} route[39m[38;5;3m +0ms[39m
[32m[Nest] 17980  - [39m08/06/2026, 2:12:14 PM [32m    LOG[39m [38;5;3m[RouterExplorer] [39m[32mMapped {/exam-papers/preview-random, POST} route[39m[38;5;3m +0ms[39m
[32m[Nest] 17980  - [39m08/06/2026, 2:12:14 PM [32m    LOG[39m [38;5;3m[RouterExplorer] [39m[32mMapped {/exam-papers, GET} route[39m[38;5;3m +1ms[39m
[32m[Nest] 17980  - [39m08/06/2026, 2:12:14 PM [32m    LOG[39m [38;5;3m[RouterExplorer] [39m[32mMapped {/exam-papers/:id, GET} route[39m[38;5;3m +0ms[39m
[32m[Nest] 17980  - [39m08/06/2026, 2:12:14 PM [32m    LOG[39m [38;5;3m[RouterExplorer] [39m[32mMapped {/exam-papers/:id/publish, POST} route[39m[38;5;3m +0ms[39m
[32m[Nest] 17980  - [39m08/06/2026, 2:12:14 PM [32m    LOG[39m [38;5;3m[RouterExplorer] [39m[32mMapped {/exam-papers/:id/archive, POST} route[39m[38;5;3m +1ms[39m
[32m[Nest] 17980  - [39m08/06/2026, 2:12:14 PM [32m    LOG[39m [38;5;3m[RouterExplorer] [39m[32mMapped {/exam-papers/:id/restore, POST} route[39m[38;5;3m +0ms[39m
[32m[Nest] 17980  - [39m08/06/2026, 2:12:14 PM [32m    LOG[39m [38;5;3m[RouterExplorer] [39m[32mMapped {/exam-papers/:id, DELETE} route[39m[38;5;3m +1ms[39m
[32m[Nest] 17980  - [39m08/06/2026, 2:12:14 PM [32m    LOG[39m [38;5;3m[RoutesResolver] [39m[32mDashboardController {/dashboard}:[39m[38;5;3m +0ms[39m
[32m[Nest] 17980  - [39m08/06/2026, 2:12:14 PM [32m    LOG[39m [38;5;3m[RouterExplorer] [39m[32mMapped {/dashboard/overview, GET} route[39m[38;5;3m +0ms[39m
[32m[Nest] 17980  - [39m08/06/2026, 2:12:14 PM [32m    LOG[39m [38;5;3m[RoutesResolver] [39m[32mOnlineExamsController {/online-exams}:[39m[38;5;3m +0ms[39m
[32m[Nest] 17980  - [39m08/06/2026, 2:12:14 PM [32m    LOG[39m [38;5;3m[RouterExplorer] [39m[32mMapped {/online-exams/schedule/:scheduleId/check-eligibility, GET} route[39m[38;5;3m +0ms[39m
[32m[Nest] 17980  - [39m08/06/2026, 2:12:14 PM [32m    LOG[39m [38;5;3m[RouterExplorer] [39m[32mMapped {/online-exams/schedule/:scheduleId/start, POST} route[39m[38;5;3m +1ms[39m
[32m[Nest] 17980  - [39m08/06/2026, 2:12:14 PM [32m    LOG[39m [38;5;3m[RouterExplorer] [39m[32mMapped {/online-exams/attempt/:token/questions, GET} route[39m[38;5;3m +0ms[39m
[32m[Nest] 17980  - [39m08/06/2026, 2:12:14 PM [32m    LOG[39m [38;5;3m[RouterExplorer] [39m[32mMapped {/online-exams/attempt/:token/answers/save, POST} route[39m[38;5;3m +0ms[39m
[32m[Nest] 17980  - [39m08/06/2026, 2:12:14 PM [32m    LOG[39m [38;5;3m[RouterExplorer] [39m[32mMapped {/online-exams/attempt/:token/heartbeat, POST} route[39m[38;5;3m +0ms[39m
[32m[Nest] 17980  - [39m08/06/2026, 2:12:14 PM [32m    LOG[39m [38;5;3m[RouterExplorer] [39m[32mMapped {/online-exams/attempt/:token/events, POST} route[39m[38;5;3m +0ms[39m
[32m[Nest] 17980  - [39m08/06/2026, 2:12:14 PM [32m    LOG[39m [38;5;3m[RouterExplorer] [39m[32mMapped {/online-exams/attempt/:token/submit, POST} route[39m[38;5;3m +1ms[39m
[32m[Nest] 17980  - [39m08/06/2026, 2:12:14 PM [32m    LOG[39m [38;5;3m[RouterExplorer] [39m[32mMapped {/online-exams/attempt/:attemptId/result, GET} route[39m[38;5;3m +0ms[39m
[32m[Nest] 17980  - [39m08/06/2026, 2:12:14 PM [32m    LOG[39m [38;5;3m[RouterExplorer] [39m[32mMapped {/online-exams/attempt/:attemptId/appeal, POST} route[39m[38;5;3m +0ms[39m
[32m[Nest] 17980  - [39m08/06/2026, 2:12:14 PM [32m    LOG[39m [38;5;3m[RouterExplorer] [39m[32mMapped {/online-exams/schedule/:scheduleId/grade-report, GET} route[39m[38;5;3m +1ms[39m
[32m[Nest] 17980  - [39m08/06/2026, 2:12:14 PM [32m    LOG[39m [38;5;3m[RoutesResolver] [39m[32mProctorController {/proctor}:[39m[38;5;3m +0ms[39m
[32m[Nest] 17980  - [39m08/06/2026, 2:12:14 PM [32m    LOG[39m [38;5;3m[RouterExplorer] [39m[32mMapped {/proctor/live-dashboard/:scheduleRoomId, GET} route[39m[38;5;3m +0ms[39m
[32m[Nest] 17980  - [39m08/06/2026, 2:12:14 PM [32m    LOG[39m [38;5;3m[RouterExplorer] [39m[32mMapped {/proctor/attempt/:attemptId/extend-time, POST} route[39m[38;5;3m +1ms[39m
[32m[Nest] 17980  - [39m08/06/2026, 2:12:14 PM [32m    LOG[39m [38;5;3m[RouterExplorer] [39m[32mMapped {/proctor/attempt/:attemptId/reopen, POST} route[39m[38;5;3m +0ms[39m
[32m[Nest] 17980  - [39m08/06/2026, 2:12:14 PM [32m    LOG[39m [38;5;3m[RouterExplorer] [39m[32mMapped {/proctor/attempt/:attemptId/flag-incident, POST} route[39m[38;5;3m +0ms[39m
[32m[Nest] 17980  - [39m08/06/2026, 2:12:14 PM [32m    LOG[39m [38;5;3m[RouterExplorer] [39m[32mMapped {/proctor/attempt/:attemptId/resolve-incident, POST} route[39m[38;5;3m +0ms[39m
[32m[Nest] 17980  - [39m08/06/2026, 2:12:14 PM [32m    LOG[39m [38;5;3m[RoutesResolver] [39m[32mEssayController {/essay}:[39m[38;5;3m +0ms[39m
[32m[Nest] 17980  - [39m08/06/2026, 2:12:14 PM [32m    LOG[39m [38;5;3m[RouterExplorer] [39m[32mMapped {/essay/questions/:questionId/rubric, GET} route[39m[38;5;3m +1ms[39m
[32m[Nest] 17980  - [39m08/06/2026, 2:12:14 PM [32m    LOG[39m [38;5;3m[RouterExplorer] [39m[32mMapped {/essay/questions/:questionId/rubric, POST} route[39m[38;5;3m +0ms[39m
[32m[Nest] 17980  - [39m08/06/2026, 2:12:14 PM [32m    LOG[39m [38;5;3m[RouterExplorer] [39m[32mMapped {/essay/grading/assignments, GET} route[39m[38;5;3m +0ms[39m
[32m[Nest] 17980  - [39m08/06/2026, 2:12:14 PM [32m    LOG[39m [38;5;3m[RouterExplorer] [39m[32mMapped {/essay/grading/attempts/:attemptId, GET} route[39m[38;5;3m +0ms[39m
[32m[Nest] 17980  - [39m08/06/2026, 2:12:14 PM [32m    LOG[39m [38;5;3m[RouterExplorer] [39m[32mMapped {/essay/grading/answers/:answerId, PATCH} route[39m[38;5;3m +0ms[39m
[32m[Nest] 17980  - [39m08/06/2026, 2:12:14 PM [32m    LOG[39m [38;5;3m[RouterExplorer] [39m[32mMapped {/essay/grading/attempts/:attemptId/submit, POST} route[39m[38;5;3m +1ms[39m
[32m[Nest] 17980  - [39m08/06/2026, 2:12:14 PM [32m    LOG[39m [38;5;3m[RouterExplorer] [39m[32mMapped {/essay/grading/attempts/:attemptId/approve, POST} route[39m[38;5;3m +1ms[39m
[32m[Nest] 17980  - [39m08/06/2026, 2:12:14 PM [32m    LOG[39m [38;5;3m[RouterExplorer] [39m[32mMapped {/essay/grading/attempts/:attemptId/publish, POST} route[39m[38;5;3m +0ms[39m
[32m[Nest] 17980  - [39m08/06/2026, 2:12:14 PM [32m    LOG[39m [38;5;3m[RouterExplorer] [39m[32mMapped {/essay/grading/attempts/:attemptId/reopen, POST} route[39m[38;5;3m +1ms[39m
[32m[Nest] 17980  - [39m08/06/2026, 2:12:14 PM [32m    LOG[39m [38;5;3m[RouterExplorer] [39m[32mMapped {/essay/grading/attempts/:attemptId/extend-time, POST} route[39m[38;5;3m +0ms[39m
[32m[Nest] 17980  - [39m08/06/2026, 2:12:14 PM [32m    LOG[39m [38;5;3m[RouterExplorer] [39m[32mMapped {/essay/grading/attempts/:attemptId/penalty, POST} route[39m[38;5;3m +0ms[39m
[32m[Nest] 17980  - [39m08/06/2026, 2:12:14 PM [32m    LOG[39m [38;5;3m[RouterExplorer] [39m[32mMapped {/essay/attempt/:token/answers/:questionId/files, POST} route[39m[38;5;3m +1ms[39m
[32m[Nest] 17980  - [39m08/06/2026, 2:12:14 PM [32m    LOG[39m [38;5;3m[RoutesResolver] [39m[32mEssayGradingController {/essay-grading}:[39m[38;5;3m +0ms[39m
[32m[Nest] 17980  - [39m08/06/2026, 2:12:14 PM [32m    LOG[39m [38;5;3m[RouterExplorer] [39m[32mMapped {/essay-grading/assignments, GET} route[39m[38;5;3m +0ms[39m
[32m[Nest] 17980  - [39m08/06/2026, 2:12:14 PM [32m    LOG[39m [38;5;3m[RouterExplorer] [39m[32mMapped {/essay-grading/attempts/:attemptId, GET} route[39m[38;5;3m +0ms[39m
[32m[Nest] 17980  - [39m08/06/2026, 2:12:14 PM [32m    LOG[39m [38;5;3m[RouterExplorer] [39m[32mMapped {/essay-grading/answers/:answerId, PATCH} route[39m[38;5;3m +1ms[39m
[32m[Nest] 17980  - [39m08/06/2026, 2:12:14 PM [32m    LOG[39m [38;5;3m[RouterExplorer] [39m[32mMapped {/essay-grading/answers/:answerId/ai-suggest, POST} route[39m[38;5;3m +0ms[39m
[32m[Nest] 17980  - [39m08/06/2026, 2:12:14 PM [32m    LOG[39m [38;5;3m[RouterExplorer] [39m[32mMapped {/essay-grading/attempts/:attemptId/submit, POST} route[39m[38;5;3m +0ms[39m
[32m[Nest] 17980  - [39m08/06/2026, 2:12:14 PM [32m    LOG[39m [38;5;3m[RouterExplorer] [39m[32mMapped {/essay-grading/attempts/:attemptId/approve, POST} route[39m[38;5;3m +0ms[39m
[32m[Nest] 17980  - [39m08/06/2026, 2:12:14 PM [32m    LOG[39m [38;5;3m[RouterExplorer] [39m[32mMapped {/essay-grading/attempts/:attemptId/publish, POST} route[39m[38;5;3m +0ms[39m
[32m[Nest] 17980  - [39m08/06/2026, 2:12:14 PM [32m    LOG[39m [38;5;3m[RouterExplorer] [39m[32mMapped {/essay-grading/attempts/:attemptId/reopen, POST} route[39m[38;5;3m +0ms[39m
[32m[Nest] 17980  - [39m08/06/2026, 2:12:14 PM [32m    LOG[39m [38;5;3m[RouterExplorer] [39m[32mMapped {/essay-grading/attempts/:attemptId/extend-time, POST} route[39m[38;5;3m +0ms[39m
[32m[Nest] 17980  - [39m08/06/2026, 2:12:14 PM [32m    LOG[39m [38;5;3m[RouterExplorer] [39m[32mMapped {/essay-grading/attempts/:attemptId/penalty, POST} route[39m[38;5;3m +1ms[39m
[32m[Nest] 17980  - [39m08/06/2026, 2:12:14 PM [32m    LOG[39m [38;5;3m[RoutesResolver] [39m[32mEssayConfigController {/online-exam-config}:[39m[38;5;3m +0ms[39m
[32m[Nest] 17980  - [39m08/06/2026, 2:12:14 PM [32m    LOG[39m [38;5;3m[RouterExplorer] [39m[32mMapped {/online-exam-config/:scheduleId/essay, PATCH} route[39m[38;5;3m +0ms[39m
[32m[Nest] 17980  - [39m08/06/2026, 2:12:14 PM [32m    LOG[39m [38;5;3m[RoutesResolver] [39m[32mContactController {/contact}:[39m[38;5;3m +0ms[39m
[32m[Nest] 17980  - [39m08/06/2026, 2:12:14 PM [32m    LOG[39m [38;5;3m[RouterExplorer] [39m[32mMapped {/contact/send, POST} route[39m[38;5;3m +0ms[39m
[32m[Nest] 17980  - [39m08/06/2026, 2:12:14 PM [32m    LOG[39m [38;5;3m[RoutesResolver] [39m[32mAiController {/ai}:[39m[38;5;3m +0ms[39m
[32m[Nest] 17980  - [39m08/06/2026, 2:12:14 PM [32m    LOG[39m [38;5;3m[RouterExplorer] [39m[32mMapped {/ai/status, GET} route[39m[38;5;3m +0ms[39m
[32m[Nest] 17980  - [39m08/06/2026, 2:12:14 PM [32m    LOG[39m [38;5;3m[RouterExplorer] [39m[32mMapped {/ai/grade-essay, POST} route[39m[38;5;3m +0ms[39m
[32m[Nest] 17980  - [39m08/06/2026, 2:12:14 PM [32m    LOG[39m [38;5;3m[RouterExplorer] [39m[32mMapped {/ai/generate-questions, POST} route[39m[38;5;3m +0ms[39m
[32m[Nest] 17980  - [39m08/06/2026, 2:12:14 PM [32m    LOG[39m [38;5;3m[NestApplication] [39m[32mNest application successfully started[39m[38;5;3m +90ms[39m
[31m[Nest] 17980  - [39m08/06/2026, 2:12:14 PM [31m  ERROR[39m [38;5;3m[NestApplication] [39m[31mError: listen EADDRINUSE: address already in use :::3001[39m[38;5;3m +3ms[39m
node:net:2009
    const ex = new UVExceptionWithHostPort(err, 'listen', address, port);
               ^

Error: listen EADDRINUSE: address already in use :::3001
    at Server.setupListenHandle [as _listen2] (node:net:2009:16)
    at listenInCluster (node:net:2066:12)
    at Server.listen (node:net:2171:7)
    at ExpressAdapter.listen (C:\Users\loiho\.gemini\antigravity-ide\scratch\exam-management\backend\node_modules\@nestjs\platform-express\adapters\express-adapter.js:95:32)
    at C:\Users\loiho\.gemini\antigravity-ide\scratch\exam-management\backend\node_modules\@nestjs\core\nest-application.js:183:30
    at new Promise (<anonymous>)
    at NestApplication.listen (C:\Users\loiho\.gemini\antigravity-ide\scratch\exam-management\backend\node_modules\@nestjs\core\nest-application.js:173:16)
    at async bootstrap (C:\Users\loiho\.gemini\antigravity-ide\scratch\exam-management\backend\src\main.ts:32:3) {
  code: 'EADDRINUSE',
  errno: -4091,
  syscall: 'listen',
  address: '::',
  port: 3001
}

Node.js v24.18.1
[2J[3J[H[[90m2:12:57 PM[0m] File change detected. Starting incremental compilation...

[[90m2:12:58 PM[0m] Found 0 errors. Watching for file changes.

[32m[Nest] 6504  - [39m08/06/2026, 2:13:09 PM [32m    LOG[39m [38;5;3m[NestFactory] [39m[32mStarting Nest application...[39m
[32m[Nest] 6504  - [39m08/06/2026, 2:13:09 PM [32m    LOG[39m [38;5;3m[InstanceLoader] [39m[32mAppModule dependencies initialized[39m[38;5;3m +63ms[39m
[32m[Nest] 6504  - [39m08/06/2026, 2:13:09 PM [32m    LOG[39m [38;5;3m[InstanceLoader] [39m[32mPrismaModule dependencies initialized[39m[38;5;3m +9ms[39m
[32m[Nest] 6504  - [39m08/06/2026, 2:13:09 PM [32m    LOG[39m [38;5;3m[InstanceLoader] [39m[32mPassportModule dependencies initialized[39m[38;5;3m +0ms[39m
[32m[Nest] 6504  - [39m08/06/2026, 2:13:09 PM [32m    LOG[39m [38;5;3m[InstanceLoader] [39m[32mSecurityModule dependencies initialized[39m[38;5;3m +17ms[39m
[32m[Nest] 6504  - [39m08/06/2026, 2:13:09 PM [32m    LOG[39m [38;5;3m[InstanceLoader] [39m[32mAuditModule dependencies initialized[39m[38;5;3m +0ms[39m
[32m[Nest] 6504  - [39m08/06/2026, 2:13:09 PM [32m    LOG[39m [38;5;3m[InstanceLoader] [39m[32mConfigHostModule dependencies initialized[39m[38;5;3m +1ms[39m
[32m[Nest] 6504  - [39m08/06/2026, 2:13:09 PM [32m    LOG[39m [38;5;3m[InstanceLoader] [39m[32mJwtModule dependencies initialized[39m[38;5;3m +0ms[39m
[32m[Nest] 6504  - [39m08/06/2026, 2:13:09 PM [32m    LOG[39m [38;5;3m[InstanceLoader] [39m[32mConfigModule dependencies initialized[39m[38;5;3m +9ms[39m
[32m[Nest] 6504  - [39m08/06/2026, 2:13:09 PM [32m    LOG[39m [38;5;3m[InstanceLoader] [39m[32mConfigModule dependencies initialized[39m[38;5;3m +0ms[39m
[32m[Nest] 6504  - [39m08/06/2026, 2:13:09 PM [32m    LOG[39m [38;5;3m[InstanceLoader] [39m[32mUsersModule dependencies initialized[39m[38;5;3m +13ms[39m
[32m[Nest] 6504  - [39m08/06/2026, 2:13:09 PM [32m    LOG[39m [38;5;3m[InstanceLoader] [39m[32mDepartmentsModule dependencies initialized[39m[38;5;3m +0ms[39m
[32m[Nest] 6504  - [39m08/06/2026, 2:13:09 PM [32m    LOG[39m [38;5;3m[InstanceLoader] [39m[32mClassesModule dependencies initialized[39m[38;5;3m +1ms[39m
[32m[Nest] 6504  - [39m08/06/2026, 2:13:09 PM [32m    LOG[39m [38;5;3m[InstanceLoader] [39m[32mStudentsModule dependencies initialized[39m[38;5;3m +0ms[39m
[32m[Nest] 6504  - [39m08/06/2026, 2:13:09 PM [32m    LOG[39m [38;5;3m[InstanceLoader] [39m[32mSubjectsModule dependencies initialized[39m[38;5;3m +0ms[39m
[32m[Nest] 6504  - [39m08/06/2026, 2:13:09 PM [32m    LOG[39m [38;5;3m[InstanceLoader] [39m[32mDashboardModule dependencies initialized[39m[38;5;3m +0ms[39m
[32m[Nest] 6504  - [39m08/06/2026, 2:13:09 PM [32m    LOG[39m [38;5;3m[InstanceLoader] [39m[32mContactModule dependencies initialized[39m[38;5;3m +0ms[39m
[32m[Nest] 6504  - [39m08/06/2026, 2:13:09 PM [32m    LOG[39m [38;5;3m[InstanceLoader] [39m[32mProctorModule dependencies initialized[39m[38;5;3m +1ms[39m
[32m[Nest] 6504  - [39m08/06/2026, 2:13:09 PM [32m    LOG[39m [38;5;3m[InstanceLoader] [39m[32mTeachersModule dependencies initialized[39m[38;5;3m +1ms[39m
[32m[Nest] 6504  - [39m08/06/2026, 2:13:09 PM [32m    LOG[39m [38;5;3m[InstanceLoader] [39m[32mExamRoomsModule dependencies initialized[39m[38;5;3m +0ms[39m
[32m[Nest] 6504  - [39m08/06/2026, 2:13:09 PM [32m    LOG[39m [38;5;3m[InstanceLoader] [39m[32mExamPeriodsModule dependencies initialized[39m[38;5;3m +0ms[39m
[32m[Nest] 6504  - [39m08/06/2026, 2:13:09 PM [32m    LOG[39m [38;5;3m[InstanceLoader] [39m[32mExamSchedulesModule dependencies initialized[39m[38;5;3m +0ms[39m
[32m[Nest] 6504  - [39m08/06/2026, 2:13:09 PM [32m    LOG[39m [38;5;3m[InstanceLoader] [39m[32mExamArrangementModule dependencies initialized[39m[38;5;3m +0ms[39m
[32m[Nest] 6504  - [39m08/06/2026, 2:13:09 PM [32m    LOG[39m [38;5;3m[InstanceLoader] [39m[32mExamSupervisorsModule dependencies initialized[39m[38;5;3m +0ms[39m
[32m[Nest] 6504  - [39m08/06/2026, 2:13:09 PM [32m    LOG[39m [38;5;3m[InstanceLoader] [39m[32mQuestionsModule dependencies initialized[39m[38;5;3m +0ms[39m
[32m[Nest] 6504  - [39m08/06/2026, 2:13:09 PM [32m    LOG[39m [38;5;3m[InstanceLoader] [39m[32mExamPapersModule dependencies initialized[39m[38;5;3m +0ms[39m
[32m[Nest] 6504  - [39m08/06/2026, 2:13:09 PM [32m    LOG[39m [38;5;3m[InstanceLoader] [39m[32mEssayModule dependencies initialized[39m[38;5;3m +0ms[39m
[32m[Nest] 6504  - [39m08/06/2026, 2:13:09 PM [32m    LOG[39m [38;5;3m[InstanceLoader] [39m[32mOnlineExamsModule dependencies initialized[39m[38;5;3m +0ms[39m
[32m[Nest] 6504  - [39m08/06/2026, 2:13:09 PM [32m    LOG[39m [38;5;3m[InstanceLoader] [39m[32mAuthModule dependencies initialized[39m[38;5;3m +0ms[39m
[32m[Nest] 6504  - [39m08/06/2026, 2:13:09 PM [32m    LOG[39m [38;5;3m[InstanceLoader] [39m[32mAiModule dependencies initialized[39m[38;5;3m +2ms[39m
[32m[Nest] 6504  - [39m08/06/2026, 2:13:09 PM [32m    LOG[39m [38;5;3m[RoutesResolver] [39m[32mAuthController {/auth}:[39m[38;5;3m +15ms[39m
[32m[Nest] 6504  - [39m08/06/2026, 2:13:09 PM [32m    LOG[39m [38;5;3m[RouterExplorer] [39m[32mMapped {/auth/login, POST} route[39m[38;5;3m +11ms[39m
[32m[Nest] 6504  - [39m08/06/2026, 2:13:09 PM [32m    LOG[39m [38;5;3m[RouterExplorer] [39m[32mMapped {/auth/profile, GET} route[39m[38;5;3m +3ms[39m
[32m[Nest] 6504  - [39m08/06/2026, 2:13:09 PM [32m    LOG[39m [38;5;3m[RouterExplorer] [39m[32mMapped {/auth/change-password, POST} route[39m[38;5;3m +1ms[39m
[32m[Nest] 6504  - [39m08/06/2026, 2:13:09 PM [32m    LOG[39m [38;5;3m[RouterExplorer] [39m[32mMapped {/auth/profile, POST} route[39m[38;5;3m +0ms[39m
[32m[Nest] 6504  - [39m08/06/2026, 2:13:09 PM [32m    LOG[39m [38;5;3m[RoutesResolver] [39m[32mUsersController {/users}:[39m[38;5;3m +1ms[39m
[32m[Nest] 6504  - [39m08/06/2026, 2:13:09 PM [32m    LOG[39m [38;5;3m[RouterExplorer] [39m[32mMapped {/users/dashboard-stats, GET} route[39m[38;5;3m +0ms[39m
[32m[Nest] 6504  - [39m08/06/2026, 2:13:09 PM [32m    LOG[39m [38;5;3m[RouterExplorer] [39m[32mMapped {/users, GET} route[39m[38;5;3m +1ms[39m
[32m[Nest] 6504  - [39m08/06/2026, 2:13:09 PM [32m    LOG[39m [38;5;3m[RouterExplorer] [39m[32mMapped {/users/:id, GET} route[39m[38;5;3m +2ms[39m
[32m[Nest] 6504  - [39m08/06/2026, 2:13:09 PM [32m    LOG[39m [38;5;3m[RoutesResolver] [39m[32mDepartmentsController {/departments}:[39m[38;5;3m +0ms[39m
[32m[Nest] 6504  - [39m08/06/2026, 2:13:09 PM [32m    LOG[39m [38;5;3m[RouterExplorer] [39m[32mMapped {/departments, GET} route[39m[38;5;3m +3ms[39m
[32m[Nest] 6504  - [39m08/06/2026, 2:13:09 PM [32m    LOG[39m [38;5;3m[RouterExplorer] [39m[32mMapped {/departments/:id/curriculum, GET} route[39m[38;5;3m +3ms[39m
[32m[Nest] 6504  - [39m08/06/2026, 2:13:09 PM [32m    LOG[39m [38;5;3m[RouterExplorer] [39m[32mMapped {/departments/:id, GET} route[39m[38;5;3m +2ms[39m
[32m[Nest] 6504  - [39m08/06/2026, 2:13:09 PM [32m    LOG[39m [38;5;3m[RouterExplorer] [39m[32mMapped {/departments, POST} route[39m[38;5;3m +0ms[39m
[32m[Nest] 6504  - [39m08/06/2026, 2:13:09 PM [32m    LOG[39m [38;5;3m[RouterExplorer] [39m[32mMapped {/departments/:id/curriculum, POST} route[39m[38;5;3m +1ms[39m
[32m[Nest] 6504  - [39m08/06/2026, 2:13:09 PM [32m    LOG[39m [38;5;3m[RouterExplorer] [39m[32mMapped {/departments/:id, PATCH} route[39m[38;5;3m +0ms[39m
[32m[Nest] 6504  - [39m08/06/2026, 2:13:09 PM [32m    LOG[39m [38;5;3m[RouterExplorer] [39m[32mMapped {/departments/:id/curriculum/:subjectId, DELETE} route[39m[38;5;3m +1ms[39m
[32m[Nest] 6504  - [39m08/06/2026, 2:13:09 PM [32m    LOG[39m [38;5;3m[RouterExplorer] [39m[32mMapped {/departments/:id, DELETE} route[39m[38;5;3m +0ms[39m
[32m[Nest] 6504  - [39m08/06/2026, 2:13:09 PM [32m    LOG[39m [38;5;3m[RoutesResolver] [39m[32mClassesController {/classes}:[39m[38;5;3m +1ms[39m
[32m[Nest] 6504  - [39m08/06/2026, 2:13:09 PM [32m    LOG[39m [38;5;3m[RouterExplorer] [39m[32mMapped {/classes, GET} route[39m[38;5;3m +2ms[39m
[32m[Nest] 6504  - [39m08/06/2026, 2:13:09 PM [32m    LOG[39m [38;5;3m[RouterExplorer] [39m[32mMapped {/classes/:id, GET} route[39m[38;5;3m +0ms[39m
[32m[Nest] 6504  - [39m08/06/2026, 2:13:09 PM [32m    LOG[39m [38;5;3m[RouterExplorer] [39m[32mMapped {/classes, POST} route[39m[38;5;3m +1ms[39m
[32m[Nest] 6504  - [39m08/06/2026, 2:13:09 PM [32m    LOG[39m [38;5;3m[RouterExplorer] [39m[32mMapped {/classes/:id, PATCH} route[39m[38;5;3m +0ms[39m
[32m[Nest] 6504  - [39m08/06/2026, 2:13:09 PM [32m    LOG[39m [38;5;3m[RouterExplorer] [39m[32mMapped {/classes/:id, DELETE} route[39m[38;5;3m +1ms[39m
[32m[Nest] 6504  - [39m08/06/2026, 2:13:09 PM [32m    LOG[39m [38;5;3m[RoutesResolver] [39m[32mStudentsController {/students}:[39m[38;5;3m +0ms[39m
[32m[Nest] 6504  - [39m08/06/2026, 2:13:09 PM [32m    LOG[39m [38;5;3m[RouterExplorer] [39m[32mMapped {/students/my-schedule, GET} route[39m[38;5;3m +2ms[39m
[32m[Nest] 6504  - [39m08/06/2026, 2:13:09 PM [32m    LOG[39m [38;5;3m[RouterExplorer] [39m[32mMapped {/students/my-curriculum, GET} route[39m[38;5;3m +1ms[39m
[32m[Nest] 6504  - [39m08/06/2026, 2:13:09 PM [32m    LOG[39m [38;5;3m[RouterExplorer] [39m[32mMapped {/students, GET} route[39m[38;5;3m +1ms[39m
[32m[Nest] 6504  - [39m08/06/2026, 2:13:09 PM [32m    LOG[39m [38;5;3m[RouterExplorer] [39m[32mMapped {/students/:id, GET} route[39m[38;5;3m +0ms[39m
[32m[Nest] 6504  - [39m08/06/2026, 2:13:09 PM [32m    LOG[39m [38;5;3m[RouterExplorer] [39m[32mMapped {/students, POST} route[39m[38;5;3m +0ms[39m
[32m[Nest] 6504  - [39m08/06/2026, 2:13:09 PM [32m    LOG[39m [38;5;3m[RouterExplorer] [39m[32mMapped {/students/:id, PATCH} route[39m[38;5;3m +0ms[39m
[32m[Nest] 6504  - [39m08/06/2026, 2:13:09 PM [32m    LOG[39m [38;5;3m[RouterExplorer] [39m[32mMapped {/students/:id, DELETE} route[39m[38;5;3m +1ms[39m
[32m[Nest] 6504  - [39m08/06/2026, 2:13:09 PM [32m    LOG[39m [38;5;3m[RoutesResolver] [39m[32mTeachersController {/teachers}:[39m[38;5;3m +0ms[39m
[32m[Nest] 6504  - [39m08/06/2026, 2:13:09 PM [32m    LOG[39m [38;5;3m[RouterExplorer] [39m[32mMapped {/teachers/my-assignments, GET} route[39m[38;5;3m +0ms[39m
[32m[Nest] 6504  - [39m08/06/2026, 2:13:09 PM [32m    LOG[39m [38;5;3m[RouterExplorer] [39m[32mMapped {/teachers/my-assignments/:id/status, PATCH} route[39m[38;5;3m +1ms[39m
[32m[Nest] 6504  - [39m08/06/2026, 2:13:09 PM [32m    LOG[39m [38;5;3m[RouterExplorer] [39m[32mMapped {/teachers/my-assignments/:id/attendance-sheet, GET} route[39m[38;5;3m +0ms[39m
[32m[Nest] 6504  - [39m08/06/2026, 2:13:09 PM [32m    LOG[39m [38;5;3m[RouterExplorer] [39m[32mMapped {/teachers, GET} route[39m[38;5;3m +1ms[39m
[32m[Nest] 6504  - [39m08/06/2026, 2:13:09 PM [32m    LOG[39m [38;5;3m[RouterExplorer] [39m[32mMapped {/teachers/:id/lock, POST} route[39m[38;5;3m +1ms[39m
[32m[Nest] 6504  - [39m08/06/2026, 2:13:09 PM [32m    LOG[39m [38;5;3m[RouterExplorer] [39m[32mMapped {/teachers/:id/unlock, POST} route[39m[38;5;3m +0ms[39m
[32m[Nest] 6504  - [39m08/06/2026, 2:13:09 PM [32m    LOG[39m [38;5;3m[RouterExplorer] [39m[32mMapped {/teachers/:id, GET} route[39m[38;5;3m +0ms[39m
[32m[Nest] 6504  - [39m08/06/2026, 2:13:09 PM [32m    LOG[39m [38;5;3m[RouterExplorer] [39m[32mMapped {/teachers, POST} route[39m[38;5;3m +1ms[39m
[32m[Nest] 6504  - [39m08/06/2026, 2:13:09 PM [32m    LOG[39m [38;5;3m[RouterExplorer] [39m[32mMapped {/teachers/:id, PATCH} route[39m[38;5;3m +0ms[39m
[32m[Nest] 6504  - [39m08/06/2026, 2:13:09 PM [32m    LOG[39m [38;5;3m[RouterExplorer] [39m[32mMapped {/teachers/:id, DELETE} route[39m[38;5;3m +1ms[39m
[32m[Nest] 6504  - [39m08/06/2026, 2:13:09 PM [32m    LOG[39m [38;5;3m[RoutesResolver] [39m[32mSubjectsController {/subjects}:[39m[38;5;3m +0ms[39m
[32m[Nest] 6504  - [39m08/06/2026, 2:13:09 PM [32m    LOG[39m [38;5;3m[RouterExplorer] [39m[32mMapped {/subjects, GET} route[39m[38;5;3m +0ms[39m
[32m[Nest] 6504  - [39m08/06/2026, 2:13:09 PM [32m    LOG[39m [38;5;3m[RouterExplorer] [39m[32mMapped {/subjects/:id, GET} route[39m[38;5;3m +1ms[39m
[32m[Nest] 6504  - [39m08/06/2026, 2:13:09 PM [32m    LOG[39m [38;5;3m[RouterExplorer] [39m[32mMapped {/subjects/:id/chapters, GET} route[39m[38;5;3m +0ms[39m
[32m[Nest] 6504  - [39m08/06/2026, 2:13:09 PM [32m    LOG[39m [38;5;3m[RouterExplorer] [39m[32mMapped {/subjects/:id/enrollments, GET} route[39m[38;5;3m +0ms[39m
[32m[Nest] 6504  - [39m08/06/2026, 2:13:09 PM [32m    LOG[39m [38;5;3m[RouterExplorer] [39m[32mMapped {/subjects/:id/enroll-students, POST} route[39m[38;5;3m +1ms[39m
[32m[Nest] 6504  - [39m08/06/2026, 2:13:09 PM [32m    LOG[39m [38;5;3m[RouterExplorer] [39m[32mMapped {/subjects, POST} route[39m[38;5;3m +0ms[39m
[32m[Nest] 6504  - [39m08/06/2026, 2:13:09 PM [32m    LOG[39m [38;5;3m[RouterExplorer] [39m[32mMapped {/subjects/:id, PATCH} route[39m[38;5;3m +0ms[39m
[32m[Nest] 6504  - [39m08/06/2026, 2:13:09 PM [32m    LOG[39m [38;5;3m[RouterExplorer] [39m[32mMapped {/subjects/:id, DELETE} route[39m[38;5;3m +0ms[39m
[32m[Nest] 6504  - [39m08/06/2026, 2:13:09 PM [32m    LOG[39m [38;5;3m[RoutesResolver] [39m[32mExamRoomsController {/exam-rooms}:[39m[38;5;3m +1ms[39m
[32m[Nest] 6504  - [39m08/06/2026, 2:13:09 PM [32m    LOG[39m [38;5;3m[RouterExplorer] [39m[32mMapped {/exam-rooms, GET} route[39m[38;5;3m +1ms[39m
[32m[Nest] 6504  - [39m08/06/2026, 2:13:09 PM [32m    LOG[39m [38;5;3m[RouterExplorer] [39m[32mMapped {/exam-rooms/:id, GET} route[39m[38;5;3m +1ms[39m
[32m[Nest] 6504  - [39m08/06/2026, 2:13:09 PM [32m    LOG[39m [38;5;3m[RouterExplorer] [39m[32mMapped {/exam-rooms/:id/lock, POST} route[39m[38;5;3m +0ms[39m
[32m[Nest] 6504  - [39m08/06/2026, 2:13:09 PM [32m    LOG[39m [38;5;3m[RouterExplorer] [39m[32mMapped {/exam-rooms/:id/unlock, POST} route[39m[38;5;3m +0ms[39m
[32m[Nest] 6504  - [39m08/06/2026, 2:13:09 PM [32m    LOG[39m [38;5;3m[RouterExplorer] [39m[32mMapped {/exam-rooms, POST} route[39m[38;5;3m +1ms[39m
[32m[Nest] 6504  - [39m08/06/2026, 2:13:09 PM [32m    LOG[39m [38;5;3m[RouterExplorer] [39m[32mMapped {/exam-rooms/:id, PATCH} route[39m[38;5;3m +0ms[39m
[32m[Nest] 6504  - [39m08/06/2026, 2:13:09 PM [32m    LOG[39m [38;5;3m[RouterExplorer] [39m[32mMapped {/exam-rooms/:id, DELETE} route[39m[38;5;3m +1ms[39m
[32m[Nest] 6504  - [39m08/06/2026, 2:13:09 PM [32m    LOG[39m [38;5;3m[RoutesResolver] [39m[32mExamPeriodsController {/exam-periods}:[39m[38;5;3m +0ms[39m
[32m[Nest] 6504  - [39m08/06/2026, 2:13:09 PM [32m    LOG[39m [38;5;3m[RouterExplorer] [39m[32mMapped {/exam-periods, GET} route[39m[38;5;3m +6ms[39m
[32m[Nest] 6504  - [39m08/06/2026, 2:13:09 PM [32m    LOG[39m [38;5;3m[RouterExplorer] [39m[32mMapped {/exam-periods/:id, GET} route[39m[38;5;3m +0ms[39m
[32m[Nest] 6504  - [39m08/06/2026, 2:13:09 PM [32m    LOG[39m [38;5;3m[RouterExplorer] [39m[32mMapped {/exam-periods, POST} route[39m[38;5;3m +0ms[39m
[32m[Nest] 6504  - [39m08/06/2026, 2:13:09 PM [32m    LOG[39m [38;5;3m[RouterExplorer] [39m[32mMapped {/exam-periods/:id, PATCH} route[39m[38;5;3m +2ms[39m
[32m[Nest] 6504  - [39m08/06/2026, 2:13:09 PM [32m    LOG[39m [38;5;3m[RouterExplorer] [39m[32mMapped {/exam-periods/:id, DELETE} route[39m[38;5;3m +0ms[39m
[32m[Nest] 6504  - [39m08/06/2026, 2:13:09 PM [32m    LOG[39m [38;5;3m[RouterExplorer] [39m[32mMapped {/exam-periods/:id/lock, POST} route[39m[38;5;3m +1ms[39m
[32m[Nest] 6504  - [39m08/06/2026, 2:13:09 PM [32m    LOG[39m [38;5;3m[RouterExplorer] [39m[32mMapped {/exam-periods/:id/unlock, POST} route[39m[38;5;3m +0ms[39m
[32m[Nest] 6504  - [39m08/06/2026, 2:13:09 PM [32m    LOG[39m [38;5;3m[RoutesResolver] [39m[32mExamSchedulesController {/exam-schedules}:[39m[38;5;3m +0ms[39m
[32m[Nest] 6504  - [39m08/06/2026, 2:13:09 PM [32m    LOG[39m [38;5;3m[RouterExplorer] [39m[32mMapped {/exam-schedules, GET} route[39m[38;5;3m +1ms[39m
[32m[Nest] 6504  - [39m08/06/2026, 2:13:09 PM [32m    LOG[39m [38;5;3m[RouterExplorer] [39m[32mMapped {/exam-schedules/conflicts, GET} route[39m[38;5;3m +3ms[39m
[32m[Nest] 6504  - [39m08/06/2026, 2:13:09 PM [32m    LOG[39m [38;5;3m[RouterExplorer] [39m[32mMapped {/exam-schedules/trash, GET} route[39m[38;5;3m +1ms[39m
[32m[Nest] 6504  - [39m08/06/2026, 2:13:09 PM [32m    LOG[39m [38;5;3m[RouterExplorer] [39m[32mMapped {/exam-schedules/auto-preview, POST} route[39m[38;5;3m +0ms[39m
[32m[Nest] 6504  - [39m08/06/2026, 2:13:09 PM [32m    LOG[39m [38;5;3m[RouterExplorer] [39m[32mMapped {/exam-schedules/auto-apply, POST} route[39m[38;5;3m +1ms[39m
[32m[Nest] 6504  - [39m08/06/2026, 2:13:09 PM [32m    LOG[39m [38;5;3m[RouterExplorer] [39m[32mMapped {/exam-schedules/:id/lock, POST} route[39m[38;5;3m +1ms[39m
[32m[Nest] 6504  - [39m08/06/2026, 2:13:09 PM [32m    LOG[39m [38;5;3m[RouterExplorer] [39m[32mMapped {/exam-schedules/:id/unlock, POST} route[39m[38;5;3m +1ms[39m
[32m[Nest] 6504  - [39m08/06/2026, 2:13:09 PM [32m    LOG[39m [38;5;3m[RouterExplorer] [39m[32mMapped {/exam-schedules/:id, GET} route[39m[38;5;3m +0ms[39m
[32m[Nest] 6504  - [39m08/06/2026, 2:13:09 PM [32m    LOG[39m [38;5;3m[RouterExplorer] [39m[32mMapped {/exam-schedules, POST} route[39m[38;5;3m +5ms[39m
[32m[Nest] 6504  - [39m08/06/2026, 2:13:09 PM [32m    LOG[39m [38;5;3m[RouterExplorer] [39m[32mMapped {/exam-schedules/:id, PATCH} route[39m[38;5;3m +0ms[39m
[32m[Nest] 6504  - [39m08/06/2026, 2:13:09 PM [32m    LOG[39m [38;5;3m[RouterExplorer] [39m[32mMapped {/exam-schedules/:id, DELETE} route[39m[38;5;3m +0ms[39m
[32m[Nest] 6504  - [39m08/06/2026, 2:13:09 PM [32m    LOG[39m [38;5;3m[RouterExplorer] [39m[32mMapped {/exam-schedules/:id/reopen-entry, POST} route[39m[38;5;3m +1ms[39m
[32m[Nest] 6504  - [39m08/06/2026, 2:13:09 PM [32m    LOG[39m [38;5;3m[RouterExplorer] [39m[32mMapped {/exam-schedules/:id/restore, POST} route[39m[38;5;3m +0ms[39m
[32m[Nest] 6504  - [39m08/06/2026, 2:13:09 PM [32m    LOG[39m [38;5;3m[RoutesResolver] [39m[32mExamArrangementController {/exam-arrangement}:[39m[38;5;3m +0ms[39m
[32m[Nest] 6504  - [39m08/06/2026, 2:13:09 PM [32m    LOG[39m [38;5;3m[RouterExplorer] [39m[32mMapped {/exam-arrangement/auto-arrange, POST} route[39m[38;5;3m +0ms[39m
[32m[Nest] 6504  - [39m08/06/2026, 2:13:09 PM [32m    LOG[39m [38;5;3m[RouterExplorer] [39m[32mMapped {/exam-arrangement/preview, POST} route[39m[38;5;3m +0ms[39m
[32m[Nest] 6504  - [39m08/06/2026, 2:13:09 PM [32m    LOG[39m [38;5;3m[RouterExplorer] [39m[32mMapped {/exam-arrangement/result, GET} route[39m[38;5;3m +0ms[39m
[32m[Nest] 6504  - [39m08/06/2026, 2:13:09 PM [32m    LOG[39m [38;5;3m[RouterExplorer] [39m[32mMapped {/exam-arrangement/room-availability, GET} route[39m[38;5;3m +2ms[39m
[32m[Nest] 6504  - [39m08/06/2026, 2:13:09 PM [32m    LOG[39m [38;5;3m[RouterExplorer] [39m[32mMapped {/exam-arrangement/reset/:examScheduleId, DELETE} route[39m[38;5;3m +1ms[39m
[32m[Nest] 6504  - [39m08/06/2026, 2:13:09 PM [32m    LOG[39m [38;5;3m[RouterExplorer] [39m[32mMapped {/exam-arrangement/history, GET} route[39m[38;5;3m +0ms[39m
[32m[Nest] 6504  - [39m08/06/2026, 2:13:09 PM [32m    LOG[39m [38;5;3m[RoutesResolver] [39m[32mExamSupervisorsController {/exam-supervisors}:[39m[38;5;3m +0ms[39m
[32m[Nest] 6504  - [39m08/06/2026, 2:13:09 PM [32m    LOG[39m [38;5;3m[RouterExplorer] [39m[32mMapped {/exam-supervisors/assign, POST} route[39m[38;5;3m +1ms[39m
[32m[Nest] 6504  - [39m08/06/2026, 2:13:09 PM [32m    LOG[39m [38;5;3m[RouterExplorer] [39m[32mMapped {/exam-supervisors/auto-preview, POST} route[39m[38;5;3m +0ms[39m
[32m[Nest] 6504  - [39m08/06/2026, 2:13:09 PM [32m    LOG[39m [38;5;3m[RouterExplorer] [39m[32mMapped {/exam-supervisors/auto-assign, POST} route[39m[38;5;3m +2ms[39m
[32m[Nest] 6504  - [39m08/06/2026, 2:13:09 PM [32m    LOG[39m [38;5;3m[RouterExplorer] [39m[32mMapped {/exam-supervisors, GET} route[39m[38;5;3m +1ms[39m
[32m[Nest] 6504  - [39m08/06/2026, 2:13:09 PM [32m    LOG[39m [38;5;3m[RouterExplorer] [39m[32mMapped {/exam-supervisors/:id/status, PATCH} route[39m[38;5;3m +0ms[39m
[32m[Nest] 6504  - [39m08/06/2026, 2:13:09 PM [32m    LOG[39m [38;5;3m[RouterExplorer] [39m[32mMapped {/exam-supervisors/:id, DELETE} route[39m[38;5;3m +0ms[39m
[32m[Nest] 6504  - [39m08/06/2026, 2:13:09 PM [32m    LOG[39m [38;5;3m[RoutesResolver] [39m[32mQuestionsController {/questions}:[39m[38;5;3m +0ms[39m
[32m[Nest] 6504  - [39m08/06/2026, 2:13:09 PM [32m    LOG[39m [38;5;3m[RouterExplorer] [39m[32mMapped {/questions, GET} route[39m[38;5;3m +1ms[39m
[32m[Nest] 6504  - [39m08/06/2026, 2:13:09 PM [32m    LOG[39m [38;5;3m[RouterExplorer] [39m[32mMapped {/questions/statistics, GET} route[39m[38;5;3m +0ms[39m
[32m[Nest] 6504  - [39m08/06/2026, 2:13:09 PM [32m    LOG[39m [38;5;3m[RouterExplorer] [39m[32mMapped {/questions/filter-options, GET} route[39m[38;5;3m +3ms[39m
[32m[Nest] 6504  - [39m08/06/2026, 2:13:09 PM [32m    LOG[39m [38;5;3m[RouterExplorer] [39m[32mMapped {/questions/import/template, GET} route[39m[38;5;3m +2ms[39m
[32m[Nest] 6504  - [39m08/06/2026, 2:13:09 PM [32m    LOG[39m [38;5;3m[RouterExplorer] [39m[32mMapped {/questions/media/preview, POST} route[39m[38;5;3m +0ms[39m
[32m[Nest] 6504  - [39m08/06/2026, 2:13:09 PM [32m    LOG[39m [38;5;3m[RouterExplorer] [39m[32mMapped {/questions/media/upload, POST} route[39m[38;5;3m +1ms[39m
[32m[Nest] 6504  - [39m08/06/2026, 2:13:09 PM [32m    LOG[39m [38;5;3m[RouterExplorer] [39m[32mMapped {/questions/media/:id, DELETE} route[39m[38;5;3m +3ms[39m
[32m[Nest] 6504  - [39m08/06/2026, 2:13:09 PM [32m    LOG[39m [38;5;3m[RouterExplorer] [39m[32mMapped {/questions/export, POST} route[39m[38;5;3m +1ms[39m
[32m[Nest] 6504  - [39m08/06/2026, 2:13:09 PM [32m    LOG[39m [38;5;3m[RouterExplorer] [39m[32mMapped {/questions/bulk-action, POST} route[39m[38;5;3m +1ms[39m
[32m[Nest] 6504  - [39m08/06/2026, 2:13:09 PM [32m    LOG[39m [38;5;3m[RouterExplorer] [39m[32mMapped {/questions/import/preview, POST} route[39m[38;5;3m +0ms[39m
[32m[Nest] 6504  - [39m08/06/2026, 2:13:09 PM [32m    LOG[39m [38;5;3m[RouterExplorer] [39m[32mMapped {/questions/import/confirm, POST} route[39m[38;5;3m +0ms[39m
[32m[Nest] 6504  - [39m08/06/2026, 2:13:09 PM [32m    LOG[39m [38;5;3m[RouterExplorer] [39m[32mMapped {/questions/ai-generate, POST} route[39m[38;5;3m +0ms[39m
[32m[Nest] 6504  - [39m08/06/2026, 2:13:09 PM [32m    LOG[39m [38;5;3m[RouterExplorer] [39m[32mMapped {/questions/ai-save, POST} route[39m[38;5;3m +3ms[39m
[32m[Nest] 6504  - [39m08/06/2026, 2:13:09 PM [32m    LOG[39m [38;5;3m[RouterExplorer] [39m[32mMapped {/questions/ai-extract-text, POST} route[39m[38;5;3m +1ms[39m
[32m[Nest] 6504  - [39m08/06/2026, 2:13:09 PM [32m    LOG[39m [38;5;3m[RouterExplorer] [39m[32mMapped {/questions, POST} route[39m[38;5;3m +0ms[39m
[32m[Nest] 6504  - [39m08/06/2026, 2:13:09 PM [32m    LOG[39m [38;5;3m[RouterExplorer] [39m[32mMapped {/questions/:id, GET} route[39m[38;5;3m +0ms[39m
[32m[Nest] 6504  - [39m08/06/2026, 2:13:09 PM [32m    LOG[39m [38;5;3m[RouterExplorer] [39m[32mMapped {/questions/:id, PATCH} route[39m[38;5;3m +0ms[39m
[32m[Nest] 6504  - [39m08/06/2026, 2:13:09 PM [32m    LOG[39m [38;5;3m[RouterExplorer] [39m[32mMapped {/questions/:id/duplicate, POST} route[39m[38;5;3m +1ms[39m
[32m[Nest] 6504  - [39m08/06/2026, 2:13:09 PM [32m    LOG[39m [38;5;3m[RouterExplorer] [39m[32mMapped {/questions/:id/submit, POST} route[39m[38;5;3m +0ms[39m
[32m[Nest] 6504  - [39m08/06/2026, 2:13:09 PM [32m    LOG[39m [38;5;3m[RouterExplorer] [39m[32mMapped {/questions/:id/approve, POST} route[39m[38;5;3m +0ms[39m
[32m[Nest] 6504  - [39m08/06/2026, 2:13:09 PM [32m    LOG[39m [38;5;3m[RouterExplorer] [39m[32mMapped {/questions/:id/reject, POST} route[39m[38;5;3m +0ms[39m
[32m[Nest] 6504  - [39m08/06/2026, 2:13:09 PM [32m    LOG[39m [38;5;3m[RouterExplorer] [39m[32mMapped {/questions/:id/archive, POST} route[39m[38;5;3m +3ms[39m
[32m[Nest] 6504  - [39m08/06/2026, 2:13:09 PM [32m    LOG[39m [38;5;3m[RouterExplorer] [39m[32mMapped {/questions/:id/restore, POST} route[39m[38;5;3m +2ms[39m
[32m[Nest] 6504  - [39m08/06/2026, 2:13:09 PM [32m    LOG[39m [38;5;3m[RouterExplorer] [39m[32mMapped {/questions/:id, DELETE} route[39m[38;5;3m +1ms[39m
[32m[Nest] 6504  - [39m08/06/2026, 2:13:09 PM [32m    LOG[39m [38;5;3m[RoutesResolver] [39m[32mExamPapersController {/exam-papers}:[39m[38;5;3m +0ms[39m
[32m[Nest] 6504  - [39m08/06/2026, 2:13:09 PM [32m    LOG[39m [38;5;3m[RouterExplorer] [39m[32mMapped {/exam-papers/create-random, POST} route[39m[38;5;3m +5ms[39m
[32m[Nest] 6504  - [39m08/06/2026, 2:13:09 PM [32m    LOG[39m [38;5;3m[RouterExplorer] [39m[32mMapped {/exam-papers/preview-random, POST} route[39m[38;5;3m +1ms[39m
[32m[Nest] 6504  - [39m08/06/2026, 2:13:09 PM [32m    LOG[39m [38;5;3m[RouterExplorer] [39m[32mMapped {/exam-papers, GET} route[39m[38;5;3m +0ms[39m
[32m[Nest] 6504  - [39m08/06/2026, 2:13:09 PM [32m    LOG[39m [38;5;3m[RouterExplorer] [39m[32mMapped {/exam-papers/:id, GET} route[39m[38;5;3m +0ms[39m
[32m[Nest] 6504  - [39m08/06/2026, 2:13:09 PM [32m    LOG[39m [38;5;3m[RouterExplorer] [39m[32mMapped {/exam-papers/:id/publish, POST} route[39m[38;5;3m +1ms[39m
[32m[Nest] 6504  - [39m08/06/2026, 2:13:09 PM [32m    LOG[39m [38;5;3m[RouterExplorer] [39m[32mMapped {/exam-papers/:id/archive, POST} route[39m[38;5;3m +37ms[39m
[32m[Nest] 6504  - [39m08/06/2026, 2:13:09 PM [32m    LOG[39m [38;5;3m[RouterExplorer] [39m[32mMapped {/exam-papers/:id/restore, POST} route[39m[38;5;3m +0ms[39m
[32m[Nest] 6504  - [39m08/06/2026, 2:13:09 PM [32m    LOG[39m [38;5;3m[RouterExplorer] [39m[32mMapped {/exam-papers/:id, DELETE} route[39m[38;5;3m +0ms[39m
[32m[Nest] 6504  - [39m08/06/2026, 2:13:09 PM [32m    LOG[39m [38;5;3m[RoutesResolver] [39m[32mDashboardController {/dashboard}:[39m[38;5;3m +6ms[39m
[32m[Nest] 6504  - [39m08/06/2026, 2:13:09 PM [32m    LOG[39m [38;5;3m[RouterExplorer] [39m[32mMapped {/dashboard/overview, GET} route[39m[38;5;3m +1ms[39m
[32m[Nest] 6504  - [39m08/06/2026, 2:13:09 PM [32m    LOG[39m [38;5;3m[RoutesResolver] [39m[32mOnlineExamsController {/online-exams}:[39m[38;5;3m +0ms[39m
[32m[Nest] 6504  - [39m08/06/2026, 2:13:09 PM [32m    LOG[39m [38;5;3m[RouterExplorer] [39m[32mMapped {/online-exams/schedule/:scheduleId/check-eligibility, GET} route[39m[38;5;3m +0ms[39m
[32m[Nest] 6504  - [39m08/06/2026, 2:13:09 PM [32m    LOG[39m [38;5;3m[RouterExplorer] [39m[32mMapped {/online-exams/schedule/:scheduleId/start, POST} route[39m[38;5;3m +2ms[39m
[32m[Nest] 6504  - [39m08/06/2026, 2:13:09 PM [32m    LOG[39m [38;5;3m[RouterExplorer] [39m[32mMapped {/online-exams/attempt/:token/questions, GET} route[39m[38;5;3m +0ms[39m
[32m[Nest] 6504  - [39m08/06/2026, 2:13:09 PM [32m    LOG[39m [38;5;3m[RouterExplorer] [39m[32mMapped {/online-exams/attempt/:token/answers/save, POST} route[39m[38;5;3m +0ms[39m
[32m[Nest] 6504  - [39m08/06/2026, 2:13:09 PM [32m    LOG[39m [38;5;3m[RouterExplorer] [39m[32mMapped {/online-exams/attempt/:token/heartbeat, POST} route[39m[38;5;3m +3ms[39m
[32m[Nest] 6504  - [39m08/06/2026, 2:13:09 PM [32m    LOG[39m [38;5;3m[RouterExplorer] [39m[32mMapped {/online-exams/attempt/:token/events, POST} route[39m[38;5;3m +1ms[39m
[32m[Nest] 6504  - [39m08/06/2026, 2:13:09 PM [32m    LOG[39m [38;5;3m[RouterExplorer] [39m[32mMapped {/online-exams/attempt/:token/submit, POST} route[39m[38;5;3m +0ms[39m
[32m[Nest] 6504  - [39m08/06/2026, 2:13:09 PM [32m    LOG[39m [38;5;3m[RouterExplorer] [39m[32mMapped {/online-exams/attempt/:attemptId/result, GET} route[39m[38;5;3m +0ms[39m
[32m[Nest] 6504  - [39m08/06/2026, 2:13:09 PM [32m    LOG[39m [38;5;3m[RouterExplorer] [39m[32mMapped {/online-exams/attempt/:attemptId/appeal, POST} route[39m[38;5;3m +1ms[39m
[32m[Nest] 6504  - [39m08/06/2026, 2:13:09 PM [32m    LOG[39m [38;5;3m[RouterExplorer] [39m[32mMapped {/online-exams/schedule/:scheduleId/grade-report, GET} route[39m[38;5;3m +0ms[39m
[32m[Nest] 6504  - [39m08/06/2026, 2:13:09 PM [32m    LOG[39m [38;5;3m[RoutesResolver] [39m[32mProctorController {/proctor}:[39m[38;5;3m +0ms[39m
[32m[Nest] 6504  - [39m08/06/2026, 2:13:09 PM [32m    LOG[39m [38;5;3m[RouterExplorer] [39m[32mMapped {/proctor/live-dashboard/:scheduleRoomId, GET} route[39m[38;5;3m +6ms[39m
[32m[Nest] 6504  - [39m08/06/2026, 2:13:09 PM [32m    LOG[39m [38;5;3m[RouterExplorer] [39m[32mMapped {/proctor/attempt/:attemptId/extend-time, POST} route[39m[38;5;3m +1ms[39m
[32m[Nest] 6504  - [39m08/06/2026, 2:13:09 PM [32m    LOG[39m [38;5;3m[RouterExplorer] [39m[32mMapped {/proctor/attempt/:attemptId/reopen, POST} route[39m[38;5;3m +0ms[39m
[32m[Nest] 6504  - [39m08/06/2026, 2:13:09 PM [32m    LOG[39m [38;5;3m[RouterExplorer] [39m[32mMapped {/proctor/attempt/:attemptId/flag-incident, POST} route[39m[38;5;3m +0ms[39m
[32m[Nest] 6504  - [39m08/06/2026, 2:13:09 PM [32m    LOG[39m [38;5;3m[RouterExplorer] [39m[32mMapped {/proctor/attempt/:attemptId/resolve-incident, POST} route[39m[38;5;3m +1ms[39m
[32m[Nest] 6504  - [39m08/06/2026, 2:13:09 PM [32m    LOG[39m [38;5;3m[RoutesResolver] [39m[32mEssayController {/essay}:[39m[38;5;3m +0ms[39m
[32m[Nest] 6504  - [39m08/06/2026, 2:13:09 PM [32m    LOG[39m [38;5;3m[RouterExplorer] [39m[32mMapped {/essay/questions/:questionId/rubric, GET} route[39m[38;5;3m +0ms[39m
[32m[Nest] 6504  - [39m08/06/2026, 2:13:09 PM [32m    LOG[39m [38;5;3m[RouterExplorer] [39m[32mMapped {/essay/questions/:questionId/rubric, POST} route[39m[38;5;3m +0ms[39m
[32m[Nest] 6504  - [39m08/06/2026, 2:13:09 PM [32m    LOG[39m [38;5;3m[RouterExplorer] [39m[32mMapped {/essay/grading/assignments, GET} route[39m[38;5;3m +0ms[39m
[32m[Nest] 6504  - [39m08/06/2026, 2:13:09 PM [32m    LOG[39m [38;5;3m[RouterExplorer] [39m[32mMapped {/essay/grading/attempts/:attemptId, GET} route[39m[38;5;3m +1ms[39m
[32m[Nest] 6504  - [39m08/06/2026, 2:13:09 PM [32m    LOG[39m [38;5;3m[RouterExplorer] [39m[32mMapped {/essay/grading/answers/:answerId, PATCH} route[39m[38;5;3m +3ms[39m
[32m[Nest] 6504  - [39m08/06/2026, 2:13:09 PM [32m    LOG[39m [38;5;3m[RouterExplorer] [39m[32mMapped {/essay/grading/attempts/:attemptId/submit, POST} route[39m[38;5;3m +1ms[39m
[32m[Nest] 6504  - [39m08/06/2026, 2:13:09 PM [32m    LOG[39m [38;5;3m[RouterExplorer] [39m[32mMapped {/essay/grading/attempts/:attemptId/approve, POST} route[39m[38;5;3m +0ms[39m
[32m[Nest] 6504  - [39m08/06/2026, 2:13:09 PM [32m    LOG[39m [38;5;3m[RouterExplorer] [39m[32mMapped {/essay/grading/attempts/:attemptId/publish, POST} route[39m[38;5;3m +1ms[39m
[32m[Nest] 6504  - [39m08/06/2026, 2:13:09 PM [32m    LOG[39m [38;5;3m[RouterExplorer] [39m[32mMapped {/essay/grading/attempts/:attemptId/reopen, POST} route[39m[38;5;3m +0ms[39m
[32m[Nest] 6504  - [39m08/06/2026, 2:13:09 PM [32m    LOG[39m [38;5;3m[RouterExplorer] [39m[32mMapped {/essay/grading/attempts/:attemptId/extend-time, POST} route[39m[38;5;3m +2ms[39m
[32m[Nest] 6504  - [39m08/06/2026, 2:13:09 PM [32m    LOG[39m [38;5;3m[RouterExplorer] [39m[32mMapped {/essay/grading/attempts/:attemptId/penalty, POST} route[39m[38;5;3m +1ms[39m
[32m[Nest] 6504  - [39m08/06/2026, 2:13:09 PM [32m    LOG[39m [38;5;3m[RouterExplorer] [39m[32mMapped {/essay/attempt/:token/answers/:questionId/files, POST} route[39m[38;5;3m +1ms[39m
[32m[Nest] 6504  - [39m08/06/2026, 2:13:09 PM [32m    LOG[39m [38;5;3m[RoutesResolver] [39m[32mEssayGradingController {/essay-grading}:[39m[38;5;3m +0ms[39m
[32m[Nest] 6504  - [39m08/06/2026, 2:13:09 PM [32m    LOG[39m [38;5;3m[RouterExplorer] [39m[32mMapped {/essay-grading/assignments, GET} route[39m[38;5;3m +0ms[39m
[32m[Nest] 6504  - [39m08/06/2026, 2:13:09 PM [32m    LOG[39m [38;5;3m[RouterExplorer] [39m[32mMapped {/essay-grading/attempts/:attemptId, GET} route[39m[38;5;3m +1ms[39m
[32m[Nest] 6504  - [39m08/06/2026, 2:13:09 PM [32m    LOG[39m [38;5;3m[RouterExplorer] [39m[32mMapped {/essay-grading/answers/:answerId, PATCH} route[39m[38;5;3m +1ms[39m
[32m[Nest] 6504  - [39m08/06/2026, 2:13:09 PM [32m    LOG[39m [38;5;3m[RouterExplorer] [39m[32mMapped {/essay-grading/answers/:answerId/ai-suggest, POST} route[39m[38;5;3m +0ms[39m
[32m[Nest] 6504  - [39m08/06/2026, 2:13:09 PM [32m    LOG[39m [38;5;3m[RouterExplorer] [39m[32mMapped {/essay-grading/attempts/:attemptId/submit, POST} route[39m[38;5;3m +0ms[39m
[32m[Nest] 6504  - [39m08/06/2026, 2:13:09 PM [32m    LOG[39m [38;5;3m[RouterExplorer] [39m[32mMapped {/essay-grading/attempts/:attemptId/approve, POST} route[39m[38;5;3m +1ms[39m
[32m[Nest] 6504  - [39m08/06/2026, 2:13:09 PM [32m    LOG[39m [38;5;3m[RouterExplorer] [39m[32mMapped {/essay-grading/attempts/:attemptId/publish, POST} route[39m[38;5;3m +0ms[39m
[32m[Nest] 6504  - [39m08/06/2026, 2:13:09 PM [32m    LOG[39m [38;5;3m[RouterExplorer] [39m[32mMapped {/essay-grading/attempts/:attemptId/reopen, POST} route[39m[38;5;3m +0ms[39m
[32m[Nest] 6504  - [39m08/06/2026, 2:13:09 PM [32m    LOG[39m [38;5;3m[RouterExplorer] [39m[32mMapped {/essay-grading/attempts/:attemptId/extend-time, POST} route[39m[38;5;3m +1ms[39m
[32m[Nest] 6504  - [39m08/06/2026, 2:13:09 PM [32m    LOG[39m [38;5;3m[RouterExplorer] [39m[32mMapped {/essay-grading/attempts/:attemptId/penalty, POST} route[39m[38;5;3m +0ms[39m
[32m[Nest] 6504  - [39m08/06/2026, 2:13:09 PM [32m    LOG[39m [38;5;3m[RoutesResolver] [39m[32mEssayConfigController {/online-exam-config}:[39m[38;5;3m +0ms[39m
[32m[Nest] 6504  - [39m08/06/2026, 2:13:09 PM [32m    LOG[39m [38;5;3m[RouterExplorer] [39m[32mMapped {/online-exam-config/:scheduleId/essay, PATCH} route[39m[38;5;3m +1ms[39m
[32m[Nest] 6504  - [39m08/06/2026, 2:13:09 PM [32m    LOG[39m [38;5;3m[RoutesResolver] [39m[32mContactController {/contact}:[39m[38;5;3m +0ms[39m
[32m[Nest] 6504  - [39m08/06/2026, 2:13:09 PM [32m    LOG[39m [38;5;3m[RouterExplorer] [39m[32mMapped {/contact/send, POST} route[39m[38;5;3m +1ms[39m
[32m[Nest] 6504  - [39m08/06/2026, 2:13:09 PM [32m    LOG[39m [38;5;3m[RoutesResolver] [39m[32mAiController {/ai}:[39m[38;5;3m +0ms[39m
[32m[Nest] 6504  - [39m08/06/2026, 2:13:09 PM [32m    LOG[39m [38;5;3m[RouterExplorer] [39m[32mMapped {/ai/status, GET} route[39m[38;5;3m +1ms[39m
[32m[Nest] 6504  - [39m08/06/2026, 2:13:09 PM [32m    LOG[39m [38;5;3m[RouterExplorer] [39m[32mMapped {/ai/grade-essay, POST} route[39m[38;5;3m +0ms[39m
[32m[Nest] 6504  - [39m08/06/2026, 2:13:09 PM [32m    LOG[39m [38;5;3m[RouterExplorer] [39m[32mMapped {/ai/generate-questions, POST} route[39m[38;5;3m +0ms[39m
[32m[Nest] 6504  - [39m08/06/2026, 2:13:09 PM [32m    LOG[39m [38;5;3m[NestApplication] [39m[32mNest application successfully started[39m[38;5;3m +123ms[39m
[31m[Nest] 6504  - [39m08/06/2026, 2:13:09 PM [31m  ERROR[39m [38;5;3m[NestApplication] [39m[31mError: listen EADDRINUSE: address already in use :::3001[39m[38;5;3m +11ms[39m
node:net:2009
    const ex = new UVExceptionWithHostPort(err, 'listen', address, port);
               ^

Error: listen EADDRINUSE: address already in use :::3001
    at Server.setupListenHandle [as _listen2] (node:net:2009:16)
    at listenInCluster (node:net:2066:12)
    at Server.listen (node:net:2171:7)
    at ExpressAdapter.listen (C:\Users\loiho\.gemini\antigravity-ide\scratch\exam-management\backend\node_modules\@nestjs\platform-express\adapters\express-adapter.js:95:32)
    at C:\Users\loiho\.gemini\antigravity-ide\scratch\exam-management\backend\node_modules\@nestjs\core\nest-application.js:183:30
    at new Promise (<anonymous>)
    at NestApplication.listen (C:\Users\loiho\.gemini\antigravity-ide\scratch\exam-management\backend\node_modules\@nestjs\core\nest-application.js:173:16)
    at async bootstrap (C:\Users\loiho\.gemini\antigravity-ide\scratch\exam-management\backend\src\main.ts:41:3) {
  code: 'EADDRINUSE',
  errno: -4091,
  syscall: 'listen',
  address: '::',
  port: 3001
}

Node.js v24.18.1
[2J[3J[H[[90m2:22:42 PM[0m] File change detected. Starting incremental compilation...

[96msrc/questions/ai.service.ts[0m:[93m298[0m:[93m24[0m - [91merror[0m[90m TS2304: [0mCannot find name 'parsePlainTextQuestions'.

[7m298[0m         rawQuestions = parsePlainTextQuestions(raw, input.type);
[7m   [0m [91m                       ~~~~~~~~~~~~~~~~~~~~~~~[0m

[[90m2:22:49 PM[0m] Found 1 error. Watching for file changes.

[2J[3J[H[[90m2:23:01 PM[0m] File change detected. Starting incremental compilation...

[[90m2:23:02 PM[0m] Found 0 errors. Watching for file changes.

[32m[Nest] 11172  - [39m08/06/2026, 2:23:14 PM [32m    LOG[39m [38;5;3m[NestFactory] [39m[32mStarting Nest application...[39m
[32m[Nest] 11172  - [39m08/06/2026, 2:23:14 PM [32m    LOG[39m [38;5;3m[InstanceLoader] [39m[32mAppModule dependencies initialized[39m[38;5;3m +218ms[39m
[32m[Nest] 11172  - [39m08/06/2026, 2:23:14 PM [32m    LOG[39m [38;5;3m[InstanceLoader] [39m[32mPrismaModule dependencies initialized[39m[38;5;3m +25ms[39m
[32m[Nest] 11172  - [39m08/06/2026, 2:23:14 PM [32m    LOG[39m [38;5;3m[InstanceLoader] [39m[32mPassportModule dependencies initialized[39m[38;5;3m +0ms[39m
[32m[Nest] 11172  - [39m08/06/2026, 2:23:14 PM [32m    LOG[39m [38;5;3m[InstanceLoader] [39m[32mSecurityModule dependencies initialized[39m[38;5;3m +14ms[39m
[32m[Nest] 11172  - [39m08/06/2026, 2:23:14 PM [32m    LOG[39m [38;5;3m[InstanceLoader] [39m[32mAuditModule dependencies initialized[39m[38;5;3m +1ms[39m
[32m[Nest] 11172  - [39m08/06/2026, 2:23:14 PM [32m    LOG[39m [38;5;3m[InstanceLoader] [39m[32mConfigHostModule dependencies initialized[39m[38;5;3m +0ms[39m
[32m[Nest] 11172  - [39m08/06/2026, 2:23:14 PM [32m    LOG[39m [38;5;3m[InstanceLoader] [39m[32mJwtModule dependencies initialized[39m[38;5;3m +1ms[39m
[32m[Nest] 11172  - [39m08/06/2026, 2:23:14 PM [32m    LOG[39m [38;5;3m[InstanceLoader] [39m[32mConfigModule dependencies initialized[39m[38;5;3m +7ms[39m
[32m[Nest] 11172  - [39m08/06/2026, 2:23:14 PM [32m    LOG[39m [38;5;3m[InstanceLoader] [39m[32mConfigModule dependencies initialized[39m[38;5;3m +0ms[39m
[32m[Nest] 11172  - [39m08/06/2026, 2:23:14 PM [32m    LOG[39m [38;5;3m[InstanceLoader] [39m[32mUsersModule dependencies initialized[39m[38;5;3m +45ms[39m
[32m[Nest] 11172  - [39m08/06/2026, 2:23:14 PM [32m    LOG[39m [38;5;3m[InstanceLoader] [39m[32mDepartmentsModule dependencies initialized[39m[38;5;3m +0ms[39m
[32m[Nest] 11172  - [39m08/06/2026, 2:23:14 PM [32m    LOG[39m [38;5;3m[InstanceLoader] [39m[32mClassesModule dependencies initialized[39m[38;5;3m +1ms[39m
[32m[Nest] 11172  - [39m08/06/2026, 2:23:14 PM [32m    LOG[39m [38;5;3m[InstanceLoader] [39m[32mStudentsModule dependencies initialized[39m[38;5;3m +0ms[39m
[32m[Nest] 11172  - [39m08/06/2026, 2:23:14 PM [32m    LOG[39m [38;5;3m[InstanceLoader] [39m[32mSubjectsModule dependencies initialized[39m[38;5;3m +0ms[39m
[32m[Nest] 11172  - [39m08/06/2026, 2:23:14 PM [32m    LOG[39m [38;5;3m[InstanceLoader] [39m[32mDashboardModule dependencies initialized[39m[38;5;3m +1ms[39m
[32m[Nest] 11172  - [39m08/06/2026, 2:23:14 PM [32m    LOG[39m [38;5;3m[InstanceLoader] [39m[32mContactModule dependencies initialized[39m[38;5;3m +0ms[39m
[32m[Nest] 11172  - [39m08/06/2026, 2:23:14 PM [32m    LOG[39m [38;5;3m[InstanceLoader] [39m[32mProctorModule dependencies initialized[39m[38;5;3m +13ms[39m
[32m[Nest] 11172  - [39m08/06/2026, 2:23:14 PM [32m    LOG[39m [38;5;3m[InstanceLoader] [39m[32mTeachersModule dependencies initialized[39m[38;5;3m +3ms[39m
[32m[Nest] 11172  - [39m08/06/2026, 2:23:14 PM [32m    LOG[39m [38;5;3m[InstanceLoader] [39m[32mExamRoomsModule dependencies initialized[39m[38;5;3m +1ms[39m
[32m[Nest] 11172  - [39m08/06/2026, 2:23:14 PM [32m    LOG[39m [38;5;3m[InstanceLoader] [39m[32mExamPeriodsModule dependencies initialized[39m[38;5;3m +0ms[39m
[32m[Nest] 11172  - [39m08/06/2026, 2:23:14 PM [32m    LOG[39m [38;5;3m[InstanceLoader] [39m[32mExamSchedulesModule dependencies initialized[39m[38;5;3m +0ms[39m
[32m[Nest] 11172  - [39m08/06/2026, 2:23:14 PM [32m    LOG[39m [38;5;3m[InstanceLoader] [39m[32mExamArrangementModule dependencies initialized[39m[38;5;3m +0ms[39m
[32m[Nest] 11172  - [39m08/06/2026, 2:23:14 PM [32m    LOG[39m [38;5;3m[InstanceLoader] [39m[32mExamSupervisorsModule dependencies initialized[39m[38;5;3m +1ms[39m
[32m[Nest] 11172  - [39m08/06/2026, 2:23:14 PM [32m    LOG[39m [38;5;3m[InstanceLoader] [39m[32mQuestionsModule dependencies initialized[39m[38;5;3m +1ms[39m
[32m[Nest] 11172  - [39m08/06/2026, 2:23:14 PM [32m    LOG[39m [38;5;3m[InstanceLoader] [39m[32mExamPapersModule dependencies initialized[39m[38;5;3m +0ms[39m
[32m[Nest] 11172  - [39m08/06/2026, 2:23:14 PM [32m    LOG[39m [38;5;3m[InstanceLoader] [39m[32mEssayModule dependencies initialized[39m[38;5;3m +0ms[39m
[32m[Nest] 11172  - [39m08/06/2026, 2:23:14 PM [32m    LOG[39m [38;5;3m[InstanceLoader] [39m[32mOnlineExamsModule dependencies initialized[39m[38;5;3m +0ms[39m
[32m[Nest] 11172  - [39m08/06/2026, 2:23:14 PM [32m    LOG[39m [38;5;3m[InstanceLoader] [39m[32mAuthModule dependencies initialized[39m[38;5;3m +0ms[39m
[32m[Nest] 11172  - [39m08/06/2026, 2:23:14 PM [32m    LOG[39m [38;5;3m[InstanceLoader] [39m[32mAiModule dependencies initialized[39m[38;5;3m +1ms[39m
[32m[Nest] 11172  - [39m08/06/2026, 2:23:14 PM [32m    LOG[39m [38;5;3m[RoutesResolver] [39m[32mAuthController {/auth}:[39m[38;5;3m +29ms[39m
[32m[Nest] 11172  - [39m08/06/2026, 2:23:14 PM [32m    LOG[39m [38;5;3m[RouterExplorer] [39m[32mMapped {/auth/login, POST} route[39m[38;5;3m +11ms[39m
[32m[Nest] 11172  - [39m08/06/2026, 2:23:14 PM [32m    LOG[39m [38;5;3m[RouterExplorer] [39m[32mMapped {/auth/profile, GET} route[39m[38;5;3m +2ms[39m
[32m[Nest] 11172  - [39m08/06/2026, 2:23:14 PM [32m    LOG[39m [38;5;3m[RouterExplorer] [39m[32mMapped {/auth/change-password, POST} route[39m[38;5;3m +1ms[39m
[32m[Nest] 11172  - [39m08/06/2026, 2:23:14 PM [32m    LOG[39m [38;5;3m[RouterExplorer] [39m[32mMapped {/auth/profile, POST} route[39m[38;5;3m +0ms[39m
[32m[Nest] 11172  - [39m08/06/2026, 2:23:14 PM [32m    LOG[39m [38;5;3m[RoutesResolver] [39m[32mUsersController {/users}:[39m[38;5;3m +0ms[39m
[32m[Nest] 11172  - [39m08/06/2026, 2:23:14 PM [32m    LOG[39m [38;5;3m[RouterExplorer] [39m[32mMapped {/users/dashboard-stats, GET} route[39m[38;5;3m +5ms[39m
[32m[Nest] 11172  - [39m08/06/2026, 2:23:14 PM [32m    LOG[39m [38;5;3m[RouterExplorer] [39m[32mMapped {/users, GET} route[39m[38;5;3m +0ms[39m
[32m[Nest] 11172  - [39m08/06/2026, 2:23:14 PM [32m    LOG[39m [38;5;3m[RouterExplorer] [39m[32mMapped {/users/:id, GET} route[39m[38;5;3m +2ms[39m
[32m[Nest] 11172  - [39m08/06/2026, 2:23:14 PM [32m    LOG[39m [38;5;3m[RoutesResolver] [39m[32mDepartmentsController {/departments}:[39m[38;5;3m +0ms[39m
[32m[Nest] 11172  - [39m08/06/2026, 2:23:14 PM [32m    LOG[39m [38;5;3m[RouterExplorer] [39m[32mMapped {/departments, GET} route[39m[38;5;3m +1ms[39m
[32m[Nest] 11172  - [39m08/06/2026, 2:23:14 PM [32m    LOG[39m [38;5;3m[RouterExplorer] [39m[32mMapped {/departments/:id/curriculum, GET} route[39m[38;5;3m +1ms[39m
[32m[Nest] 11172  - [39m08/06/2026, 2:23:14 PM [32m    LOG[39m [38;5;3m[RouterExplorer] [39m[32mMapped {/departments/:id, GET} route[39m[38;5;3m +1ms[39m
[32m[Nest] 11172  - [39m08/06/2026, 2:23:14 PM [32m    LOG[39m [38;5;3m[RouterExplorer] [39m[32mMapped {/departments, POST} route[39m[38;5;3m +1ms[39m
[32m[Nest] 11172  - [39m08/06/2026, 2:23:14 PM [32m    LOG[39m [38;5;3m[RouterExplorer] [39m[32mMapped {/departments/:id/curriculum, POST} route[39m[38;5;3m +0ms[39m
[32m[Nest] 11172  - [39m08/06/2026, 2:23:14 PM [32m    LOG[39m [38;5;3m[RouterExplorer] [39m[32mMapped {/departments/:id, PATCH} route[39m[38;5;3m +1ms[39m
[32m[Nest] 11172  - [39m08/06/2026, 2:23:14 PM [32m    LOG[39m [38;5;3m[RouterExplorer] [39m[32mMapped {/departments/:id/curriculum/:subjectId, DELETE} route[39m[38;5;3m +0ms[39m
[32m[Nest] 11172  - [39m08/06/2026, 2:23:14 PM [32m    LOG[39m [38;5;3m[RouterExplorer] [39m[32mMapped {/departments/:id, DELETE} route[39m[38;5;3m +1ms[39m
[32m[Nest] 11172  - [39m08/06/2026, 2:23:14 PM [32m    LOG[39m [38;5;3m[RoutesResolver] [39m[32mClassesController {/classes}:[39m[38;5;3m +0ms[39m
[32m[Nest] 11172  - [39m08/06/2026, 2:23:14 PM [32m    LOG[39m [38;5;3m[RouterExplorer] [39m[32mMapped {/classes, GET} route[39m[38;5;3m +1ms[39m
[32m[Nest] 11172  - [39m08/06/2026, 2:23:14 PM [32m    LOG[39m [38;5;3m[RouterExplorer] [39m[32mMapped {/classes/:id, GET} route[39m[38;5;3m +0ms[39m
[32m[Nest] 11172  - [39m08/06/2026, 2:23:14 PM [32m    LOG[39m [38;5;3m[RouterExplorer] [39m[32mMapped {/classes, POST} route[39m[38;5;3m +1ms[39m
[32m[Nest] 11172  - [39m08/06/2026, 2:23:14 PM [32m    LOG[39m [38;5;3m[RouterExplorer] [39m[32mMapped {/classes/:id, PATCH} route[39m[38;5;3m +0ms[39m
[32m[Nest] 11172  - [39m08/06/2026, 2:23:14 PM [32m    LOG[39m [38;5;3m[RouterExplorer] [39m[32mMapped {/classes/:id, DELETE} route[39m[38;5;3m +1ms[39m
[32m[Nest] 11172  - [39m08/06/2026, 2:23:14 PM [32m    LOG[39m [38;5;3m[RoutesResolver] [39m[32mStudentsController {/students}:[39m[38;5;3m +0ms[39m
[32m[Nest] 11172  - [39m08/06/2026, 2:23:14 PM [32m    LOG[39m [38;5;3m[RouterExplorer] [39m[32mMapped {/students/my-schedule, GET} route[39m[38;5;3m +1ms[39m
[32m[Nest] 11172  - [39m08/06/2026, 2:23:14 PM [32m    LOG[39m [38;5;3m[RouterExplorer] [39m[32mMapped {/students/my-curriculum, GET} route[39m[38;5;3m +0ms[39m
[32m[Nest] 11172  - [39m08/06/2026, 2:23:14 PM [32m    LOG[39m [38;5;3m[RouterExplorer] [39m[32mMapped {/students, GET} route[39m[38;5;3m +0ms[39m
[32m[Nest] 11172  - [39m08/06/2026, 2:23:14 PM [32m    LOG[39m [38;5;3m[RouterExplorer] [39m[32mMapped {/students/:id, GET} route[39m[38;5;3m +1ms[39m
[32m[Nest] 11172  - [39m08/06/2026, 2:23:14 PM [32m    LOG[39m [38;5;3m[RouterExplorer] [39m[32mMapped {/students, POST} route[39m[38;5;3m +0ms[39m
[32m[Nest] 11172  - [39m08/06/2026, 2:23:14 PM [32m    LOG[39m [38;5;3m[RouterExplorer] [39m[32mMapped {/students/:id, PATCH} route[39m[38;5;3m +0ms[39m
[32m[Nest] 11172  - [39m08/06/2026, 2:23:14 PM [32m    LOG[39m [38;5;3m[RouterExplorer] [39m[32mMapped {/students/:id, DELETE} route[39m[38;5;3m +1ms[39m
[32m[Nest] 11172  - [39m08/06/2026, 2:23:14 PM [32m    LOG[39m [38;5;3m[RoutesResolver] [39m[32mTeachersController {/teachers}:[39m[38;5;3m +1ms[39m
[32m[Nest] 11172  - [39m08/06/2026, 2:23:14 PM [32m    LOG[39m [38;5;3m[RouterExplorer] [39m[32mMapped {/teachers/my-assignments, GET} route[39m[38;5;3m +1ms[39m
[32m[Nest] 11172  - [39m08/06/2026, 2:23:14 PM [32m    LOG[39m [38;5;3m[RouterExplorer] [39m[32mMapped {/teachers/my-assignments/:id/status, PATCH} route[39m[38;5;3m +0ms[39m
[32m[Nest] 11172  - [39m08/06/2026, 2:23:14 PM [32m    LOG[39m [38;5;3m[RouterExplorer] [39m[32mMapped {/teachers/my-assignments/:id/attendance-sheet, GET} route[39m[38;5;3m +0ms[39m
[32m[Nest] 11172  - [39m08/06/2026, 2:23:14 PM [32m    LOG[39m [38;5;3m[RouterExplorer] [39m[32mMapped {/teachers, GET} route[39m[38;5;3m +0ms[39m
[32m[Nest] 11172  - [39m08/06/2026, 2:23:14 PM [32m    LOG[39m [38;5;3m[RouterExplorer] [39m[32mMapped {/teachers/:id/lock, POST} route[39m[38;5;3m +1ms[39m
[32m[Nest] 11172  - [39m08/06/2026, 2:23:14 PM [32m    LOG[39m [38;5;3m[RouterExplorer] [39m[32mMapped {/teachers/:id/unlock, POST} route[39m[38;5;3m +0ms[39m
[32m[Nest] 11172  - [39m08/06/2026, 2:23:14 PM [32m    LOG[39m [38;5;3m[RouterExplorer] [39m[32mMapped {/teachers/:id, GET} route[39m[38;5;3m +0ms[39m
[32m[Nest] 11172  - [39m08/06/2026, 2:23:14 PM [32m    LOG[39m [38;5;3m[RouterExplorer] [39m[32mMapped {/teachers, POST} route[39m[38;5;3m +1ms[39m
[32m[Nest] 11172  - [39m08/06/2026, 2:23:14 PM [32m    LOG[39m [38;5;3m[RouterExplorer] [39m[32mMapped {/teachers/:id, PATCH} route[39m[38;5;3m +1ms[39m
[32m[Nest] 11172  - [39m08/06/2026, 2:23:14 PM [32m    LOG[39m [38;5;3m[RouterExplorer] [39m[32mMapped {/teachers/:id, DELETE} route[39m[38;5;3m +0ms[39m
[32m[Nest] 11172  - [39m08/06/2026, 2:23:14 PM [32m    LOG[39m [38;5;3m[RoutesResolver] [39m[32mSubjectsController {/subjects}:[39m[38;5;3m +0ms[39m
[32m[Nest] 11172  - [39m08/06/2026, 2:23:14 PM [32m    LOG[39m [38;5;3m[RouterExplorer] [39m[32mMapped {/subjects, GET} route[39m[38;5;3m +1ms[39m
[32m[Nest] 11172  - [39m08/06/2026, 2:23:14 PM [32m    LOG[39m [38;5;3m[RouterExplorer] [39m[32mMapped {/subjects/:id, GET} route[39m[38;5;3m +0ms[39m
[32m[Nest] 11172  - [39m08/06/2026, 2:23:14 PM [32m    LOG[39m [38;5;3m[RouterExplorer] [39m[32mMapped {/subjects/:id/chapters, GET} route[39m[38;5;3m +1ms[39m
[32m[Nest] 11172  - [39m08/06/2026, 2:23:14 PM [32m    LOG[39m [38;5;3m[RouterExplorer] [39m[32mMapped {/subjects/:id/enrollments, GET} route[39m[38;5;3m +0ms[39m
[32m[Nest] 11172  - [39m08/06/2026, 2:23:14 PM [32m    LOG[39m [38;5;3m[RouterExplorer] [39m[32mMapped {/subjects/:id/enroll-students, POST} route[39m[38;5;3m +0ms[39m
[32m[Nest] 11172  - [39m08/06/2026, 2:23:14 PM [32m    LOG[39m [38;5;3m[RouterExplorer] [39m[32mMapped {/subjects, POST} route[39m[38;5;3m +0ms[39m
[32m[Nest] 11172  - [39m08/06/2026, 2:23:14 PM [32m    LOG[39m [38;5;3m[RouterExplorer] [39m[32mMapped {/subjects/:id, PATCH} route[39m[38;5;3m +1ms[39m
[32m[Nest] 11172  - [39m08/06/2026, 2:23:14 PM [32m    LOG[39m [38;5;3m[RouterExplorer] [39m[32mMapped {/subjects/:id, DELETE} route[39m[38;5;3m +0ms[39m
[32m[Nest] 11172  - [39m08/06/2026, 2:23:14 PM [32m    LOG[39m [38;5;3m[RoutesResolver] [39m[32mExamRoomsController {/exam-rooms}:[39m[38;5;3m +0ms[39m
[32m[Nest] 11172  - [39m08/06/2026, 2:23:14 PM [32m    LOG[39m [38;5;3m[RouterExplorer] [39m[32mMapped {/exam-rooms, GET} route[39m[38;5;3m +1ms[39m
[32m[Nest] 11172  - [39m08/06/2026, 2:23:14 PM [32m    LOG[39m [38;5;3m[RouterExplorer] [39m[32mMapped {/exam-rooms/:id, GET} route[39m[38;5;3m +1ms[39m
[32m[Nest] 11172  - [39m08/06/2026, 2:23:14 PM [32m    LOG[39m [38;5;3m[RouterExplorer] [39m[32mMapped {/exam-rooms/:id/lock, POST} route[39m[38;5;3m +0ms[39m
[32m[Nest] 11172  - [39m08/06/2026, 2:23:14 PM [32m    LOG[39m [38;5;3m[RouterExplorer] [39m[32mMapped {/exam-rooms/:id/unlock, POST} route[39m[38;5;3m +1ms[39m
[32m[Nest] 11172  - [39m08/06/2026, 2:23:14 PM [32m    LOG[39m [38;5;3m[RouterExplorer] [39m[32mMapped {/exam-rooms, POST} route[39m[38;5;3m +0ms[39m
[32m[Nest] 11172  - [39m08/06/2026, 2:23:14 PM [32m    LOG[39m [38;5;3m[RouterExplorer] [39m[32mMapped {/exam-rooms/:id, PATCH} route[39m[38;5;3m +0ms[39m
[32m[Nest] 11172  - [39m08/06/2026, 2:23:14 PM [32m    LOG[39m [38;5;3m[RouterExplorer] [39m[32mMapped {/exam-rooms/:id, DELETE} route[39m[38;5;3m +1ms[39m
[32m[Nest] 11172  - [39m08/06/2026, 2:23:14 PM [32m    LOG[39m [38;5;3m[RoutesResolver] [39m[32mExamPeriodsController {/exam-periods}:[39m[38;5;3m +0ms[39m
[32m[Nest] 11172  - [39m08/06/2026, 2:23:14 PM [32m    LOG[39m [38;5;3m[RouterExplorer] [39m[32mMapped {/exam-periods, GET} route[39m[38;5;3m +2ms[39m
[32m[Nest] 11172  - [39m08/06/2026, 2:23:14 PM [32m    LOG[39m [38;5;3m[RouterExplorer] [39m[32mMapped {/exam-periods/:id, GET} route[39m[38;5;3m +0ms[39m
[32m[Nest] 11172  - [39m08/06/2026, 2:23:14 PM [32m    LOG[39m [38;5;3m[RouterExplorer] [39m[32mMapped {/exam-periods, POST} route[39m[38;5;3m +1ms[39m
[32m[Nest] 11172  - [39m08/06/2026, 2:23:14 PM [32m    LOG[39m [38;5;3m[RouterExplorer] [39m[32mMapped {/exam-periods/:id, PATCH} route[39m[38;5;3m +0ms[39m
[32m[Nest] 11172  - [39m08/06/2026, 2:23:14 PM [32m    LOG[39m [38;5;3m[RouterExplorer] [39m[32mMapped {/exam-periods/:id, DELETE} route[39m[38;5;3m +1ms[39m
[32m[Nest] 11172  - [39m08/06/2026, 2:23:14 PM [32m    LOG[39m [38;5;3m[RouterExplorer] [39m[32mMapped {/exam-periods/:id/lock, POST} route[39m[38;5;3m +1ms[39m
[32m[Nest] 11172  - [39m08/06/2026, 2:23:14 PM [32m    LOG[39m [38;5;3m[RouterExplorer] [39m[32mMapped {/exam-periods/:id/unlock, POST} route[39m[38;5;3m +0ms[39m
[32m[Nest] 11172  - [39m08/06/2026, 2:23:14 PM [32m    LOG[39m [38;5;3m[RoutesResolver] [39m[32mExamSchedulesController {/exam-schedules}:[39m[38;5;3m +0ms[39m
[32m[Nest] 11172  - [39m08/06/2026, 2:23:14 PM [32m    LOG[39m [38;5;3m[RouterExplorer] [39m[32mMapped {/exam-schedules, GET} route[39m[38;5;3m +1ms[39m
[32m[Nest] 11172  - [39m08/06/2026, 2:23:14 PM [32m    LOG[39m [38;5;3m[RouterExplorer] [39m[32mMapped {/exam-schedules/conflicts, GET} route[39m[38;5;3m +3ms[39m
[32m[Nest] 11172  - [39m08/06/2026, 2:23:14 PM [32m    LOG[39m [38;5;3m[RouterExplorer] [39m[32mMapped {/exam-schedules/trash, GET} route[39m[38;5;3m +1ms[39m
[32m[Nest] 11172  - [39m08/06/2026, 2:23:14 PM [32m    LOG[39m [38;5;3m[RouterExplorer] [39m[32mMapped {/exam-schedules/auto-preview, POST} route[39m[38;5;3m +0ms[39m
[32m[Nest] 11172  - [39m08/06/2026, 2:23:14 PM [32m    LOG[39m [38;5;3m[RouterExplorer] [39m[32mMapped {/exam-schedules/auto-apply, POST} route[39m[38;5;3m +1ms[39m
[32m[Nest] 11172  - [39m08/06/2026, 2:23:14 PM [32m    LOG[39m [38;5;3m[RouterExplorer] [39m[32mMapped {/exam-schedules/:id/lock, POST} route[39m[38;5;3m +1ms[39m
[32m[Nest] 11172  - [39m08/06/2026, 2:23:14 PM [32m    LOG[39m [38;5;3m[RouterExplorer] [39m[32mMapped {/exam-schedules/:id/unlock, POST} route[39m[38;5;3m +1ms[39m
[32m[Nest] 11172  - [39m08/06/2026, 2:23:14 PM [32m    LOG[39m [38;5;3m[RouterExplorer] [39m[32mMapped {/exam-schedules/:id, GET} route[39m[38;5;3m +0ms[39m
[32m[Nest] 11172  - [39m08/06/2026, 2:23:14 PM [32m    LOG[39m [38;5;3m[RouterExplorer] [39m[32mMapped {/exam-schedules, POST} route[39m[38;5;3m +1ms[39m
[32m[Nest] 11172  - [39m08/06/2026, 2:23:14 PM [32m    LOG[39m [38;5;3m[RouterExplorer] [39m[32mMapped {/exam-schedules/:id, PATCH} route[39m[38;5;3m +0ms[39m
[32m[Nest] 11172  - [39m08/06/2026, 2:23:15 PM [32m    LOG[39m [38;5;3m[RouterExplorer] [39m[32mMapped {/exam-schedules/:id, DELETE} route[39m[38;5;3m +4ms[39m
[32m[Nest] 11172  - [39m08/06/2026, 2:23:15 PM [32m    LOG[39m [38;5;3m[RouterExplorer] [39m[32mMapped {/exam-schedules/:id/reopen-entry, POST} route[39m[38;5;3m +16ms[39m
[32m[Nest] 11172  - [39m08/06/2026, 2:23:15 PM [32m    LOG[39m [38;5;3m[RouterExplorer] [39m[32mMapped {/exam-schedules/:id/restore, POST} route[39m[38;5;3m +1ms[39m
[32m[Nest] 11172  - [39m08/06/2026, 2:23:15 PM [32m    LOG[39m [38;5;3m[RoutesResolver] [39m[32mExamArrangementController {/exam-arrangement}:[39m[38;5;3m +0ms[39m
[32m[Nest] 11172  - [39m08/06/2026, 2:23:15 PM [32m    LOG[39m [38;5;3m[RouterExplorer] [39m[32mMapped {/exam-arrangement/auto-arrange, POST} route[39m[38;5;3m +1ms[39m
[32m[Nest] 11172  - [39m08/06/2026, 2:23:15 PM [32m    LOG[39m [38;5;3m[RouterExplorer] [39m[32mMapped {/exam-arrangement/preview, POST} route[39m[38;5;3m +1ms[39m
[32m[Nest] 11172  - [39m08/06/2026, 2:23:15 PM [32m    LOG[39m [38;5;3m[RouterExplorer] [39m[32mMapped {/exam-arrangement/result, GET} route[39m[38;5;3m +1ms[39m
[32m[Nest] 11172  - [39m08/06/2026, 2:23:15 PM [32m    LOG[39m [38;5;3m[RouterExplorer] [39m[32mMapped {/exam-arrangement/room-availability, GET} route[39m[38;5;3m +1ms[39m
[32m[Nest] 11172  - [39m08/06/2026, 2:23:15 PM [32m    LOG[39m [38;5;3m[RouterExplorer] [39m[32mMapped {/exam-arrangement/reset/:examScheduleId, DELETE} route[39m[38;5;3m +1ms[39m
[32m[Nest] 11172  - [39m08/06/2026, 2:23:15 PM [32m    LOG[39m [38;5;3m[RouterExplorer] [39m[32mMapped {/exam-arrangement/history, GET} route[39m[38;5;3m +0ms[39m
[32m[Nest] 11172  - [39m08/06/2026, 2:23:15 PM [32m    LOG[39m [38;5;3m[RoutesResolver] [39m[32mExamSupervisorsController {/exam-supervisors}:[39m[38;5;3m +0ms[39m
[32m[Nest] 11172  - [39m08/06/2026, 2:23:15 PM [32m    LOG[39m [38;5;3m[RouterExplorer] [39m[32mMapped {/exam-supervisors/assign, POST} route[39m[38;5;3m +1ms[39m
[32m[Nest] 11172  - [39m08/06/2026, 2:23:15 PM [32m    LOG[39m [38;5;3m[RouterExplorer] [39m[32mMapped {/exam-supervisors/auto-preview, POST} route[39m[38;5;3m +7ms[39m
[32m[Nest] 11172  - [39m08/06/2026, 2:23:15 PM [32m    LOG[39m [38;5;3m[RouterExplorer] [39m[32mMapped {/exam-supervisors/auto-assign, POST} route[39m[38;5;3m +1ms[39m
[32m[Nest] 11172  - [39m08/06/2026, 2:23:15 PM [32m    LOG[39m [38;5;3m[RouterExplorer] [39m[32mMapped {/exam-supervisors, GET} route[39m[38;5;3m +1ms[39m
[32m[Nest] 11172  - [39m08/06/2026, 2:23:15 PM [32m    LOG[39m [38;5;3m[RouterExplorer] [39m[32mMapped {/exam-supervisors/:id/status, PATCH} route[39m[38;5;3m +1ms[39m
[32m[Nest] 11172  - [39m08/06/2026, 2:23:15 PM [32m    LOG[39m [38;5;3m[RouterExplorer] [39m[32mMapped {/exam-supervisors/:id, DELETE} route[39m[38;5;3m +4ms[39m
[32m[Nest] 11172  - [39m08/06/2026, 2:23:15 PM [32m    LOG[39m [38;5;3m[RoutesResolver] [39m[32mQuestionsController {/questions}:[39m[38;5;3m +1ms[39m
[32m[Nest] 11172  - [39m08/06/2026, 2:23:15 PM [32m    LOG[39m [38;5;3m[RouterExplorer] [39m[32mMapped {/questions, GET} route[39m[38;5;3m +1ms[39m
[32m[Nest] 11172  - [39m08/06/2026, 2:23:15 PM [32m    LOG[39m [38;5;3m[RouterExplorer] [39m[32mMapped {/questions/statistics, GET} route[39m[38;5;3m +0ms[39m
[32m[Nest] 11172  - [39m08/06/2026, 2:23:15 PM [32m    LOG[39m [38;5;3m[RouterExplorer] [39m[32mMapped {/questions/filter-options, GET} route[39m[38;5;3m +2ms[39m
[32m[Nest] 11172  - [39m08/06/2026, 2:23:15 PM [32m    LOG[39m [38;5;3m[RouterExplorer] [39m[32mMapped {/questions/import/template, GET} route[39m[38;5;3m +0ms[39m
[32m[Nest] 11172  - [39m08/06/2026, 2:23:15 PM [32m    LOG[39m [38;5;3m[RouterExplorer] [39m[32mMapped {/questions/media/preview, POST} route[39m[38;5;3m +1ms[39m
[32m[Nest] 11172  - [39m08/06/2026, 2:23:15 PM [32m    LOG[39m [38;5;3m[RouterExplorer] [39m[32mMapped {/questions/media/upload, POST} route[39m[38;5;3m +0ms[39m
[32m[Nest] 11172  - [39m08/06/2026, 2:23:15 PM [32m    LOG[39m [38;5;3m[RouterExplorer] [39m[32mMapped {/questions/media/:id, DELETE} route[39m[38;5;3m +3ms[39m
[32m[Nest] 11172  - [39m08/06/2026, 2:23:15 PM [32m    LOG[39m [38;5;3m[RouterExplorer] [39m[32mMapped {/questions/export, POST} route[39m[38;5;3m +1ms[39m
[32m[Nest] 11172  - [39m08/06/2026, 2:23:15 PM [32m    LOG[39m [38;5;3m[RouterExplorer] [39m[32mMapped {/questions/bulk-action, POST} route[39m[38;5;3m +0ms[39m
[32m[Nest] 11172  - [39m08/06/2026, 2:23:15 PM [32m    LOG[39m [38;5;3m[RouterExplorer] [39m[32mMapped {/questions/import/preview, POST} route[39m[38;5;3m +1ms[39m
[32m[Nest] 11172  - [39m08/06/2026, 2:23:15 PM [32m    LOG[39m [38;5;3m[RouterExplorer] [39m[32mMapped {/questions/import/confirm, POST} route[39m[38;5;3m +3ms[39m
[32m[Nest] 11172  - [39m08/06/2026, 2:23:15 PM [32m    LOG[39m [38;5;3m[RouterExplorer] [39m[32mMapped {/questions/ai-generate, POST} route[39m[38;5;3m +1ms[39m
[32m[Nest] 11172  - [39m08/06/2026, 2:23:15 PM [32m    LOG[39m [38;5;3m[RouterExplorer] [39m[32mMapped {/questions/ai-save, POST} route[39m[38;5;3m +0ms[39m
[32m[Nest] 11172  - [39m08/06/2026, 2:23:15 PM [32m    LOG[39m [38;5;3m[RouterExplorer] [39m[32mMapped {/questions/ai-extract-text, POST} route[39m[38;5;3m +0ms[39m
[32m[Nest] 11172  - [39m08/06/2026, 2:23:15 PM [32m    LOG[39m [38;5;3m[RouterExplorer] [39m[32mMapped {/questions, POST} route[39m[38;5;3m +1ms[39m
[32m[Nest] 11172  - [39m08/06/2026, 2:23:15 PM [32m    LOG[39m [38;5;3m[RouterExplorer] [39m[32mMapped {/questions/:id, GET} route[39m[38;5;3m +0ms[39m
[32m[Nest] 11172  - [39m08/06/2026, 2:23:15 PM [32m    LOG[39m [38;5;3m[RouterExplorer] [39m[32mMapped {/questions/:id, PATCH} route[39m[38;5;3m +0ms[39m
[32m[Nest] 11172  - [39m08/06/2026, 2:23:15 PM [32m    LOG[39m [38;5;3m[RouterExplorer] [39m[32mMapped {/questions/:id/duplicate, POST} route[39m[38;5;3m +1ms[39m
[32m[Nest] 11172  - [39m08/06/2026, 2:23:15 PM [32m    LOG[39m [38;5;3m[RouterExplorer] [39m[32mMapped {/questions/:id/submit, POST} route[39m[38;5;3m +0ms[39m
[32m[Nest] 11172  - [39m08/06/2026, 2:23:15 PM [32m    LOG[39m [38;5;3m[RouterExplorer] [39m[32mMapped {/questions/:id/approve, POST} route[39m[38;5;3m +0ms[39m
[32m[Nest] 11172  - [39m08/06/2026, 2:23:15 PM [32m    LOG[39m [38;5;3m[RouterExplorer] [39m[32mMapped {/questions/:id/reject, POST} route[39m[38;5;3m +1ms[39m
[32m[Nest] 11172  - [39m08/06/2026, 2:23:15 PM [32m    LOG[39m [38;5;3m[RouterExplorer] [39m[32mMapped {/questions/:id/archive, POST} route[39m[38;5;3m +0ms[39m
[32m[Nest] 11172  - [39m08/06/2026, 2:23:15 PM [32m    LOG[39m [38;5;3m[RouterExplorer] [39m[32mMapped {/questions/:id/restore, POST} route[39m[38;5;3m +0ms[39m
[32m[Nest] 11172  - [39m08/06/2026, 2:23:15 PM [32m    LOG[39m [38;5;3m[RouterExplorer] [39m[32mMapped {/questions/:id, DELETE} route[39m[38;5;3m +2ms[39m
[32m[Nest] 11172  - [39m08/06/2026, 2:23:15 PM [32m    LOG[39m [38;5;3m[RoutesResolver] [39m[32mExamPapersController {/exam-papers}:[39m[38;5;3m +0ms[39m
[32m[Nest] 11172  - [39m08/06/2026, 2:23:15 PM [32m    LOG[39m [38;5;3m[RouterExplorer] [39m[32mMapped {/exam-papers/create-random, POST} route[39m[38;5;3m +0ms[39m
[32m[Nest] 11172  - [39m08/06/2026, 2:23:15 PM [32m    LOG[39m [38;5;3m[RouterExplorer] [39m[32mMapped {/exam-papers/preview-random, POST} route[39m[38;5;3m +1ms[39m
[32m[Nest] 11172  - [39m08/06/2026, 2:23:15 PM [32m    LOG[39m [38;5;3m[RouterExplorer] [39m[32mMapped {/exam-papers, GET} route[39m[38;5;3m +0ms[39m
[32m[Nest] 11172  - [39m08/06/2026, 2:23:15 PM [32m    LOG[39m [38;5;3m[RouterExplorer] [39m[32mMapped {/exam-papers/:id, GET} route[39m[38;5;3m +0ms[39m
[32m[Nest] 11172  - [39m08/06/2026, 2:23:15 PM [32m    LOG[39m [38;5;3m[RouterExplorer] [39m[32mMapped {/exam-papers/:id/publish, POST} route[39m[38;5;3m +5ms[39m
[32m[Nest] 11172  - [39m08/06/2026, 2:23:15 PM [32m    LOG[39m [38;5;3m[RouterExplorer] [39m[32mMapped {/exam-papers/:id/archive, POST} route[39m[38;5;3m +1ms[39m
[32m[Nest] 11172  - [39m08/06/2026, 2:23:15 PM [32m    LOG[39m [38;5;3m[RouterExplorer] [39m[32mMapped {/exam-papers/:id/restore, POST} route[39m[38;5;3m +0ms[39m
[32m[Nest] 11172  - [39m08/06/2026, 2:23:15 PM [32m    LOG[39m [38;5;3m[RouterExplorer] [39m[32mMapped {/exam-papers/:id, DELETE} route[39m[38;5;3m +1ms[39m
[32m[Nest] 11172  - [39m08/06/2026, 2:23:15 PM [32m    LOG[39m [38;5;3m[RoutesResolver] [39m[32mDashboardController {/dashboard}:[39m[38;5;3m +0ms[39m
[32m[Nest] 11172  - [39m08/06/2026, 2:23:15 PM [32m    LOG[39m [38;5;3m[RouterExplorer] [39m[32mMapped {/dashboard/overview, GET} route[39m[38;5;3m +0ms[39m
[32m[Nest] 11172  - [39m08/06/2026, 2:23:15 PM [32m    LOG[39m [38;5;3m[RoutesResolver] [39m[32mOnlineExamsController {/online-exams}:[39m[38;5;3m +0ms[39m
[32m[Nest] 11172  - [39m08/06/2026, 2:23:15 PM [32m    LOG[39m [38;5;3m[RouterExplorer] [39m[32mMapped {/online-exams/schedule/:scheduleId/check-eligibility, GET} route[39m[38;5;3m +1ms[39m
[32m[Nest] 11172  - [39m08/06/2026, 2:23:15 PM [32m    LOG[39m [38;5;3m[RouterExplorer] [39m[32mMapped {/online-exams/schedule/:scheduleId/start, POST} route[39m[38;5;3m +0ms[39m
[32m[Nest] 11172  - [39m08/06/2026, 2:23:15 PM [32m    LOG[39m [38;5;3m[RouterExplorer] [39m[32mMapped {/online-exams/attempt/:token/questions, GET} route[39m[38;5;3m +0ms[39m
[32m[Nest] 11172  - [39m08/06/2026, 2:23:15 PM [32m    LOG[39m [38;5;3m[RouterExplorer] [39m[32mMapped {/online-exams/attempt/:token/answers/save, POST} route[39m[38;5;3m +0ms[39m
[32m[Nest] 11172  - [39m08/06/2026, 2:23:15 PM [32m    LOG[39m [38;5;3m[RouterExplorer] [39m[32mMapped {/online-exams/attempt/:token/heartbeat, POST} route[39m[38;5;3m +1ms[39m
[32m[Nest] 11172  - [39m08/06/2026, 2:23:15 PM [32m    LOG[39m [38;5;3m[RouterExplorer] [39m[32mMapped {/online-exams/attempt/:token/events, POST} route[39m[38;5;3m +0ms[39m
[32m[Nest] 11172  - [39m08/06/2026, 2:23:15 PM [32m    LOG[39m [38;5;3m[RouterExplorer] [39m[32mMapped {/online-exams/attempt/:token/submit, POST} route[39m[38;5;3m +1ms[39m
[32m[Nest] 11172  - [39m08/06/2026, 2:23:15 PM [32m    LOG[39m [38;5;3m[RouterExplorer] [39m[32mMapped {/online-exams/attempt/:attemptId/result, GET} route[39m[38;5;3m +1ms[39m
[32m[Nest] 11172  - [39m08/06/2026, 2:23:15 PM [32m    LOG[39m [38;5;3m[RouterExplorer] [39m[32mMapped {/online-exams/attempt/:attemptId/appeal, POST} route[39m[38;5;3m +0ms[39m
[32m[Nest] 11172  - [39m08/06/2026, 2:23:15 PM [32m    LOG[39m [38;5;3m[RouterExplorer] [39m[32mMapped {/online-exams/schedule/:scheduleId/grade-report, GET} route[39m[38;5;3m +0ms[39m
[32m[Nest] 11172  - [39m08/06/2026, 2:23:15 PM [32m    LOG[39m [38;5;3m[RoutesResolver] [39m[32mProctorController {/proctor}:[39m[38;5;3m +0ms[39m
[32m[Nest] 11172  - [39m08/06/2026, 2:23:15 PM [32m    LOG[39m [38;5;3m[RouterExplorer] [39m[32mMapped {/proctor/live-dashboard/:scheduleRoomId, GET} route[39m[38;5;3m +1ms[39m
[32m[Nest] 11172  - [39m08/06/2026, 2:23:15 PM [32m    LOG[39m [38;5;3m[RouterExplorer] [39m[32mMapped {/proctor/attempt/:attemptId/extend-time, POST} route[39m[38;5;3m +0ms[39m
[32m[Nest] 11172  - [39m08/06/2026, 2:23:15 PM [32m    LOG[39m [38;5;3m[RouterExplorer] [39m[32mMapped {/proctor/attempt/:attemptId/reopen, POST} route[39m[38;5;3m +1ms[39m
[32m[Nest] 11172  - [39m08/06/2026, 2:23:15 PM [32m    LOG[39m [38;5;3m[RouterExplorer] [39m[32mMapped {/proctor/attempt/:attemptId/flag-incident, POST} route[39m[38;5;3m +1ms[39m
[32m[Nest] 11172  - [39m08/06/2026, 2:23:15 PM [32m    LOG[39m [38;5;3m[RouterExplorer] [39m[32mMapped {/proctor/attempt/:attemptId/resolve-incident, POST} route[39m[38;5;3m +1ms[39m
[32m[Nest] 11172  - [39m08/06/2026, 2:23:15 PM [32m    LOG[39m [38;5;3m[RoutesResolver] [39m[32mEssayController {/essay}:[39m[38;5;3m +0ms[39m
[32m[Nest] 11172  - [39m08/06/2026, 2:23:15 PM [32m    LOG[39m [38;5;3m[RouterExplorer] [39m[32mMapped {/essay/questions/:questionId/rubric, GET} route[39m[38;5;3m +0ms[39m
[32m[Nest] 11172  - [39m08/06/2026, 2:23:15 PM [32m    LOG[39m [38;5;3m[RouterExplorer] [39m[32mMapped {/essay/questions/:questionId/rubric, POST} route[39m[38;5;3m +1ms[39m
[32m[Nest] 11172  - [39m08/06/2026, 2:23:15 PM [32m    LOG[39m [38;5;3m[RouterExplorer] [39m[32mMapped {/essay/grading/assignments, GET} route[39m[38;5;3m +0ms[39m
[32m[Nest] 11172  - [39m08/06/2026, 2:23:15 PM [32m    LOG[39m [38;5;3m[RouterExplorer] [39m[32mMapped {/essay/grading/attempts/:attemptId, GET} route[39m[38;5;3m +0ms[39m
[32m[Nest] 11172  - [39m08/06/2026, 2:23:15 PM [32m    LOG[39m [38;5;3m[RouterExplorer] [39m[32mMapped {/essay/grading/answers/:answerId, PATCH} route[39m[38;5;3m +0ms[39m
[32m[Nest] 11172  - [39m08/06/2026, 2:23:15 PM [32m    LOG[39m [38;5;3m[RouterExplorer] [39m[32mMapped {/essay/grading/attempts/:attemptId/submit, POST} route[39m[38;5;3m +0ms[39m
[32m[Nest] 11172  - [39m08/06/2026, 2:23:15 PM [32m    LOG[39m [38;5;3m[RouterExplorer] [39m[32mMapped {/essay/grading/attempts/:attemptId/approve, POST} route[39m[38;5;3m +1ms[39m
[32m[Nest] 11172  - [39m08/06/2026, 2:23:15 PM [32m    LOG[39m [38;5;3m[RouterExplorer] [39m[32mMapped {/essay/grading/attempts/:attemptId/publish, POST} route[39m[38;5;3m +0ms[39m
[32m[Nest] 11172  - [39m08/06/2026, 2:23:15 PM [32m    LOG[39m [38;5;3m[RouterExplorer] [39m[32mMapped {/essay/grading/attempts/:attemptId/reopen, POST} route[39m[38;5;3m +0ms[39m
[32m[Nest] 11172  - [39m08/06/2026, 2:23:15 PM [32m    LOG[39m [38;5;3m[RouterExplorer] [39m[32mMapped {/essay/grading/attempts/:attemptId/extend-time, POST} route[39m[38;5;3m +0ms[39m
[32m[Nest] 11172  - [39m08/06/2026, 2:23:15 PM [32m    LOG[39m [38;5;3m[RouterExplorer] [39m[32mMapped {/essay/grading/attempts/:attemptId/penalty, POST} route[39m[38;5;3m +1ms[39m
[32m[Nest] 11172  - [39m08/06/2026, 2:23:15 PM [32m    LOG[39m [38;5;3m[RouterExplorer] [39m[32mMapped {/essay/attempt/:token/answers/:questionId/files, POST} route[39m[38;5;3m +0ms[39m
[32m[Nest] 11172  - [39m08/06/2026, 2:23:15 PM [32m    LOG[39m [38;5;3m[RoutesResolver] [39m[32mEssayGradingController {/essay-grading}:[39m[38;5;3m +0ms[39m
[32m[Nest] 11172  - [39m08/06/2026, 2:23:15 PM [32m    LOG[39m [38;5;3m[RouterExplorer] [39m[32mMapped {/essay-grading/assignments, GET} route[39m[38;5;3m +1ms[39m
[32m[Nest] 11172  - [39m08/06/2026, 2:23:15 PM [32m    LOG[39m [38;5;3m[RouterExplorer] [39m[32mMapped {/essay-grading/attempts/:attemptId, GET} route[39m[38;5;3m +0ms[39m
[32m[Nest] 11172  - [39m08/06/2026, 2:23:15 PM [32m    LOG[39m [38;5;3m[RouterExplorer] [39m[32mMapped {/essay-grading/answers/:answerId, PATCH} route[39m[38;5;3m +1ms[39m
[32m[Nest] 11172  - [39m08/06/2026, 2:23:15 PM [32m    LOG[39m [38;5;3m[RouterExplorer] [39m[32mMapped {/essay-grading/answers/:answerId/ai-suggest, POST} route[39m[38;5;3m +43ms[39m
[32m[Nest] 11172  - [39m08/06/2026, 2:23:15 PM [32m    LOG[39m [38;5;3m[RouterExplorer] [39m[32mMapped {/essay-grading/attempts/:attemptId/submit, POST} route[39m[38;5;3m +1ms[39m
[32m[Nest] 11172  - [39m08/06/2026, 2:23:15 PM [32m    LOG[39m [38;5;3m[RouterExplorer] [39m[32mMapped {/essay-grading/attempts/:attemptId/approve, POST} route[39m[38;5;3m +2ms[39m
[32m[Nest] 11172  - [39m08/06/2026, 2:23:15 PM [32m    LOG[39m [38;5;3m[RouterExplorer] [39m[32mMapped {/essay-grading/attempts/:attemptId/publish, POST} route[39m[38;5;3m +0ms[39m
[32m[Nest] 11172  - [39m08/06/2026, 2:23:15 PM [32m    LOG[39m [38;5;3m[RouterExplorer] [39m[32mMapped {/essay-grading/attempts/:attemptId/reopen, POST} route[39m[38;5;3m +1ms[39m
[32m[Nest] 11172  - [39m08/06/2026, 2:23:15 PM [32m    LOG[39m [38;5;3m[RouterExplorer] [39m[32mMapped {/essay-grading/attempts/:attemptId/extend-time, POST} route[39m[38;5;3m +1ms[39m
[32m[Nest] 11172  - [39m08/06/2026, 2:23:15 PM [32m    LOG[39m [38;5;3m[RouterExplorer] [39m[32mMapped {/essay-grading/attempts/:attemptId/penalty, POST} route[39m[38;5;3m +5ms[39m
[32m[Nest] 11172  - [39m08/06/2026, 2:23:15 PM [32m    LOG[39m [38;5;3m[RoutesResolver] [39m[32mEssayConfigController {/online-exam-config}:[39m[38;5;3m +0ms[39m
[32m[Nest] 11172  - [39m08/06/2026, 2:23:15 PM [32m    LOG[39m [38;5;3m[RouterExplorer] [39m[32mMapped {/online-exam-config/:scheduleId/essay, PATCH} route[39m[38;5;3m +4ms[39m
[32m[Nest] 11172  - [39m08/06/2026, 2:23:15 PM [32m    LOG[39m [38;5;3m[RoutesResolver] [39m[32mContactController {/contact}:[39m[38;5;3m +1ms[39m
[32m[Nest] 11172  - [39m08/06/2026, 2:23:15 PM [32m    LOG[39m [38;5;3m[RouterExplorer] [39m[32mMapped {/contact/send, POST} route[39m[38;5;3m +1ms[39m
[32m[Nest] 11172  - [39m08/06/2026, 2:23:15 PM [32m    LOG[39m [38;5;3m[RoutesResolver] [39m[32mAiController {/ai}:[39m[38;5;3m +0ms[39m
[32m[Nest] 11172  - [39m08/06/2026, 2:23:15 PM [32m    LOG[39m [38;5;3m[RouterExplorer] [39m[32mMapped {/ai/status, GET} route[39m[38;5;3m +0ms[39m
[32m[Nest] 11172  - [39m08/06/2026, 2:23:15 PM [32m    LOG[39m [38;5;3m[RouterExplorer] [39m[32mMapped {/ai/grade-essay, POST} route[39m[38;5;3m +0ms[39m
[32m[Nest] 11172  - [39m08/06/2026, 2:23:15 PM [32m    LOG[39m [38;5;3m[RouterExplorer] [39m[32mMapped {/ai/generate-questions, POST} route[39m[38;5;3m +1ms[39m
[32m[Nest] 11172  - [39m08/06/2026, 2:23:15 PM [32m    LOG[39m [38;5;3m[NestApplication] [39m[32mNest application successfully started[39m[38;5;3m +218ms[39m
[31m[Nest] 11172  - [39m08/06/2026, 2:23:15 PM [31m  ERROR[39m [38;5;3m[NestApplication] [39m[31mError: listen EADDRINUSE: address already in use :::3001[39m[38;5;3m +6ms[39m
node:net:2009
    const ex = new UVExceptionWithHostPort(err, 'listen', address, port);
               ^

Error: listen EADDRINUSE: address already in use :::3001
    at Server.setupListenHandle [as _listen2] (node:net:2009:16)
    at listenInCluster (node:net:2066:12)
    at Server.listen (node:net:2171:7)
    at ExpressAdapter.listen (C:\Users\loiho\.gemini\antigravity-ide\scratch\exam-management\backend\node_modules\@nestjs\platform-express\adapters\express-adapter.js:95:32)
    at C:\Users\loiho\.gemini\antigravity-ide\scratch\exam-management\backend\node_modules\@nestjs\core\nest-application.js:183:30
    at new Promise (<anonymous>)
    at NestApplication.listen (C:\Users\loiho\.gemini\antigravity-ide\scratch\exam-management\backend\node_modules\@nestjs\core\nest-application.js:173:16)
    at async bootstrap (C:\Users\loiho\.gemini\antigravity-ide\scratch\exam-management\backend\src\main.ts:41:3) {
  code: 'EADDRINUSE',
  errno: -4091,
  syscall: 'listen',
  address: '::',
  port: 3001
}

Node.js v24.18.1
